# Blender 4.0.2
# www.blender.org
mtllib boat.mtl
o boat
v 118.823212 48.980499 -19.440737
v 88.151756 74.154388 -87.783760
v 125.246384 68.348366 -87.082527
v 286.374542 -8.209270 -70.118233
v -185.938766 56.116932 -22.291672
v -191.752274 30.678572 -21.337814
v -190.001129 66.126900 -59.790413
v 247.899643 27.500032 -87.282013
v 3.057628 76.812531 -87.571236
v 294.380951 -3.907587 -82.953217
v -81.623665 28.966002 -17.050798
v 44.663216 21.771759 -14.121151
v 136.611816 16.570202 -17.157650
v 182.018631 -9.967605 -15.866755
v 197.242294 11.008169 -27.760218
v 172.886978 36.789307 -25.235102
v 251.320541 -0.258616 -47.851177
v -193.712494 11.554666 -16.152876
v 33.920223 58.571976 -17.912167
v 244.575806 14.521304 -46.560425
v 270.827698 3.312250 -60.389114
v 211.507462 26.294779 -34.217949
v -201.598099 10.401482 -87.610222
v -193.317810 72.405304 -87.620560
v 83.325218 -9.697826 -6.138498
v 212.560532 -9.620793 -25.769648
v -81.650444 58.170918 -19.172798
v 124.800972 71.208626 -95.900932
v 203.125076 49.725952 -96.360512
v 301.640167 -9.760401 -82.505257
v 307.944550 -8.456683 -89.650337
v -200.000534 38.419201 -87.829559
v 293.954437 3.383749 -91.518921
v 259.317474 24.793489 -95.099960
v -163.895538 76.224709 -96.046722
v -160.864197 75.578667 -96.340820
v 18.973602 77.783508 -87.875397
v 148.757996 63.988758 -87.777618
v 202.290161 47.224407 -88.003960
v 272.447510 14.100014 -85.520531
v 200.408691 49.168941 -88.228806
v 192.562042 53.445866 -98.570137
v 172.188446 60.131893 -96.057198
v 142.307205 -9.919779 -9.470138
v 84.505539 76.770889 -95.955002
v 202.305969 29.076807 -99.361549
v 146.588196 44.654716 -99.358879
v 235.756729 6.842017 -99.310349
v 89.297508 49.953068 -108.531502
v 139.292648 42.148163 -105.821877
v 123.937393 -3.566998 -107.272758
v 264.907379 -8.865226 -97.852158
v 224.312683 2.132316 -98.296318
v 218.651108 -4.556882 -98.906960
v 186.304062 20.280510 -102.465141
v 223.625931 1.140347 -100.361855
v 218.743546 -4.673644 -100.761368
v 124.480782 -3.436254 -105.139679
v 130.773972 27.115593 -105.109627
v 174.543243 21.627562 -101.382797
v 235.231613 6.919142 -97.389023
v 131.369125 27.435482 -106.842316
v 258.699219 21.681515 -97.563301
v 286.291016 5.553768 -94.945778
v 306.333099 -9.859504 -92.379372
v 167.390762 56.572132 -98.838097
v 216.529465 40.057590 -98.775520
v 64.768417 73.483871 -98.804337
v 37.350281 79.029739 -96.081490
v -195.081680 69.821144 -98.794060
v -202.458572 34.102451 -96.110092
v -196.867630 59.798035 -98.769264
v -196.952911 59.841091 -96.353416
v 271.466644 18.374266 -96.328812
v 308.280518 -9.709300 -91.984787
v 111.428230 72.090744 -98.189018
v 43.914543 78.596443 -98.326172
v -194.121185 74.720642 -98.273010
v -194.663712 74.573715 -96.051949
v 67.994858 61.154594 -98.823708
v -196.000259 27.020439 -97.657883
v -194.870895 31.358101 -97.585243
v -190.296112 59.510662 -96.689514
v -193.895279 73.420456 -88.039803
v -131.118073 12.730904 -98.857491
v -156.871384 9.108427 -96.900627
v -179.512360 3.538876 -97.987473
v -180.341156 4.408128 -97.963852
v -180.282104 3.197587 -96.495842
v -131.317276 13.813415 -98.997124
v -130.569748 13.388308 -97.262344
v -195.376312 -38.695026 -97.801643
v 112.306984 -9.684426 -108.685463
v 83.818008 54.386368 -99.133575
v 107.209213 20.927811 -108.659409
v -75.666412 67.765869 -53.711044
v -117.134644 61.828598 -98.774117
v 100.730309 35.078983 -108.876740
v 106.551727 10.255785 -97.675613
v 88.510986 43.310734 -98.521065
v 98.826805 32.713661 -97.689766
v 58.349709 61.963566 -101.608208
v 93.525673 35.364330 -100.749565
v 99.785942 20.775597 -97.720749
v 102.906700 8.149046 -100.350441
v 105.106300 -12.395906 -100.294930
v 56.950603 59.278149 -102.012260
v 75.317245 55.930599 -101.680695
v 65.056938 1.148694 -139.304260
v 39.403511 54.101246 -121.384987
v 34.250938 60.765713 -102.102577
v 82.702225 19.358315 -117.916885
v 92.011787 33.556339 -101.113586
v 102.905548 -10.037225 -100.635246
v 73.747246 53.421272 -102.042389
v 72.521805 37.493065 -119.517456
v 63.562328 52.420898 -112.625793
v 59.634754 23.534496 -138.563110
v 58.667843 23.378889 -135.948471
v 52.068954 36.577026 -133.645203
v 48.411564 43.290852 -129.379471
v 80.914581 41.857750 -101.373123
v 93.435005 19.783482 -100.482788
v 73.500687 31.078716 -118.911461
v 64.037445 50.117348 -112.644142
v 69.834236 51.913513 -102.049034
v 61.641777 55.442436 -101.858162
v 60.454807 6.824647 -138.052460
v 38.885029 52.184143 -119.796295
v 40.483574 51.594460 -126.159698
v 64.133804 -8.624520 -140.753159
v 54.500557 35.760220 -136.218063
v 49.112148 45.058685 -130.717941
v 32.244720 57.558014 -97.225273
v 34.686699 56.187382 -108.865219
v 32.350086 59.374069 -108.465080
v 36.187584 52.547153 -120.443527
v 32.157333 60.860271 -102.016624
v 34.900764 57.566914 -101.685127
v 87.027512 31.937675 -100.144188
v 93.665672 15.069397 -99.738846
v 32.374729 62.854210 -101.560196
v 31.008905 62.149158 -98.683098
v -99.524597 4.482045 -11.336972
v -106.798531 43.695183 -98.677399
v -123.796288 60.976429 -97.706520
v -128.638290 27.583723 -98.698753
v -128.757111 33.426254 -97.242905
v -124.707458 60.283112 -98.146057
v 31.578245 62.902996 -97.326683
v -122.822090 60.652771 -98.725845
v -95.411102 62.117977 -97.434074
v 31.960485 63.118214 -98.719902
v -72.656540 56.053638 -98.628822
v 31.203928 57.616535 -98.562889
v -94.621559 50.615788 -98.571617
v -106.448769 44.323959 -98.624458
v -107.338875 44.711903 -96.933220
v -110.071709 14.925352 -98.681610
v -106.775475 44.176060 -47.677502
v 67.909187 53.450191 -92.629951
v 71.880539 56.175026 -81.994957
v 82.106117 41.566284 -92.852875
v 98.100723 -16.313004 -92.310501
v 93.798843 17.125076 -91.737022
v -110.031830 12.048024 -47.671005
v -64.135216 56.793102 -47.591339
v -90.159599 52.261093 -47.434113
v 116.371696 55.516678 -85.512932
v 118.805206 14.843085 -86.474800
v 43.010597 57.011917 -47.231487
v 119.038086 -9.642926 -46.933334
v 116.859467 56.451908 -47.042835
v 90.814026 52.006702 -90.776955
v 115.693649 51.559898 -90.185188
v 119.123550 7.663228 -44.886589
v 119.241180 7.607384 -97.968887
v 31.014488 7.681791 -71.606064
v 63.354313 -1.700630 -95.622559
v 50.297462 -4.772464 -107.900681
v 50.418888 7.190842 -100.533600
v 51.611832 6.180474 -95.647293
v 55.756428 6.579808 -95.605515
v 60.848602 -2.855984 -103.655304
v 30.869772 7.576994 -44.904011
v 48.348492 7.629345 -98.036110
v 50.792553 5.816160 -100.486221
v 51.565166 -5.924546 -107.186241
v 50.302460 -5.924372 -107.266365
v 64.785812 -14.756295 -95.628540
v 50.256378 6.666221 -95.557396
v 119.231201 -27.261276 -98.021980
v -194.031586 -92.666061 -88.072830
v 106.857811 -91.506447 -87.668388
v 28.164679 -78.272202 -17.912678
v -191.658386 -50.372952 -21.275036
v -189.543396 -85.037582 -56.781929
v 161.449249 -80.298126 -87.827072
v 208.036545 -64.909081 -88.092751
v 299.759552 -10.013897 -82.537590
v -78.761528 -29.276558 -12.477815
v 50.279644 -42.999901 -14.511143
v 99.848991 -71.537308 -18.831692
v 138.269516 -35.874168 -17.415632
v 198.028717 -30.721727 -27.822836
v 149.156570 -62.182777 -21.962244
v -202.550140 10.570049 -87.979080
v 255.272659 -18.686029 -50.096912
v 272.789917 -34.632381 -85.575600
v -77.190712 -86.908295 -51.555870
v -185.986771 -75.745659 -22.265587
v -193.714371 -31.888464 -16.425892
v 240.925354 -35.930923 -44.728863
v 195.231781 -50.563503 -29.596107
v 272.789154 -22.108545 -61.668114
v -72.730759 -53.316872 -17.225872
v -194.192581 -9.748373 -7.166937
v 129.696182 -89.920952 -95.830719
v 207.746964 -67.927887 -96.236351
v 275.161163 -35.884186 -93.775711
v -200.859818 -46.802246 -87.554176
v -148.378815 -94.526039 -88.036087
v -194.781082 -94.763710 -95.969269
v 31.164658 -96.709267 -87.823067
v 307.828003 -11.840787 -89.634384
v 232.987228 -56.175026 -96.398346
v 177.528732 -78.060120 -96.171959
v 76.635719 -97.055107 -95.970505
v -194.060959 -94.456711 -96.334816
v -201.738495 -49.457695 -87.949203
v -193.320969 -92.068054 -87.676590
v 81.192871 -94.289734 -87.775833
v 209.408508 -65.367065 -88.327339
v 2.952703 -99.045349 -96.020042
v -73.922867 -95.098145 -87.671341
v 268.871887 -36.042801 -85.981750
v 255.133987 -45.798298 -97.311462
v 284.792664 -28.698881 -94.766113
v 190.107208 -70.072372 -98.771156
v 199.503540 -49.681339 -99.411415
v 146.832733 -60.323288 -105.258148
v 89.327972 -69.601624 -108.559387
v 145.027084 -64.838737 -99.091187
v 124.458397 -16.094313 -105.185287
v 224.308273 -21.762331 -98.294945
v 218.658890 -15.097507 -98.904228
v 218.842117 -15.022412 -100.858009
v 130.831161 -46.990349 -106.937683
v 124.392792 -15.895434 -107.169907
v 224.505005 -21.698111 -100.231934
v 191.370682 -38.435844 -100.155205
v 235.084412 -26.340096 -97.431343
v 130.825302 -46.870842 -105.099052
v 109.464943 -30.969603 -108.867516
v 188.208282 -39.602715 -102.343895
v 235.635590 -26.419258 -99.265305
v 271.222931 -34.963173 -96.681839
v 249.099335 -9.724785 -42.914669
v 257.415955 -45.482346 -95.224945
v 235.513229 -51.112492 -98.628799
v 9.055433 -93.876350 -98.954338
v 50.821972 -98.137230 -98.272614
v 95.273415 -90.154449 -98.677666
v -190.622177 -79.218414 -97.163445
v -196.967453 -79.485237 -96.334442
v -196.877823 -79.503296 -98.747169
v 141.075165 -86.649994 -98.119034
v 198.392548 -70.529686 -98.523102
v -194.031815 -94.385887 -98.279198
v 83.782684 -74.058525 -99.084023
v 58.460705 -81.827003 -98.838074
v -87.513908 -77.734398 -19.379744
v -131.060379 -32.360909 -98.925812
v -116.137314 -81.493568 -98.774406
v -195.473785 -46.589676 -96.862328
v -125.171776 -79.846878 -98.405991
v -190.327957 -79.040390 -96.553413
v -180.280106 -22.862289 -96.497993
v -156.950775 -28.737509 -96.901787
v -181.628616 -22.609661 -97.973686
v -203.297882 -47.104195 -96.107964
v -181.464722 -9.780046 -96.875282
v -179.503754 -23.143028 -98.007240
v -130.772858 -33.039097 -97.382500
v -130.999405 -34.076733 -98.889061
v -195.351913 -52.089851 -97.608124
v 103.221458 -51.085125 -108.846878
v 33.583794 -98.104630 -96.360580
v -195.116119 -89.350266 -98.768211
v 97.823296 -54.319199 -98.019577
v 104.543724 -37.291069 -97.624557
v 108.470360 -13.083797 -97.437744
v 31.954069 -82.770340 -98.720848
v 96.433556 -49.744427 -97.791687
v 106.005234 -12.717401 -97.455154
v 77.836792 -74.515419 -98.979462
v 60.114586 -81.178406 -101.691711
v 87.638420 -63.375870 -101.373161
v 98.487823 -43.574146 -100.382950
v 76.299080 -74.820801 -101.620972
v 56.831154 -78.943207 -102.004051
v 35.501198 -76.245720 -117.256332
v 61.692837 -72.216759 -113.646233
v 94.031258 -48.280853 -100.907181
v 84.878860 -22.351553 -119.854927
v 41.087505 -71.650307 -125.583336
v 74.895233 -54.208828 -119.677567
v 76.267075 -71.857544 -102.001991
v 83.696579 -5.844925 -118.913170
v 55.664421 -76.157684 -101.634117
v 96.051086 -29.743704 -100.441811
v 79.308098 -37.480362 -118.186562
v 51.913216 -56.348835 -133.508545
v 87.737022 -50.770012 -100.701645
v 39.808914 -71.478119 -120.317215
v 35.227673 -75.554581 -110.310852
v 69.751541 -56.554665 -119.092003
v 61.063679 -68.874596 -114.981407
v 45.834740 -68.105576 -128.241867
v 32.210152 -82.457397 -101.586777
v 63.345497 -20.251194 -137.233963
v 56.526001 -46.772499 -135.845825
v 64.607849 -24.627977 -139.308228
v 58.497421 -49.514355 -136.476196
v 34.201756 -77.075783 -101.616028
v 45.925087 -65.326942 -127.510017
v 37.355087 -71.189857 -121.993080
v 61.065903 -21.855282 -138.538086
v 32.424587 -77.075386 -106.114441
v 58.485592 -44.168793 -138.700180
v 32.043163 -80.595291 -102.093422
v 98.389198 -6.718932 -100.367683
v 80.788452 -61.514263 -101.345718
v 70.958466 -71.000351 -101.652023
v 97.642593 -9.823137 -99.650024
v 93.665489 -34.716305 -99.738411
v 52.110119 -59.301403 -134.690689
v 34.591789 -80.359566 -102.036919
v -129.226151 -50.095123 -97.303307
v -129.300247 -39.399616 -98.767181
v -122.894394 -80.407097 -98.716591
v 31.723354 -82.562668 -97.331291
v 32.337803 -77.066772 -97.428528
v 31.115810 -77.159180 -98.421921
v -123.939476 -80.655281 -97.582077
v -107.329361 -64.363174 -97.003479
v -62.080585 -76.673088 -98.730911
v -90.500671 -71.907593 -98.565666
v -106.473213 -63.995098 -98.603630
v -109.724190 -43.697361 -98.602264
v -106.704735 -63.213593 -98.699776
v 70.290588 -75.688492 -85.455017
v 71.370171 -70.823929 -93.046921
v 87.081917 -52.887039 -92.835335
v 31.026031 -81.760696 -98.673035
v -109.963097 -31.713812 -47.634651
v -89.982910 -71.938393 -47.422470
v -106.697144 -63.814667 -47.674881
v 117.584602 -67.169777 -86.750008
v -64.215805 -76.451744 -47.543411
v 15.131225 -77.180206 -47.543369
v 116.871315 -76.039940 -47.042850
v 61.919189 -76.134438 -46.960182
v 115.690186 -75.932434 -80.533997
v 117.689651 -35.897842 -89.241798
v 101.460884 -27.745552 -90.066116
v 115.242157 -71.643341 -90.532814
v 119.299492 -27.245813 -44.953762
v 30.897995 -27.333450 -70.984299
v 31.044842 -27.289135 -44.850067
v 60.560520 -16.650970 -104.045471
v 50.302349 -17.507235 -107.110039
v 57.820122 -24.850962 -95.644295
v 50.244473 -26.314550 -95.562492
v 51.608620 -26.191544 -95.614136
v 50.461609 -27.002426 -100.101776
v 48.266190 -27.312548 -97.975098
v 50.659710 -25.484932 -100.427460
v 51.211571 -17.730482 -105.716438
v 39.445934 -4.720741 -105.995468
v 35.666874 0.790657 -102.070312
v 36.791000 -2.530153 -100.776604
v 33.556599 7.647198 -95.360931
v 28.181328 7.057700 -89.323997
v 33.773952 2.507720 -95.787666
v 22.650463 0.440956 -80.619095
v 28.939159 2.377599 -86.217018
v 22.712433 -3.423301 -76.107079
v 25.092880 -0.563880 -82.607140
v 20.854424 -13.844951 -76.882889
v 23.945620 -13.572402 -80.232323
v 25.862209 -25.477671 -85.211235
v 31.448395 -28.379761 -90.477333
v 34.442677 -24.369663 -99.385246
v 33.780067 -22.077333 -96.146538
v 29.974937 -23.949963 -91.287376
v 38.288795 -13.647299 -105.883553
v 39.575886 -18.288830 -104.711342
v 37.770004 -10.015881 -103.553391
v 36.872028 -17.091389 -100.884781
v 28.331881 -11.881115 -88.009705
v 32.400585 -12.047420 -94.587906
v 24.079653 -6.035377 -80.118660
v 28.504763 -13.239841 -89.783897
v 27.526846 -9.844833 -88.112152
v 28.537968 -6.352838 -89.859528
v 30.175102 -5.475971 -92.096825
v 30.333099 -14.227977 -92.126022
v 28.488594 -7.701862 -88.161118
v 32.214958 -7.479742 -94.681358
v 41.823006 -8.434051 -105.721733
v 42.163555 -3.740707 -103.059761
v 40.556286 -6.927862 -101.402107
v 38.950840 3.553448 -101.015594
v 38.518311 2.717602 -96.699760
v 27.012672 6.093887 -82.608452
v 33.711357 7.311875 -89.045441
v 33.500748 4.170500 -90.099251
v 26.596182 0.341038 -77.717598
v 27.029005 -2.727061 -79.568909
v 25.450644 -11.252755 -75.181732
v 26.494080 -22.323090 -78.510292
v 27.868361 -19.693918 -80.546951
v 25.225819 -18.437534 -82.258858
v 35.013050 -25.971560 -90.903564
v 30.548447 -22.757063 -87.600716
v 36.725105 -26.276165 -96.881180
v 35.607876 -22.174711 -94.797180
v 41.532078 -18.451532 -102.077736
v 38.719254 -17.107100 -99.525597
v 39.295898 -12.642008 -101.380035
v 30.983459 -11.767288 -86.262505
v 25.970711 -13.576327 -79.143410
v 35.121941 -12.255198 -92.966949
v 35.602291 2.546390 -94.751312
v 33.393219 -5.336758 -90.139816
v 25.923178 -6.046093 -79.078537
v 32.745533 -13.360633 -87.446411
v 35.933479 -9.957808 -92.744446
v 35.169403 -12.980107 -91.413658
v 33.069153 -14.173528 -89.840073
v 38.558605 -2.560181 -99.638237
v 31.090456 -7.675048 -86.590111
v 31.803608 -8.748397 -85.989311
v 31.936632 -10.514802 -95.394547
v 27.705250 -9.553386 -91.360619
v 28.565161 -10.329632 -93.339905
v 34.363480 -5.991189 -90.128777
v 35.427437 -7.694735 -92.402908
v 32.612564 -6.447343 -87.357178
v 45.860222 -13.447951 -80.139885
v 47.683357 -13.109278 -83.097435
v 48.716805 -10.022215 -84.806129
v 46.866154 -5.633080 -81.747940
v 44.574135 -9.595469 -78.040054
v -18.615288 1.671064 -73.167175
v 6.672863 1.899148 -72.676559
v -24.648397 -25.575195 -101.655403
v -24.534883 2.089826 -101.695717
v -6.804224 -26.882345 -80.612930
v -18.997427 -25.343884 -73.294212
v -12.326324 -26.902071 -93.604477
v -22.574574 -23.009926 -77.344246
v -23.010618 -0.377468 -79.387413
v -20.380438 2.859343 -68.341995
v 9.913261 -11.781688 -66.654640
v 7.551527 3.578088 -67.939407
v -17.171206 -26.628380 -68.073860
v -29.081175 -22.798485 -82.906387
v -25.887236 -22.671129 -71.959335
v -20.791410 6.606178 -73.405457
v -28.436718 1.310244 -79.734329
v -28.648531 4.152734 -101.805206
v -7.034798 7.649273 -80.518433
v 3.953439 -31.358002 -76.581711
v 5.934932 7.190434 -72.566551
v 2.641477 7.668343 -77.507927
v -23.340937 -29.575052 -73.660347
v -29.253590 -25.999962 -102.435020
v 7.180157 -28.239916 -68.365349
v -30.598705 -11.545565 -105.196228
v -26.541265 -12.600323 -106.333496
v -6.778914 -30.787899 -80.745445
v -14.568842 7.805634 -96.150040
v -11.092951 -30.679117 -91.829948
v -12.983400 3.662109 -95.070389
v -20.835236 -30.984234 -99.299255
v 6.943257 -25.627256 -72.700203
v 2.755246 -26.842327 -77.709167
v 10.695478 -11.304763 -71.825607
v 3.238458 3.098123 -77.331429
v -6.803795 3.297613 -80.674118
v -4.959720 -12.317013 -69.362556
v -6.998540 -16.149532 -40.370541
v -5.108572 -10.290613 -40.478420
v -8.326486 -6.876907 -40.381927
v -13.791544 -8.041670 -40.369961
v -14.289494 -15.127805 -40.362492
v -8.581524 -16.940998 -69.513824
v -13.341591 -7.400085 -69.506714
v -14.918955 -13.916127 -69.466049
v -6.701224 -7.657708 -69.443405
v -110.097038 40.624058 -63.490288
v -114.926834 18.062845 -63.450729
v -100.075516 52.766777 -63.492779
v -66.540131 62.105583 -63.559811
v -82.361992 24.852793 -63.365715
v -60.739468 36.014702 -63.528633
v 9.895844 62.987598 -63.488235
v -70.500130 61.830101 -43.731693
v -79.356262 28.165798 -43.731701
v -108.696861 43.051407 -43.731709
v -100.107216 52.765579 -43.731709
v -68.574608 33.574100 -43.731705
v 10.018285 36.829315 -43.731705
v -86.250984 -8.809334 -63.424240
v -103.711823 45.366104 -64.532562
v -84.983162 56.474182 -64.533859
v -70.588028 35.863735 -64.477676
v 9.918957 63.066761 -43.731693
v 9.960523 37.042599 -63.524723
v -84.945152 14.808035 -43.731701
v -111.769524 24.024933 -64.558746
v -35.542122 60.631229 -64.498337
v 8.313091 60.580627 -64.544319
v -82.033859 29.935167 -64.477150
v -87.444992 16.854166 -64.222519
v -40.649437 36.462688 -43.731709
v -40.756870 38.967587 -64.477592
v 9.864707 63.017597 -65.542458
v -85.751556 11.428082 -65.479141
v -87.102837 58.719368 -65.542885
v -107.000404 46.003258 -65.493279
v -78.972214 28.563782 -65.536621
v -36.909939 63.035606 -65.553459
v 9.970955 36.920872 -65.506821
v -62.487450 35.532669 -65.473068
v -78.719963 29.345688 -71.915436
v -49.229980 36.465752 -72.222618
v -74.639381 60.423450 -72.372215
v -103.516418 50.251774 -72.313889
v -85.139259 14.462217 -72.203590
v 9.930558 37.038677 -72.198601
v 9.828215 63.073101 -72.233131
v -114.304260 25.736176 -72.283279
v 8.384245 39.310688 -64.536674
v -114.347214 25.970520 -43.731697
v -114.347931 25.495821 -65.495811
v -114.695328 -42.036629 -65.526772
v -114.437859 -44.440399 -63.535164
v -77.159737 -79.938713 -63.493927
v -100.878891 -71.770645 -63.531292
v -108.654297 -62.671711 -63.483051
v -82.952065 -42.320236 -63.405476
v -75.431442 -50.884357 -63.465080
v -48.386490 -56.088608 -63.458122
v 10.003339 -56.563709 -63.477554
v 9.883506 -82.687256 -63.481934
v 8.306877 -80.239265 -64.582352
v 9.985487 -56.619888 -43.731701
v -85.293053 -32.882996 -43.731724
v -94.563293 -75.026894 -43.731701
v -106.690361 -66.281166 -43.731716
v -114.628609 -45.058750 -43.731716
v -66.746338 -53.838722 -43.731720
v -79.285660 -47.867706 -43.731716
v -70.499313 -81.438194 -43.731720
v 9.927794 -82.677856 -43.731720
v -88.680153 -24.611219 -64.678825
v -84.026550 -47.738235 -64.609940
v -84.983017 -76.120697 -64.534508
v -36.389462 -82.669785 -63.521324
v 8.393909 -59.047215 -64.420914
v -103.711800 -65.012604 -64.532990
v -35.845814 -80.265038 -64.457695
v -65.609695 -57.097195 -64.711899
v -83.909195 -40.240974 -65.508911
v -105.301765 -67.762230 -65.497459
v -87.102165 -78.365936 -65.542595
v -75.421265 -50.785748 -65.485657
v 9.891462 -82.529472 -65.521240
v -114.022102 -47.093670 -72.302238
v -38.240257 -82.628998 -65.532234
v 9.932431 -56.560764 -65.494499
v 9.815100 -82.661522 -72.214165
v -52.397415 -55.800266 -65.463509
v -66.494530 -81.848892 -72.286606
v -50.735874 -56.231026 -72.242798
v -104.732651 -69.287590 -72.195496
v -75.616905 -50.873764 -72.214920
v 9.969320 -56.709354 -72.199242
v -82.798111 -42.848858 -72.170822
v -85.856369 -22.514807 -72.195953
v -111.705109 -43.945049 -64.507431
v -146.958725 -11.122966 10.845625
v -130.236359 -11.240556 15.518828
v -138.761658 -7.816521 -4.078718
v -146.547623 -7.885906 10.814424
v -130.104355 -7.812526 15.787388
v -147.214081 -11.003529 -2.190005
v -129.641724 -7.809230 -11.586621
v -138.305923 -11.146301 -11.278715
v -138.377579 -7.945396 -11.518190
v -129.531036 -11.101782 -11.419942
v -147.339722 -8.030099 -1.918510
v -138.621414 -11.306328 -3.924970
v -104.236519 -9.988051 -12.664838
v -93.424507 -14.201345 7.114110
v -86.076828 -7.728866 6.413014
v -114.478653 -7.458161 13.751949
v -114.778648 -11.304629 13.006789
v -113.692528 -13.109820 15.449163
v -112.150703 -10.688498 18.651249
v -113.744598 -11.993566 15.166464
v -112.799950 -10.895480 17.266048
v -113.319138 -7.213656 16.416710
v -114.066864 -8.138554 14.424990
v -112.952271 -8.185431 14.260964
v -113.773285 -10.580366 14.913418
v -112.360794 -11.369594 15.294014
v -113.477859 -9.133022 15.431376
v -113.072174 -10.190473 16.253922
v -112.979439 -9.978780 14.224228
v -112.309715 -9.162159 15.677050
v -113.404526 -10.779989 13.398443
v -111.603462 -9.503318 17.101345
v -92.315857 -9.848869 9.330454
v -102.167587 -11.037668 9.497967
v -103.531441 -15.697329 6.505885
v -112.892715 -10.062973 11.478453
v -112.009575 -8.676108 9.989331
v -113.981346 -14.152260 5.143433
v -114.157684 -11.399570 4.865793
v -108.606499 -18.250759 5.472610
v -103.542480 -16.102404 8.489120
v -100.885849 -7.793510 15.709068
v -99.960335 -9.201037 14.163665
v -111.732819 -11.541687 13.965889
v -110.738297 -13.080708 12.715656
v -107.393425 -14.867644 19.271315
v -108.370537 -16.526541 17.276577
v -102.907097 -11.731096 19.691837
v -102.404633 -8.592044 9.020638
v -106.203918 -4.961400 4.304480
v -104.123360 -5.131750 5.236186
v -111.771568 -8.425429 13.882827
v -109.761879 -8.273152 14.809611
v -110.425575 -1.010141 12.768966
v -109.387642 -2.103917 15.095201
v -108.530792 -0.606224 7.632025
v -103.180779 -10.367594 7.356104
v -88.827499 -6.537482 1.985002
v -18.911177 -7.132922 -30.611197
v -95.282959 -9.101052 3.535428
v -88.218460 -13.698624 2.939791
v -18.810047 -13.261376 -30.400616
v -85.995644 -11.866353 6.443331
v -16.674820 -9.316969 -25.841986
v -93.831627 -6.403175 6.537388
v -97.918442 -9.993982 -12.756301
vn 0.1413 0.6277 0.7655
vn 0.1010 0.9565 0.2737
vn 0.0273 0.6546 0.7555
vn 0.1672 0.9793 -0.1142
vn 0.6130 0.6899 0.3851
vn 0.6775 0.1320 0.7236
vn 0.2171 -0.0499 0.9749
vn 0.0398 0.0027 0.9992
vn 0.1080 0.2122 0.9712
vn 0.0077 0.1768 0.9842
vn 0.2270 -0.0013 0.9739
vn 0.2825 0.2270 0.9320
vn -0.6929 0.2084 0.6902
vn -0.7873 0.0244 0.6161
vn -0.6894 0.2701 0.6721
vn -0.6105 0.7505 0.2530
vn -0.4352 0.4626 0.7724
vn -0.0196 0.1555 0.9876
vn -0.0151 0.2781 0.9604
vn -0.0174 0.9704 0.2407
vn -0.4901 0.5604 0.6676
vn -0.0237 0.6346 0.7725
vn 0.2495 0.9531 -0.1713
vn 0.1853 0.9638 -0.1915
vn 0.2285 0.9391 0.2568
vn 0.0663 0.8076 -0.5860
vn 0.0170 0.9998 0.0110
vn 0.4830 0.0225 0.8753
vn 0.6183 0.7855 -0.0252
vn 0.4978 0.8044 0.3244
vn 0.8515 0.4509 0.2677
vn 0.0017 0.7278 0.6858
vn -0.0269 0.8877 -0.4596
vn -0.0130 0.7872 -0.6166
vn -0.0011 0.7723 0.6352
vn -0.5461 0.6245 0.5583
vn 0.8169 0.0386 -0.5755
vn 0.1858 -0.0078 -0.9826
vn 0.4708 0.6955 -0.5428
vn 0.0135 0.0674 -0.9976
vn 0.2406 0.7060 -0.6661
vn 0.0877 0.1511 -0.9846
vn 0.4084 0.8640 0.2944
vn 0.3979 0.5683 0.7202
vn 0.4843 0.5313 0.6951
vn 0.4854 0.2186 0.8465
vn 0.3875 0.0058 0.9219
vn 0.4786 -0.0209 0.8778
vn 0.2485 0.6716 0.6980
vn 0.3847 0.9173 -0.1023
vn 0.2235 0.6166 0.7549
vn 0.1230 0.1789 -0.9761
vn 0.1125 -0.0038 0.9936
vn -0.0970 0.0428 -0.9944
vn -0.0471 -0.4464 -0.8936
vn 0.1435 0.4969 -0.8558
vn 0.2717 -0.3748 -0.8864
vn 0.0785 0.1216 -0.9895
vn -0.5701 0.2619 -0.7787
vn 0.1199 0.5105 -0.8515
vn -0.1214 0.0607 -0.9907
vn 0.5937 -0.6178 -0.5156
vn 0.3398 0.1597 -0.9268
vn -0.5005 -0.0072 -0.8657
vn 0.5805 0.5160 -0.6299
vn -0.0372 -0.6774 -0.7347
vn -0.7385 -0.0868 -0.6686
vn -0.2535 0.5010 -0.8275
vn -0.2838 0.7063 -0.6486
vn -0.1699 0.5153 -0.8400
vn 0.0081 0.0830 -0.9965
vn 0.2427 0.1672 -0.9556
vn 0.0945 0.0011 -0.9955
vn 0.4388 0.8941 -0.0902
vn 0.6006 0.4398 0.6677
vn -0.5792 -0.0102 -0.8151
vn 0.1414 0.3805 -0.9139
vn 0.0577 0.7638 -0.6428
vn -0.6410 0.1376 -0.7551
vn -0.6821 0.7309 0.0248
vn -0.5618 -0.1668 -0.8103
vn -0.8346 0.1101 -0.5398
vn -0.4486 0.6753 -0.5854
vn 0.0714 0.6923 -0.7180
vn -0.9741 0.1391 0.1782
vn -0.6140 -0.0012 0.7893
vn -0.0312 -0.4082 -0.9124
vn -0.6266 -0.5225 -0.5783
vn 0.0203 -0.5204 -0.8537
vn -0.0224 -0.6284 -0.7776
vn 0.1864 -0.2340 -0.9542
vn -0.0814 0.0352 -0.9961
vn 0.4492 -0.4674 -0.7614
vn -0.6955 -0.0059 -0.7185
vn 0.5257 -0.0837 -0.8466
vn -0.0672 0.0063 -0.9977
vn -0.8309 -0.0626 -0.5528
vn 0.6567 -0.0644 -0.7514
vn 0.3150 -0.0488 -0.9478
vn -0.4800 0.5972 -0.6426
vn 0.4343 0.0189 -0.9006
vn 0.4268 0.5015 -0.7525
vn 0.0971 -0.0284 -0.9949
vn 0.3882 -0.0282 -0.9211
vn 0.1946 0.2050 -0.9592
vn -0.4746 -0.2740 -0.8365
vn -0.8031 -0.2503 0.5407
vn -0.6336 -0.1294 -0.7628
vn -0.5209 -0.3062 -0.7968
vn 0.4043 0.2910 -0.8671
vn 0.5479 -0.0307 -0.8360
vn 0.5678 0.1760 -0.8042
vn 0.5228 0.6411 -0.5618
vn 0.0744 0.7791 -0.6225
vn 0.4296 0.1992 -0.8808
vn 0.7660 0.3963 -0.5062
vn 0.6731 -0.0325 -0.7389
vn 0.8133 0.1546 -0.5609
vn 0.5513 0.0978 -0.8285
vn 0.7186 0.2134 -0.6619
vn 0.4448 0.0058 -0.8956
vn 0.1243 0.5710 -0.8115
vn 0.3908 0.7557 -0.5255
vn -0.0179 0.8837 -0.4678
vn 0.6097 0.4713 -0.6373
vn 0.0431 0.6988 -0.7141
vn 0.3029 0.3905 -0.8694
vn 0.1167 0.1593 -0.9803
vn -0.9202 -0.3292 -0.2117
vn -0.7317 -0.0398 0.6804
vn -0.9849 -0.0719 -0.1576
vn -0.3298 -0.2261 0.9166
vn -0.6711 -0.3629 0.6465
vn -0.8775 -0.4793 -0.0146
vn -0.7452 -0.5839 0.3221
vn -0.5469 -0.8053 0.2289
vn -0.2115 -0.9686 0.1309
vn -0.4355 -0.7343 0.5207
vn 0.1739 0.6326 -0.7547
vn -0.0883 0.3023 -0.9491
vn -0.0174 -0.6094 0.7927
vn -0.1982 -0.8883 0.4143
vn 0.0752 -0.9871 0.1416
vn 0.3622 -0.8867 0.2874
vn 0.2300 -0.0075 -0.9732
vn -0.3511 0.4920 -0.7967
vn -0.1070 -0.9806 -0.1640
vn -0.9126 -0.3194 -0.2553
vn -0.7419 0.5795 -0.3373
vn -0.9124 -0.2133 -0.3493
vn -0.8683 -0.4469 0.2154
vn -0.6660 -0.0212 -0.7456
vn -0.5413 0.0560 -0.8389
vn -0.2680 -0.4201 -0.8670
vn 0.0023 -0.4018 -0.9157
vn -0.5118 0.2235 -0.8295
vn 0.4392 0.4078 -0.8005
vn 0.7254 0.2201 -0.6521
vn 0.6913 -0.0382 -0.7215
vn 0.6692 -0.5983 -0.4407
vn 0.0875 -0.6830 -0.7252
vn 0.3743 -0.6030 -0.7045
vn -0.8496 0.3419 -0.4016
vn -0.4952 0.6607 -0.5642
vn 0.2448 -0.6379 -0.7302
vn -0.0051 -0.7075 -0.7067
vn -0.2946 -0.9234 0.2462
vn -0.0483 -0.9893 0.1378
vn -0.5664 -0.4264 0.7053
vn -0.8360 -0.1908 0.5146
vn -0.9040 0.0035 0.4275
vn -0.1900 0.0258 0.9814
vn 0.6539 -0.4503 -0.6080
vn 0.2268 -0.6955 -0.6818
vn 0.7216 -0.0349 -0.6915
vn -0.0012 0.7118 -0.7023
vn 0.0593 -0.7225 -0.6888
vn -0.0510 -0.5383 0.8412
vn -0.6290 -0.7198 0.2936
vn -0.5486 -0.3373 0.7650
vn -0.7136 0.0014 -0.7005
vn -0.0052 0.7062 -0.7080
vn -0.6819 -0.0007 0.7315
vn -0.9582 -0.0203 0.2853
vn -0.5665 -0.5922 -0.5730
vn -0.7281 0.6492 -0.2199
vn 0.5778 0.5775 -0.5768
vn -0.3743 0.6135 -0.6953
vn -0.5794 0.5756 0.5770
vn -0.5738 -0.5782 0.5800
vn 0.5751 0.5786 0.5783
vn -0.5381 0.7101 -0.4542
vn -0.7249 0.1337 0.6758
vn 0.4313 0.7524 0.4978
vn 0.6633 0.3318 -0.6707
vn 0.7814 0.3541 0.5138
vn 0.8510 -0.1953 0.4875
vn 0.5792 -0.5765 0.5764
vn 0.5770 -0.5771 -0.5779
vn -0.9406 -0.2598 0.2188
vn -0.8017 -0.1091 0.5877
vn -0.6652 -0.1486 0.7317
vn -0.5384 0.2009 -0.8184
vn -0.7250 -0.2880 -0.6256
vn -0.3655 -0.3632 0.8570
vn -0.6049 0.0660 0.7936
vn -0.9918 -0.1263 0.0203
vn -0.9780 -0.0366 0.2053
vn -0.6187 -0.7079 -0.3408
vn -0.5653 -0.5932 0.5733
vn 0.1126 -0.6323 0.7665
vn 0.0125 -0.1761 0.9843
vn 0.0202 -0.6495 0.7601
vn -0.8163 0.0185 0.5774
vn 0.6125 -0.4495 0.6502
vn 0.5100 -0.2007 0.8364
vn 0.4688 -0.5244 0.7108
vn 0.2437 -0.6368 0.7315
vn 0.3312 -0.5859 0.7397
vn -0.8216 0.0805 0.5643
vn -0.6846 -0.2137 0.6969
vn -0.6962 -0.2572 0.6702
vn -0.0171 -0.9691 0.2459
vn -0.0270 -0.6335 0.7733
vn -0.4919 -0.5581 0.6682
vn -0.0281 -0.3241 0.9456
vn 0.0227 -0.9729 0.2299
vn 0.0879 -0.9693 -0.2295
vn 0.0844 -0.9564 0.2797
vn 0.2618 -0.5437 0.7974
vn 0.5138 -0.8297 -0.2184
vn 0.8399 -0.5108 0.1834
vn 0.4640 -0.8844 -0.0502
vn 0.2824 -0.7496 -0.5986
vn 0.3740 -0.8237 -0.4262
vn -0.0090 -0.8722 -0.4891
vn -0.4097 -0.6937 -0.5924
vn -0.3975 -0.5347 0.7457
vn -0.0175 -0.7458 0.6659
vn 0.2443 -0.9329 0.2647
vn 0.2654 -0.6828 0.6807
vn -0.6034 0.1361 -0.7857
vn -0.0147 -0.8515 0.5241
vn 0.1571 -0.6555 -0.7387
vn 0.0148 -0.1128 -0.9935
vn 0.3060 -0.7462 -0.5912
vn 0.1805 -0.2709 0.9455
vn 0.2891 -0.2257 0.9303
vn 0.2767 -0.9483 -0.1552
vn 0.1414 -0.9584 0.2480
vn 0.1093 -0.2137 0.9708
vn 0.1048 -0.4682 -0.8774
vn -0.1157 -0.0460 -0.9922
vn -0.5644 -0.2655 -0.7816
vn 0.0869 -0.1316 -0.9875
vn 0.1524 -0.4888 -0.8590
vn -0.0877 -0.0270 -0.9958
vn -0.0382 0.5743 -0.8177
vn -0.7340 0.0337 -0.6783
vn -0.3843 -0.6094 -0.6935
vn -0.1117 0.6343 -0.7650
vn -0.2720 -0.7102 -0.6494
vn -0.3115 -0.5223 -0.7938
vn 0.3161 0.3150 -0.8949
vn -0.5198 0.1168 -0.8463
vn 0.3512 -0.2127 -0.9118
vn -0.1744 -0.5087 -0.8431
vn 0.1026 -0.2086 -0.9726
vn 0.0173 -0.0725 -0.9972
vn 0.2034 -0.2156 -0.9551
vn 0.3029 -0.5576 -0.7729
vn -0.0023 -0.0747 -0.9972
vn -0.6901 -0.1643 -0.7048
vn 0.0231 -0.8057 -0.5919
vn -0.5103 -0.6429 -0.5712
vn 0.4917 -0.5694 -0.6587
vn 0.1734 -0.9745 -0.1424
vn 0.0866 -0.6264 -0.7747
vn -0.5956 0.0117 -0.8032
vn -0.0194 -0.1353 0.9906
vn 0.4887 -0.4848 -0.7253
vn 0.2027 0.7933 -0.5742
vn -0.6259 0.5161 -0.5847
vn -0.5290 -0.8081 0.2592
vn 0.0068 0.4862 -0.8738
vn -0.4776 -0.5836 -0.6567
vn -0.1187 0.5295 -0.8400
vn 0.1603 0.4669 -0.8697
vn 0.2442 -0.2977 -0.9229
vn 0.4835 0.0505 -0.8739
vn -0.0069 0.4137 -0.9104
vn 0.2980 0.0430 -0.9536
vn 0.3691 0.5115 -0.7760
vn -0.4704 0.2180 -0.8551
vn 0.3329 -0.4253 -0.8416
vn -0.5424 0.3491 -0.7641
vn 0.4839 -0.2236 -0.8461
vn -0.5934 0.1734 -0.7860
vn -0.6080 0.0319 -0.7933
vn 0.7797 -0.2185 -0.5867
vn 0.6784 -0.4857 -0.5513
vn 0.1919 -0.7223 -0.6644
vn 0.4341 -0.1606 -0.8864
vn 0.3649 -0.6323 -0.6834
vn 0.3204 -0.3723 -0.8711
vn 0.3840 -0.7644 -0.5179
vn 0.1278 -0.5647 -0.8153
vn -0.3031 -0.5552 -0.7745
vn 0.7260 -0.1056 -0.6795
vn 0.4808 -0.1149 -0.8693
vn 0.1731 -0.6925 -0.7004
vn 0.6415 -0.4127 -0.6467
vn 0.5063 -0.3658 -0.7809
vn -0.9592 0.1997 -0.2002
vn -0.7147 0.2272 0.6615
vn -0.8575 0.4074 0.3143
vn -0.6280 0.4586 0.6287
vn -0.7499 0.6078 0.2613
vn -0.1743 0.9628 0.2063
vn -0.4028 0.7543 0.5184
vn -0.1809 0.8913 0.4158
vn -0.1465 -0.3195 -0.9362
vn 0.0542 -0.6942 -0.7178
vn -0.6135 -0.6338 -0.4712
vn -0.5165 -0.6517 -0.5555
vn -0.8691 0.4945 0.0102
vn 0.0249 -0.1400 -0.9898
vn -0.8322 -0.3494 -0.4304
vn -0.8712 0.4826 -0.0900
vn -0.0504 0.9978 0.0434
vn -0.0564 0.9543 0.2935
vn -0.8346 0.4867 -0.2581
vn -0.0304 0.6356 0.7714
vn -0.1611 0.2168 0.9628
vn -0.9759 0.1550 0.1538
vn -0.1649 0.9620 -0.2178
vn 0.6908 0.0572 -0.7208
vn 0.7321 -0.2011 -0.6508
vn -0.3338 0.4278 -0.8400
vn -0.5066 -0.2899 -0.8120
vn 0.4159 -0.3802 -0.8261
vn -0.0801 0.7748 -0.6271
vn 0.2048 0.6470 -0.7344
vn 0.2823 0.6292 -0.7242
vn -0.0955 0.9737 0.2067
vn -0.4174 0.8079 0.4161
vn -0.5242 0.8143 0.2492
vn -0.7338 0.4636 -0.4966
vn -0.9541 0.0091 -0.2992
vn -0.9020 0.3051 -0.3056
vn 0.6492 0.4558 -0.6090
vn 0.7184 0.0311 -0.6949
vn 0.2264 0.6985 -0.6788
vn 0.0662 0.7218 -0.6889
vn 0.0593 0.6825 -0.7285
vn -0.4920 0.4810 0.7257
vn -0.9646 0.1241 0.2327
vn -0.5794 0.7990 0.1610
vn -0.3770 -0.6146 -0.6929
vn -0.7296 -0.6504 -0.2112
vn 0.6430 -0.3236 -0.6941
vn -0.4874 -0.7800 -0.3924
vn 0.5322 -0.6967 0.4811
vn -0.3544 -0.5489 0.7571
vn -0.9072 0.1857 0.3774
vn -0.5556 -0.0510 0.8299
vn -0.7290 0.1838 -0.6594
vn 0.4958 0.7295 -0.4711
vn 0.0322 0.2944 -0.9551
vn -0.0949 0.9122 -0.3986
vn -0.8140 -0.5804 0.0220
vn -0.8592 -0.5100 0.0409
vn -0.6711 0.6679 -0.3216
vn 0.4966 -0.8640 -0.0826
vn 0.3978 -0.5875 0.7047
vn -0.9420 0.3167 -0.1111
vn -0.9223 -0.2118 0.3232
vn -0.5379 0.3032 0.7866
vn -0.3476 -0.4375 -0.8293
vn 0.0960 0.1740 -0.9801
vn -0.5300 -0.1372 -0.8369
vn -0.1431 0.5384 -0.8305
vn -0.7667 -0.6379 -0.0721
vn -0.6526 0.6351 -0.4132
vn 0.3874 0.9027 -0.1869
vn -0.5533 -0.4632 -0.6923
vn -0.9192 -0.0490 0.3907
vn -0.9443 0.3082 -0.1157
vn 0.2257 -0.4615 -0.8580
vn -0.3238 -0.0599 -0.9442
vn 0.1855 0.8104 0.5558
vn -0.7273 -0.6710 0.1443
vn -0.7038 0.6848 0.1889
vn -0.1677 -0.1077 -0.9799
vn -0.7256 -0.6631 -0.1837
vn -0.2657 -0.0359 -0.9634
vn -0.7400 0.6500 -0.1730
vn 0.9506 -0.0268 -0.3094
vn -0.0347 -0.1072 -0.9936
vn -0.7812 0.0157 0.6241
vn -0.6934 -0.7134 0.1013
vn 0.0703 -0.6617 0.7465
vn 0.3200 -0.1831 0.9296
vn 0.9528 0.2570 -0.1614
vn 0.8509 0.0683 0.5209
vn 0.6315 0.6226 0.4622
vn 0.6902 -0.4122 0.5947
vn -0.2005 0.8626 0.4645
vn 0.4068 0.3785 0.8314
vn 0.9142 -0.3676 -0.1708
vn 0.9418 0.0493 -0.3326
vn 0.0845 -0.5948 0.7994
vn 0.4915 -0.0512 0.8694
vn 0.9244 0.3468 0.1587
vn 0.9873 -0.0402 -0.1540
vn 0.8146 -0.2718 0.5124
vn 0.0452 0.5572 0.8292
vn 0.9543 -0.2985 0.0141
vn 0.5843 0.4842 0.6512
vn 0.6778 -0.0122 -0.7351
vn 0.0851 0.7069 0.7022
vn -0.6855 0.7224 0.0913
vn 0.2606 -0.8234 0.5040
vn 0.2626 0.8038 0.5338
vn 0.7868 0.2680 -0.5559
vn -0.1104 -0.9939 0.0070
vn 0.4977 -0.8425 -0.2061
vn 0.3877 -0.8376 -0.3849
vn -0.1307 -0.8476 0.5144
vn -0.1916 0.8345 0.5167
vn 0.3534 0.9245 -0.1430
vn -0.7611 -0.0686 -0.6450
vn -0.9524 0.0933 -0.2903
vn 0.5388 0.7981 0.2698
vn 0.3448 -0.7159 0.6072
vn 0.7435 -0.6686 -0.0113
vn 0.9357 0.0308 -0.3515
vn 0.5936 -0.0469 -0.8034
vn -0.3935 0.1635 0.9047
vn 0.0951 0.1033 0.9901
vn 0.4063 -0.5967 -0.6921
vn 0.4778 -0.5213 -0.7071
vn 0.7466 -0.0129 -0.6651
vn 0.4269 0.7608 -0.4888
vn 0.3948 0.6077 -0.6891
vn 0.7820 -0.0157 -0.6231
vn 0.6871 -0.5021 -0.5252
vn 0.4364 -0.7397 -0.5123
vn 0.5740 0.0773 -0.8152
vn 0.5805 -0.0254 -0.8138
vn 0.8801 0.3317 -0.3396
vn 0.8757 -0.3962 -0.2761
vn 0.8500 0.0090 -0.5267
vn 0.6611 -0.0139 0.7502
vn 0.6393 0.4770 0.6032
vn -0.4075 0.4052 0.8184
vn -0.7661 -0.1769 0.6179
vn -0.2026 -0.4581 0.8655
vn -0.3769 0.8584 0.3480
vn -0.8846 0.3856 0.2623
vn -0.5488 0.6187 -0.5622
vn -0.6032 -0.5376 -0.5892
vn -0.9525 -0.2638 0.1518
vn -0.7845 0.0406 -0.6188
vn -0.5000 -0.7752 0.3860
vn 0.5075 -0.7617 -0.4029
vn 0.6022 -0.5775 0.5513
vn 0.4358 0.6988 -0.5673
vn 0.6319 0.7745 0.0293
vn 0.3944 -0.8188 -0.4171
vn 0.1073 -0.7638 -0.6365
vn 0.3750 -0.0191 -0.9268
vn 0.3885 0.7305 -0.5617
vn 0.4086 0.4837 -0.7740
vn 0.6279 0.5624 -0.5380
vn 0.4285 -0.6754 0.6002
vn 0.7787 0.1762 0.6022
vn 0.2362 0.7492 0.6188
vn -0.4860 0.6384 -0.5969
vn 0.4700 0.6414 -0.6064
vn 0.1854 -0.7762 -0.6026
vn 0.7896 -0.1185 -0.6021
vn -0.6271 -0.5048 0.5932
vn -0.7300 -0.3417 -0.5919
vn -0.6012 0.5253 0.6022
vn 0.1574 -0.8870 -0.4341
vn 0.0310 -0.9995 -0.0088
vn 0.3269 -0.9449 0.0172
vn 0.6204 -0.6200 -0.4803
vn 0.6120 0.6318 -0.4756
vn 0.7111 -0.7031 -0.0060
vn -0.4518 0.6944 -0.5601
vn -0.1634 0.9865 -0.0107
vn -0.0966 0.7984 -0.5944
vn 0.7008 0.7133 -0.0020
vn -0.7406 0.3554 -0.5703
vn -0.7345 0.6773 0.0421
vn -0.9819 0.1686 0.0863
vn -0.2437 0.9041 0.3510
vn 0.9703 -0.2303 -0.0742
vn 0.7090 -0.7051 -0.0106
vn 0.6655 -0.4212 -0.6161
vn -0.0201 0.9992 0.0338
vn -0.8618 0.5072 0.0075
vn 0.6963 -0.7176 0.0145
vn 0.9823 -0.1874 -0.0082
vn 0.0212 -0.9997 0.0106
vn 0.3693 -0.9288 -0.0306
vn 0.8482 -0.5292 0.0221
vn 0.8521 0.5231 0.0179
vn 0.9955 0.0747 0.0579
vn 0.8341 -0.1086 0.5408
vn 0.6140 0.6254 0.4815
vn -0.0342 0.8840 0.4661
vn 0.1492 -0.8125 0.5635
vn 0.6181 -0.6257 0.4760
vn -0.8165 0.1483 0.5579
vn -0.7173 0.4719 0.5126
vn -0.7280 0.1358 -0.6719
vn 0.4374 -0.4248 -0.7926
vn 0.6257 -0.1698 -0.7614
vn 0.5733 0.5815 -0.5772
vn 0.0328 -0.6692 -0.7423
vn -0.0901 0.7319 -0.6754
vn -0.5220 0.6027 -0.6035
vn -0.2933 0.8481 0.4411
vn 0.5488 -0.5332 0.6438
vn 0.5806 -0.5685 -0.5829
vn -0.8297 0.0570 -0.5553
vn -0.9866 0.1633 0.0007
vn -0.9852 -0.1715 0.0017
vn 0.6352 0.0287 -0.7718
vn 0.4295 0.7826 -0.4506
vn 0.2397 0.9707 -0.0168
vn 0.0523 0.8804 -0.4714
vn 0.7607 0.2921 -0.5796
vn 0.8429 -0.0063 -0.5380
vn 0.9846 0.1746 -0.0065
vn -0.7295 -0.3835 -0.5664
vn -0.4614 -0.6779 -0.5724
vn -0.7986 -0.6014 0.0257
vn 0.7958 0.6044 0.0375
vn -0.2825 -0.9427 0.1775
vn -0.1481 -0.8101 -0.5673
vn 0.2131 0.9757 0.0506
vn 0.8670 0.4944 -0.0629
vn 0.6144 0.6213 -0.4863
vn -0.4144 -0.9101 0.0067
vn 0.7137 0.7004 -0.0104
vn 0.7666 0.2387 0.5961
vn 0.4140 0.7287 0.5456
vn 0.8448 -0.5329 0.0479
vn 0.6164 -0.6192 0.4864
vn 0.6158 0.6324 0.4700
vn -0.0828 -0.7831 -0.6164
vn 0.5712 -0.5852 -0.5756
vn -0.0242 -0.8506 0.5252
vn 0.5832 0.5671 -0.5816
vn 0.0644 0.6660 -0.7432
vn -0.5616 -0.5631 -0.6063
vn -0.7446 -0.1922 -0.6392
vn 0.3091 0.5284 -0.7907
vn 0.5524 0.2964 -0.7792
vn -0.2938 -0.8650 0.4067
vn -0.6336 -0.5203 0.5726
vn -0.8181 -0.1289 -0.5604
vn 0.4955 0.5354 0.6840
vn 0.4811 -0.5976 0.6414
vn 0.5953 -0.5736 -0.5627
vn -0.6656 0.5857 -0.4625
vn -0.6357 -0.5669 -0.5239
vn -0.6671 -0.5549 0.4970
vn -0.3916 0.8606 -0.3256
vn -0.5938 0.6354 0.4936
vn -0.3471 -0.8876 -0.3028
vn 0.5635 0.5720 -0.5961
vn -0.5602 -0.6008 -0.5703
vn 0.3399 0.1052 0.9346
vn 0.4102 -0.3726 0.8324
vn 0.3250 0.5848 0.7432
vn -0.8553 -0.3057 -0.4183
vn -0.7837 0.5863 -0.2054
vn -0.3777 0.1141 -0.9189
vn -0.5768 -0.7751 0.2581
vn -0.8236 -0.1740 -0.5398
vn -0.9685 0.2372 0.0765
vn -0.5226 0.5858 0.6194
vn -0.5932 0.8002 0.0881
vn -0.7555 0.2749 0.5946
vn -0.9955 0.0555 0.0765
vn -0.8667 -0.4294 -0.2538
vn -0.8586 0.4462 0.2523
vn -0.4724 -0.7508 0.4616
vn 0.0657 0.3176 0.9459
vn -0.6990 -0.3188 0.6402
vn -0.1956 -0.1302 0.9720
vn -0.9419 0.3281 0.0724
vn 0.5496 -0.6755 0.4915
vn 0.8396 0.4845 0.2458
vn -0.5459 0.1684 0.8208
vn -0.1071 -0.9200 -0.3769
vn -0.1990 0.9712 0.1309
vn -0.6212 0.4176 -0.6631
vn 0.6934 -0.2633 -0.6707
vn -0.5741 -0.4583 -0.6785
vn 0.3059 0.3151 -0.8984
vn -0.2394 -0.9559 0.1699
vn 0.4301 -0.0370 0.9020
vn 0.4243 0.8213 0.3812
vn -0.9309 0.3653 -0.0056
vn 0.9857 -0.0897 -0.1426
vn 0.1370 -0.5135 0.8471
vn 0.6248 -0.7507 -0.2146
vn 0.0772 0.5237 0.8484
vn -0.1898 0.8839 -0.4274
vn -0.2091 0.0438 -0.9769
vn -0.8119 -0.5278 0.2493
vn 0.8364 0.2935 -0.4629
vn 0.0987 0.9523 0.2887
vn -0.1699 -0.9068 -0.3859
vn 0.0254 -0.9874 -0.1563
vn -0.2589 0.8580 -0.4436
vn 0.4301 0.1365 0.8924
vn 0.8509 0.0023 -0.5253
vn 0.2714 0.5945 0.7569
vn -0.4277 0.5433 -0.7224
vn 0.2416 0.1543 -0.9580
vn 0.0619 -0.3931 -0.9174
vn -0.0549 -0.7782 -0.6256
vn 0.2216 -0.6110 0.7600
vn 0.0045 -0.9770 -0.2130
vn 0.6568 -0.4856 -0.5770
vn 0.4973 0.6496 -0.5751
vn 0.5427 0.3498 -0.7637
vn -0.5651 0.5895 -0.5772
vn 0.6486 0.5746 -0.4992
vn -0.9526 0.2303 0.1989
vn -0.7869 0.2821 0.5488
vn 0.3339 -0.6096 0.7190
vn 0.3541 0.8582 -0.3716
vn 0.6590 -0.6228 -0.4218
vn -0.5415 0.8407 -0.0008
vn -0.8394 -0.0891 0.5361
vn -0.9759 -0.2149 -0.0392
vn 0.7257 0.6866 -0.0442
vn 0.6150 -0.6316 -0.4720
vn -0.1342 -0.9909 -0.0120
vn -0.0225 -0.8328 -0.5531
vn -0.0259 -0.9993 -0.0281
vn -0.7977 -0.6028 0.0161
vn 0.7054 -0.7088 0.0052
vn 0.0811 0.8349 0.5443
vn -0.5712 0.5434 -0.6151
vn 0.1878 -0.9022 0.3883
vn 0.1695 0.9728 0.1581
vn -0.1821 -0.1564 0.9708
vn -0.7471 -0.5197 -0.4144
vn -0.1844 -0.3235 0.9281
vn -0.5517 0.8215 0.1442
vn -0.2341 0.8199 -0.5225
vn -0.0017 0.9832 -0.1826
vn 0.8509 0.0129 -0.5251
vn -0.0607 -0.9792 -0.1936
vn -0.8755 0.0197 0.4828
vn -0.8713 -0.0715 0.4855
vn -0.1171 0.9805 -0.1577
vn -0.0039 -0.9785 -0.2063
vt 0.618136 0.025667
vt 0.530794 0.929434
vt 0.383080 0.052165
vt 0.616600 0.910687
vt 0.943875 0.829752
vt 0.974392 0.138214
vt 0.980018 0.903736
vt 0.473032 0.000000
vt 0.499898 0.000000
vt 0.404736 0.000009
vt 0.499870 0.000000
vt 0.500000 0.000000
vt 0.001802 0.004865
vt 0.000000 0.917552
vt 0.000000 0.003060
vt 0.043914 0.526246
vt 0.031127 0.926309
vt 0.250550 0.000000
vt 0.250132 0.000000
vt 0.706042 0.000000
vt 0.401712 0.000169
vt 0.690158 0.000000
vt 0.752465 0.998665
vt 0.629682 0.998084
vt 0.692875 0.931073
vt 0.517796 0.997565
vt 0.420432 0.998375
vt 0.976050 0.933991
vt 0.924419 0.999634
vt 0.903527 0.894206
vt 0.977673 0.999380
vt 0.348722 0.936560
vt 0.149706 0.998515
vt 0.382339 0.998375
vt 0.157606 1.000000
vt 0.322578 0.925196
vt 0.027985 0.933751
vt 0.978550 1.000000
vt 0.936385 1.000000
vt 0.900411 1.000000
vt 0.937400 1.000000
vt 0.741811 1.000000
vt 0.793720 1.000000
vt 0.840101 1.000000
vt 0.882496 0.882961
vt 0.822606 0.041057
vt 0.881695 0.047627
vt 0.605418 0.000128
vt 0.600854 0.000003
vt 0.806638 0.934465
vt 0.811453 0.999499
vt 0.815969 0.904658
vt 0.890800 1.000000
vt 0.866830 0.999987
vt 0.776008 1.000000
vt 0.658283 1.000000
vt 0.625699 1.000000
vt 0.812484 1.000000
vt 0.871397 0.999971
vt 0.500484 1.000000
vt 0.675665 1.000000
vt 0.500133 1.000000
vt 0.626441 1.000000
vt 0.634825 1.000000
vt 0.503959 1.000000
vt 0.636351 1.000000
vt 0.752291 1.000000
vt 0.865892 1.000000
vt 0.858840 1.000000
vt 0.841045 1.000000
vt 0.842076 1.000000
vt 0.522954 1.000000
vt 0.912064 1.000000
vt 0.903703 1.000000
vt 0.884631 0.998327
vt 0.747297 0.032868
vt 0.738291 0.046863
vt 0.663900 0.071800
vt 0.929305 0.000011
vt 0.500000 1.000000
vt 0.501910 1.000000
vt 0.504471 1.000000
vt 0.506334 0.994935
vt 0.027073 0.999417
vt 0.000000 1.000000
vt 0.000000 0.998784
vt 0.908136 0.815262
vt 0.817297 0.982729
vt 0.899942 0.998529
vt 0.597961 1.000000
vt 0.000000 0.933120
vt 0.032657 0.138045
vt 0.239109 0.457995
vt 0.250000 0.000000
vt 0.249997 0.000000
vt 0.000000 1.000000
vt 0.889840 0.999470
vt 0.878238 1.000000
vt 0.825031 0.994768
vt 0.000007 1.000000
vt 0.525936 0.000000
vt 0.621744 0.986332
vt 0.000000 1.000000
vt 0.000000 0.998137
vt 0.248434 0.681683
vt 0.245402 0.989339
vt 0.500902 1.000000
vt 0.722433 0.000000
vt 0.720348 0.000000
vt 0.739602 0.000000
vt 0.500000 1.000000
vt 0.000000 0.994521
vt 0.000000 0.999914
vt 0.005068 1.000000
vt 0.209660 1.000000
vt 0.132506 1.000000
vt 0.315432 1.000000
vt 0.419692 1.000000
vt 0.391547 1.000000
vt 0.397034 1.000000
vt 0.161343 1.000000
vt 0.226130 1.000000
vt 0.005184 1.000000
vt 0.006153 1.000000
vt 0.003712 1.000000
vt 0.000295 1.000000
vt 0.074958 1.000000
vt 0.041163 1.000000
vt 0.112639 1.000000
vt 0.245826 1.000000
vt 0.108096 1.000000
vt 0.499998 1.000000
vt 0.466971 0.983517
vt 0.057523 1.000000
vt 0.020659 1.000000
vt 0.492806 1.000000
vt 0.445180 1.000000
vt 0.006582 1.000000
vt 0.005326 1.000000
vt 0.500185 1.000000
vt 0.499218 1.000000
vt 0.475711 0.958624
vt 0.450251 0.945197
vt 0.337814 1.000000
vt 0.190764 0.704861
vt 0.028921 0.965844
vt 0.464483 1.000000
vt 0.471302 1.000000
vt 0.421242 1.000000
vt 0.003795 1.000000
vt 0.001109 1.000000
vt 0.494181 1.000000
vt 0.498359 1.000000
vt 0.001739 1.000000
vt 0.001125 1.000000
vt 0.001697 1.000000
vt 0.006332 1.000000
vt 0.035134 1.000000
vt 0.102846 1.000000
vt 0.008074 1.000000
vt -0.000522 0.497550
vt 0.998584 0.990781
vt 0.010435 0.997687
vt 0.999192 0.011691
vt 0.994099 0.007478
vt 0.005850 0.007278
vt 0.132113 0.659925
vt 0.016840 -0.000065
vt 0.751613 0.000767
vt 0.250023 0.756163
vt 0.299234 0.012385
vt 0.361808 0.005559
vt 0.009361 0.006372
vt 0.011221 0.992693
vt 0.006526 0.004850
vt 0.998377 0.010527
vt 0.994316 0.004173
vt 0.006278 0.010527
vt 0.704454 0.024757
vt 0.960234 0.647192
vt 0.627781 0.990213
vt 0.616840 0.995343
vt 0.043817 0.394495
vt 0.048813 0.314634
vt 0.984048 0.014645
vt 0.929748 0.027460
vt 0.291865 0.053973
vt 0.489662 1.000000
vt 0.000000 0.935821
vt 0.027890 0.999114
vt 0.027793 0.933575
vt 0.424223 0.000022
vt 0.374313 0.072668
vt 0.000000 0.934834
vt 0.698669 0.051298
vt 0.639807 0.000198
vt 0.836382 -0.014077
vt 0.848963 0.000000
vt 0.861566 0.000000
vt 0.824554 0.870698
vt 0.873641 0.064625
vt 0.796330 0.032578
vt 0.000000 0.897464
vt 0.002241 0.004289
vt 0.000000 0.000614
vt 0.711441 0.000000
vt 0.688166 0.000000
vt 0.417004 0.000227
vt 0.251474 0.000000
vt 0.360103 0.934353
vt 0.496476 0.997504
vt 0.509758 0.930356
vt 0.905024 0.933671
vt 0.901689 0.998574
vt 0.976950 0.999583
vt 0.879598 0.998067
vt 0.815552 0.998693
vt 0.862498 1.000000
vt 0.315199 0.997061
vt 0.026430 1.000000
vt 0.028537 0.926673
vt 0.170292 0.935677
vt 0.728315 0.855535
vt 0.821762 0.934572
vt 0.000000 0.999998
vt 0.231949 0.415599
vt 0.240043 0.919645
vt 0.675168 1.000000
vt 0.565277 1.000000
vt 0.805309 1.000000
vt 0.899597 0.888181
vt 0.764884 0.999362
vt 0.603794 0.832088
vt 0.578280 0.024444
vt 0.677265 1.000000
vt 0.500297 1.000000
vt 0.500618 1.000000
vt 0.808244 1.000000
vt 0.676277 1.000000
vt 0.859948 1.000000
vt 0.779496 1.000000
vt 0.865749 1.000000
vt 0.860982 1.000000
vt 0.787809 1.000000
vt 0.840692 1.000000
vt 0.859036 1.000000
vt 0.626011 1.000000
vt 0.497555 1.000000
vt 0.633540 1.000000
vt 0.842666 1.000000
vt 0.867548 1.000000
vt 0.785295 1.000000
vt 0.900440 1.000000
vt 0.887879 1.000000
vt 0.500419 1.000000
vt 0.584687 0.994948
vt 0.509646 1.000000
vt 0.506043 0.996790
vt 0.916162 0.057250
vt 0.911395 1.000000
vt 0.897789 0.770367
vt 0.905995 0.997311
vt 0.819898 0.975079
vt 0.643135 0.997829
vt 0.492567 0.997504
vt 0.500000 1.000000
vt 0.549335 0.000000
vt 0.877189 1.000000
vt 0.888566 0.999467
vt 0.823244 0.991976
vt 0.043950 0.473894
vt 0.014566 0.018638
vt 0.542045 0.975478
vt 0.000000 1.000000
vt 0.000004 1.000000
vt 0.000001 1.000000
vt 0.736770 0.000000
vt 0.612565 0.000000
vt 0.500462 1.000000
vt 0.000000 0.999810
vt 0.000000 0.986095
vt 0.000824 1.000000
vt 0.497005 1.000000
vt 0.153536 1.000000
vt 0.005661 1.000000
vt 0.337503 1.000000
vt 0.007422 1.000000
vt 0.216136 1.000000
vt 0.140838 1.000000
vt 0.004324 1.000000
vt 0.058005 1.000000
vt 0.195446 1.000000
vt 0.036124 1.000000
vt 0.056407 1.000000
vt 0.207841 1.000000
vt 0.391756 1.000000
vt 0.459096 1.000000
vt 0.114263 1.000000
vt 0.495285 1.000000
vt 0.018447 1.000000
vt 0.060688 1.000000
vt 0.410865 1.000000
vt 0.480601 1.000000
vt 0.359440 1.000000
vt 0.473503 1.000000
vt 0.500030 1.000000
vt 0.504092 1.000000
vt 0.517721 1.000000
vt 0.542185 0.998204
vt 0.024432 1.000000
vt 0.376261 1.000000
vt 0.253052 0.745305
vt 0.316096 0.528756
vt 0.360305 0.656412
vt 0.487668 0.987483
vt 0.373517 0.997319
vt 0.500000 1.000000
vt 0.420195 1.000000
vt 0.001571 1.000000
vt 0.001837 1.000000
vt 0.005074 1.000000
vt 0.000146 1.000000
vt 0.498243 1.000000
vt 0.149405 0.999994
vt 0.453970 1.000000
vt 0.001605 1.000000
vt 0.005900 1.000000
vt 0.002468 1.000000
vt 0.006570 1.000000
vt 0.011404 0.998376
vt 0.995831 0.006909
vt 0.002845 0.494472
vt 0.004645 0.004431
vt 0.860991 0.356725
vt 0.021384 0.402890
vt 0.328112 0.751543
vt 0.167241 0.060522
vt 0.857162 0.000172
vt 0.429838 0.002694
vt 0.117352 0.719329
vt 0.737173 0.983864
vt 1.000005 0.001400
vt 0.013164 0.000125
vt 0.006706 0.355559
vt 0.851748 0.022554
vt 0.005864 0.994978
vt 0.251133 0.118298
vt 0.077950 0.130617
vt 0.100592 0.045957
vt 0.079294 0.203698
vt 0.430215 0.175062
vt 0.433167 0.095503
vt 0.121307 0.272055
vt 0.410561 0.314994
vt 0.432488 0.174377
vt 0.142081 0.394884
vt 0.100247 0.541964
vt 0.072392 0.439306
vt 0.389693 0.382076
vt 0.442019 0.456510
vt 0.442293 0.562690
vt 0.418561 0.619191
vt 0.117850 0.677442
vt 0.388834 0.751549
vt 0.405986 0.711630
vt 0.147791 0.833497
vt 0.343337 0.976328
vt 0.428865 0.824308
vt 0.077198 0.933974
vt 0.177039 0.959816
vt 0.077721 0.994384
vt 0.456802 0.901618
vt 0.939280 0.719436
vt 0.940745 0.286396
vt 0.424157 0.900441
vt 0.087056 0.775033
vt 0.408097 0.967406
vt 0.103848 0.214451
vt 0.423414 0.033866
vt 0.417598 0.081475
vt 0.406162 0.034038
vt 0.915696 0.050296
vt 0.919178 0.032727
vt 0.709828 0.192580
vt 0.557400 0.000000
vt 0.672247 0.062637
vt 0.584008 0.016174
vt 0.101805 0.780834
vt 0.419023 0.082247
vt 0.358534 0.036908
vt 0.143915 0.059314
vt 0.085661 0.156752
vt 0.231271 0.154407
vt 0.139725 0.252903
vt 0.374334 0.246169
vt 1.057800 0.285185
vt 1.057800 0.335182
vt 1.057800 0.272800
vt 0.070766 0.335258
vt 0.139615 0.398921
vt 1.057800 0.406155
vt 1.057800 0.402983
vt 1.057800 0.392001
vt 0.364235 0.409234
vt 0.433944 0.441502
vt 0.432112 0.441092
vt 0.090853 0.610603
vt 0.195252 0.513408
vt 0.364846 0.618501
vt 0.451035 0.562623
vt 0.244560 0.770598
vt 0.437269 0.799507
vt 0.437505 0.801568
vt 0.121775 0.914011
vt 0.418393 0.901583
vt 0.179950 0.992143
vt 0.079522 0.986947
vt 0.315744 0.988517
vt 0.449618 0.052381
vt 0.376317 0.125125
vt 0.472698 0.040945
vt 0.458961 0.898885
vt 0.913123 0.092661
vt 0.098553 0.782773
vt 0.468515 0.990521
vt 0.435845 0.820509
vt 0.435547 0.184126
vt 0.287772 0.034048
vt 0.434763 0.183322
vt 0.257075 0.039642
vt 0.448599 0.026307
vt 0.434703 0.093617
vt 0.042615 0.107011
vt 0.006122 0.129161
vt 1.057800 0.668297
vt 1.057800 0.722450
vt 1.057800 0.628440
vt 1.057800 0.925984
vt 1.057800 0.914997
vt 1.057800 0.819443
vt 1.057800 0.994429
vt 1.057800 0.987532
vt 0.702172 0.148058
vt 0.704118 0.146221
vt 0.140884 0.104934
vt 0.223051 0.880434
vt 0.459978 0.989296
vt 0.412449 0.023493
vt 0.349878 0.028479
vt 0.306776 0.600417
vt 0.841217 0.440255
vt 0.728297 0.232006
vt 0.397476 0.043674
vt 0.476975 0.087212
vt 0.671497 0.904716
vt 0.253978 0.903230
vt 0.061864 0.523386
vt 0.310650 0.359789
vt 0.947304 0.386184
vt 0.732696 0.281551
vt 0.949676 0.476089
vt 0.856036 0.080732
vt 0.122784 -0.000017
vt 0.037090 0.050715
vt 0.471541 1.000000
vt 0.873473 0.923198
vt 0.034785 0.952302
vt 1.000000 0.000000
vt 1.000000 0.049752
vt 1.000000 0.934583
vt 0.894063 0.924265
vt 1.000000 1.000000
vt 0.984252 0.873569
vt 0.995590 0.107422
vt 0.011004 0.482081
vt 0.030813 0.515507
vt 0.040774 0.085894
vt 0.789692 0.175384
vt 0.974134 0.791936
vt 0.755471 0.883839
vt 0.878409 0.017128
vt 0.996725 0.143049
vt 1.000000 0.080680
vt 1.000000 0.894409
vt 1.000000 0.814999
vt 1.000000 0.498907
vt 0.898811 0.974829
vt 0.115945 0.998575
vt 0.047225 0.930424
vt 0.149335 0.000000
vt 0.046223 0.006430
vt 0.474256 1.000000
vt 0.625000 1.000000
vt 1.000000 0.995291
vt 0.991280 0.977868
vt 1.000000 0.529227
vt 1.000000 0.000469
vt 0.146116 1.000000
vt 0.858347 0.058209
vt 0.697308 0.075853
vt 0.581267 0.056050
vt 0.423736 0.938662
vt 0.625856 0.972210
vt 0.313647 0.972575
vt 0.753460 0.980576
vt 0.155101 0.023490
vt 0.190206 0.926220
vt 0.403102 0.027197
vt 0.994079 0.000000
vt 0.982665 0.000000
vt 0.015891 0.000000
vt 0.990025 0.000000
vt 0.006302 0.009216
vt 0.000000 0.000000
vt 0.005413 0.000000
vt 0.011520 0.000000
vt 0.005927 0.090204
vt 0.066178 0.029883
vt 0.066411 0.304829
vt 0.066427 0.000000
vt 0.933949 0.268201
vt 0.933801 0.029732
vt 0.993838 0.099177
vt 0.067920 0.000000
vt 0.000000 0.061800
vt 1.000000 0.027579
vt 1.000000 0.296299
vt 0.933717 0.000000
vt 0.933818 0.000000
vt 0.923138 0.000000
vt 0.076750 0.000000
vt 0.934209 0.518641
vt 0.995769 0.357010
vt 0.017329 0.000000
vt 0.002956 0.000000
vt 0.995058 0.000000
vt 0.983970 0.000000
vt 0.003135 0.313505
vt 0.006026 0.044034
vt 0.000000 0.266127
vt 1.000000 0.015050
vt 1.000000 0.278385
vt 0.010699 0.000000
vt 0.761416 0.000000
vt 0.959877 0.000000
vt 0.854254 0.000000
vt 0.000000 0.010479
vt 0.005647 0.000000
vt 0.994300 0.031281
vt 0.974476 0.000000
vt 0.003586 0.438043
vt 0.000000 0.300776
vt 0.000000 0.313174
vt 1.000000 0.587456
vt 0.993396 0.009852
vt 0.993145 0.000000
vt 0.993930 0.123669
vt 0.996557 0.607526
vt 1.000000 0.339129
vt 0.005981 0.061800
vt 0.006481 0.010774
vt 0.000000 0.033431
vt 0.933789 0.060733
vt 0.066357 0.000000
vt 0.006042 0.000000
vt 0.933794 0.000000
vt 0.923446 0.000000
vt 0.983628 0.000000
vt 0.988871 0.000000
vt 0.995105 0.175869
vt 0.994389 0.010107
vt 0.076125 0.000000
vt 0.017025 0.000000
vt 0.984341 0.000000
vt 0.010195 0.000000
vt 0.002848 0.000000
vt 0.972866 0.000000
vt 0.733716 0.000000
vt 0.791514 0.000000
vt 0.633276 0.000000
vt 0.928867 0.000000
vt 0.944967 0.000000
vt 0.968015 0.000000
vt 0.945290 0.000000
vt 0.983072 0.000000
vt 0.000000 0.014055
vt 0.005663 0.000000
vt 0.005922 0.029860
vt 1.000000 0.004393
vt 1.000000 0.072679
vt 0.003150 0.324741
vt 0.040101 0.912863
vt 0.018089 0.162476
vt 0.124772 0.161058
vt 0.105556 0.816154
vt 0.085925 0.179336
vt 0.876498 0.176195
vt 0.527391 0.842965
vt 0.970891 0.193691
vt 0.957456 0.823236
vt 0.070010 0.832177
vt 0.718997 0.147867
vt 0.926690 0.888882
vt 0.922589 0.840545
vt 0.519605 0.095546
vt 0.933666 0.181348
vt 0.078474 0.028282
vt 0.497494 0.920499
vt 0.140698 0.850253
vt 0.910580 0.081348
vt 0.034565 0.177168
vt 0.465634 0.167754
vt 0.503596 0.810994
vt 0.421550 0.809900
vt 0.593470 0.809900
vt 0.972555 0.977618
vt 0.821543 0.971278
vt 0.941494 0.811000
vt 0.010296 0.864969
vt 0.069834 0.949776
vt 0.257001 0.921007
vt 0.868378 0.583822
vt 0.878651 0.340176
vt 0.667023 0.983712
vt 0.459418 0.890337
vt 0.711722 0.776849
vt 0.091908 0.507498
vt 0.234576 0.288964
vt 0.582420 0.068241
vt 0.302927 0.899653
vt 0.107395 0.350195
vt 0.303584 0.843741
vt 0.086018 0.670850
vt 0.491418 0.950717
vt 0.400178 0.093562
vt 0.974129 0.485861
vt 0.917989 0.598828
vt 0.044703 0.272841
vt 0.871186 0.959014
vt 0.963335 0.065853
vt 0.063985 0.105305
vt 0.878182 0.870939
vt 0.134386 0.758674
vt 0.836562 0.788142
vt 0.196747 0.187720
vt 0.141030 0.789359
vt 0.088178 0.716728
vt 0.817458 0.315866
vt 0.962927 0.793727
vt 0.869933 0.189317
vt 0.071060 0.618757
vt 0.963315 0.065807
vt 0.063966 0.105265
vt 0.878201 0.870963
vt 0.776833 0.968671
vt 0.992785 0.679498
vt 0.044705 0.272801
vt 0.134400 0.758667
vt 0.836570 0.788113
vt 0.196739 0.187712
vt 0.141049 0.789370
vt 0.088216 0.716691
vt 0.731013 0.375043
vt 0.962927 0.793795
vt 0.869939 0.189254
vt 0.081519 0.604936
vt 0.963326 0.065813
vt 0.063988 0.105295
vt 0.878187 0.870925
vt 0.776768 0.968650
vt 0.992794 0.679510
vt 0.044709 0.272797
vt 0.134399 0.758653
vt 0.836571 0.788090
vt 0.196766 0.187708
vt 0.141018 0.789325
vt 0.088229 0.716706
vt 0.731001 0.375039
vt 0.962927 0.793765
vt 0.869905 0.189256
vt 0.081526 0.604955
vt 0.742568 0.810984
vt 0.174797 0.796900
vt 0.220745 0.809900
vt 0.026717 0.809900
vt 0.531214 0.796900
vt 0.821233 0.809900
vt 0.076443 0.809900
vt 0.844998 -0.016028
vt 0.374053 0.004477
vt 0.000000 0.001568
vt 0.859965 1.000000
vt 0.757994 0.029772
vt 0.919157 0.046524
vt 0.930613 0.276305
vt 0.932914 0.986452
vt 0.000000 1.000000
vt 0.000000 0.989610
vt 0.504869 1.000000
vt 0.500055 1.000000
vt 0.464399 1.000000
vt 0.543560 0.998849
vt 0.500492 1.000000
vt 0.489603 1.000000
vt 0.251144 0.416376
vt 0.488937 0.778312
vt 0.381564 0.991327
vt 0.404984 0.998814
vt 0.265385 1.000000
vt 0.203502 1.000000
vt 0.491809 1.000000
vt 0.009374 1.000000
vt 0.338031 1.000000
vt 0.005174 1.000000
vt 0.006800 1.000000
vt 0.988297 0.492102
vt 0.988764 0.007742
vt 0.982642 0.501764
vt 0.995711 0.005225
vt 0.001158 0.010411
vt 0.814394 0.297192
vt 0.143065 0.059074
vt 0.009776 0.526894
vt 0.103018 0.062477
vt 0.006811 0.324482
vt 0.999932 0.000703
vt 0.991060 0.995245
vt 0.997232 0.989405
vt 0.003649 0.009774
vt 0.005289 0.006309
vt 0.703147 0.025962
vt 0.370568 0.004433
vt 0.252861 0.000000
vt 0.367326 1.000000
vt 0.637355 1.000000
vt 0.626742 1.000000
vt 0.871344 0.999962
vt 0.766213 0.036931
vt 0.936375 0.990192
vt 0.930361 0.269723
vt 0.500396 1.000000
vt 0.275443 0.984068
vt 0.553370 0.022799
vt 0.360469 1.000000
vt 0.008630 1.000000
vt 0.007388 1.000000
vt 0.004090 1.000000
vt 0.500005 1.000000
vt 0.006583 1.000000
vt 0.500000 1.000000
vt 0.032082 0.992745
vt 0.490350 1.000000
vt 0.168855 0.999998
vt 0.276660 1.000000
vt 0.005533 1.000000
vt 0.341260 1.000000
vt 0.500018 1.000000
vt 0.021223 1.000000
vt 0.041202 0.110615
vt 0.059145 0.023005
vt 0.065046 0.041649
vt 0.995290 0.994986
vt 0.140714 0.047438
vt 0.131562 0.026061
vt 0.961289 0.644142
vt 0.986388 0.000213
vt 0.912485 0.000000
vt 0.166056 0.013098
vt 0.079300 0.355746
vt 0.062500 0.619284
vt 0.090436 0.761182
vt 0.412658 0.968911
vt 0.772885 0.111000
vt 0.678870 0.152508
vt 0.964944 0.502233
vt 0.503073 0.055829
vt 1.057800 0.508957
vt 1.057800 0.462698
vt 1.057800 0.515849
vt 0.098872 0.734919
vt 0.095277 0.824417
vt 0.844566 0.019656
vt 0.376603 0.125032
vt 0.454727 0.540221
vt 0.454993 0.539475
vt 0.587685 0.013717
vt 0.941327 0.701143
vt 0.441434 0.454445
vt 0.938760 0.284574
vt 0.064834 0.082032
vt 0.077602 0.018470
vt 0.423104 0.000630
vt 0.427469 0.545067
vt 1.057800 0.812636
vt 1.057800 0.779760
vt 1.057800 0.869712
vt 0.918981 0.734893
vt 0.940600 0.278500
vt 0.128620 0.190029
vt 0.917505 0.000000
vt 0.945431 0.703266
vt 0.109520 0.045165
vt 0.472410 0.000000
vt 1.000000 0.001443
vt 1.000000 0.005933
vt 0.468698 0.000000
vt 0.006965 0.029175
vt 0.948433 0.000000
vt 0.929606 0.000000
vt 0.004527 0.363334
vt 0.635616 0.000000
vt 0.405299 0.000000
vt 0.066448 0.303112
vt 1.000000 0.026593
vt 0.015137 0.000000
vt 0.003371 0.000000
vt 0.068579 0.000000
vt 0.066230 0.029804
vt 0.012064 0.000000
vt 0.996443 0.000000
vt 0.947865 0.000000
vt 0.347507 0.000000
vt 0.000000 0.236426
vt 0.458421 0.889420
vt 0.134722 0.093963
vt 0.090186 0.808795
vt 0.280339 0.810992
vt 0.887558 0.961621
vt 0.901919 0.411409
vt 0.176703 0.181110
vt 0.462258 0.236536
vt 0.095205 0.146881
vt 0.340450 0.761577
vt 0.260302 0.950644
vt 0.850000 0.176714
vt 0.877172 0.027554
vt 0.176718 0.181099
vt 0.972914 0.800116
vt 1.000000 0.181144
vt 0.260309 0.950610
vt 0.849962 0.176723
vt 0.931012 0.603535
vt 0.308909 0.154348
vt 0.340501 0.761515
vt 0.877275 0.027597
vt 0.176697 0.181081
vt 0.972907 0.800107
vt 1.000000 0.181092
vt 0.260229 0.950616
vt 0.849988 0.176741
vt 0.931006 0.603531
vt 0.308911 0.154353
vt 0.340463 0.761504
vt 0.838116 0.796900
vt 1.000000 0.796900
vt 0.037969 0.811001
vt 0.880934 0.809900
vt 0.918576 0.810993
vt 0.118359 0.810999
s 1
usemtl _15211_Wakeboard_v1default
f 1/1/1 2/2/2 19/3/3
f 3/4/4 2/2/2 1/1/1
f 10/5/5 4/6/6 200/7/7
f 25/8/8 13/9/9 12/10/10
f 12/10/10 1/11/1 19/3/3
f 14/12/11 15/12/12 13/9/9
f 6/13/13 23/14/14 18/15/15
f 6/13/13 7/16/16 24/17/17
f 11/18/18 144/19/19 12/10/10
f 96/20/20 5/21/21 27/22/22
f 43/23/23 28/24/24 38/25/25
f 45/26/26 69/27/27 2/2/2
f 30/28/28 33/29/29 40/30/30
f 33/29/29 30/28/28 31/31/31
f 37/32/32 69/27/27 35/33/33
f 35/33/33 69/34/27 36/35/34
f 9/36/35 37/32/32 84/37/36
f 75/38/37 33/29/29 31/31/31
f 65/39/38 74/40/39 75/41/37
f 66/42/40 42/43/41 67/44/42
f 8/45/43 22/46/44 20/47/45
f 17/48/46 15/12/12 26/12/47
f 22/12/44 15/12/12 17/48/46
f 26/12/47 258/49/48 17/48/46
f 38/25/25 41/50/49 43/23/23
f 41/50/49 29/51/50 43/23/23
f 39/52/51 8/45/43 41/50/49
f 67/44/42 42/43/41 63/53/52
f 13/9/9 44/12/53 14/12/11
f 2/2/2 38/25/25 28/24/24
f 48/54/54 55/55/55 50/56/56
f 62/57/57 50/56/56 55/55/55
f 46/58/58 48/59/54 50/56/56
f 49/60/59 47/61/60 50/56/56
f 47/61/60 49/60/59 94/62/61
f 62/57/57 59/63/62 51/64/63
f 62/57/57 51/64/63 93/65/64
f 58/66/65 51/64/63 59/63/62
f 60/67/66 61/68/67 53/69/68
f 59/63/62 60/67/66 58/66/65
f 60/67/66 55/55/55 61/68/67
f 58/66/65 54/70/69 51/64/63
f 57/71/70 51/64/63 54/70/69
f 48/54/54 53/69/68 61/68/67
f 63/53/52 46/58/58 67/44/42
f 68/72/71 66/42/40 67/44/42
f 64/73/72 65/39/38 52/74/73
f 34/75/74 40/30/30 33/29/29
f 21/76/75 4/77/6 10/78/5
f 17/48/46 258/49/48 4/79/6
f 63/53/52 52/74/73 48/59/54
f 153/80/76 68/72/71 80/81/77
f 77/82/78 68/72/71 70/83/79
f 21/76/75 17/48/46 4/77/6
f 79/84/80 73/85/81 71/86/82
f 84/37/36 35/33/33 79/84/80
f 74/40/39 34/75/74 33/29/29
f 70/87/79 79/88/80 78/89/83
f 69/27/27 76/90/84 77/82/78
f 74/40/39 42/43/41 34/75/74
f 36/80/34 77/82/78 78/80/83
f 71/86/82 32/91/85 79/84/80
f 5/92/21 96/93/20 7/16/16
f 144/19/19 18/94/15 217/95/86
f 146/96/87 72/85/88 97/85/89
f 72/97/88 83/98/90 73/99/81
f 73/85/81 83/100/90 71/86/82
f 5/21/21 11/101/18 27/22/22
f 70/102/79 97/80/89 72/80/88
f 79/80/80 36/80/34 78/80/83
f 146/96/87 83/100/90 72/85/88
f 88/85/91 82/85/92 90/85/93
f 92/85/94 275/103/95 82/85/92
f 71/86/82 81/85/96 281/104/97
f 282/85/98 89/85/99 87/85/100
f 284/105/101 85/85/102 91/85/103
f 148/85/104 91/85/103 90/85/93
f 275/103/95 81/85/96 82/85/92
f 90/85/93 82/85/92 149/106/105
f 83/100/90 146/96/87 149/106/105
f 50/56/56 98/107/106 49/60/59
f 95/80/107 98/107/106 93/65/64
f 9/36/35 19/3/3 2/2/2
f 11/101/18 19/108/3 27/22/22
f 96/109/20 27/22/22 19/110/3
f 99/80/108 95/80/107 93/65/64
f 49/60/59 98/107/106 94/62/61
f 101/111/109 94/62/61 98/107/106
f 95/80/107 99/80/108 101/111/109
f 100/80/110 94/62/61 101/111/109
f 101/111/109 295/80/111 104/80/112
f 80/112/77 108/85/113 102/85/114
f 113/80/115 108/80/113 103/80/116
f 295/80/111 106/80/117 105/80/118
f 108/85/113 80/112/77 100/113/110
f 109/80/119 112/80/120 114/80/121
f 107/80/122 117/80/123 110/80/124
f 113/114/115 112/115/120 116/116/125
f 102/80/114 107/80/122 111/117/126
f 113/80/115 105/80/118 114/80/121
f 108/80/113 113/80/115 115/80/127
f 118/118/128 112/115/120 109/119/119
f 123/80/129 309/80/130 332/80/131
f 119/120/132 124/121/133 120/122/134
f 122/123/135 124/121/133 123/124/129
f 124/80/133 119/80/132 309/80/130
f 126/125/136 127/126/137 125/127/138
f 126/125/136 125/127/138 122/123/135
f 117/128/123 116/116/125 133/129/139
f 117/128/123 133/129/139 110/85/124
f 116/116/125 118/118/128 132/130/140
f 125/127/138 120/122/134 124/121/133
f 121/131/141 125/127/138 129/85/142
f 129/80/142 139/132/143 135/80/144
f 125/80/138 127/80/137 129/80/142
f 131/133/145 118/118/128 109/80/119
f 130/134/146 133/129/139 132/130/140
f 139/132/143 134/80/147 135/80/144
f 121/131/141 129/85/142 137/135/148
f 121/131/141 137/135/148 120/122/134
f 137/136/148 134/80/147 136/137/149
f 123/124/129 141/138/150 140/139/151
f 130/140/146 137/80/148 136/141/149
f 340/80/152 91/142/103 147/80/153
f 153/80/76 150/80/154 152/80/155
f 151/143/156 152/80/155 143/80/157
f 152/80/155 151/143/156 146/80/87
f 97/80/89 153/80/76 152/80/155
f 152/80/155 146/80/87 97/80/89
f 145/144/158 159/111/159 147/80/153
f 340/80/152 147/80/153 159/111/159
f 146/145/87 151/143/156 158/146/160
f 154/80/161 143/80/157 155/80/162
f 134/80/147 150/80/154 153/80/76
f 153/80/76 138/147/163 134/80/147
f 138/147/163 153/80/76 142/80/164
f 146/145/87 158/146/160 145/144/158
f 143/80/157 150/80/154 155/80/162
f 156/80/165 151/143/156 154/80/161
f 171/148/166 134/80/147 139/132/143
f 139/132/143 161/80/167 162/149/168
f 140/139/151 163/150/169 122/123/135
f 126/125/136 161/151/167 127/126/137
f 165/80/170 164/80/171 366/80/172
f 153/80/76 97/80/89 68/72/71
f 70/102/79 68/72/71 97/80/89
f 160/152/173 168/80/174 166/80/175
f 361/153/176 167/80/177 171/148/166
f 163/150/169 174/154/178 161/151/167
f 169/155/179 174/154/178 175/156/180
f 165/157/170 174/154/178 163/150/169
f 172/158/181 363/159/182 171/148/166
f 365/80/183 170/80/184 175/111/180
f 173/160/185 172/158/181 171/148/166
f 178/161/186 177/162/187 186/163/188
f 185/164/189 370/165/190 176/166/191
f 181/167/192 191/168/193 183/169/194
f 184/170/195 179/171/196 190/172/197
f 368/173/198 177/174/187 176/175/191
f 177/176/187 192/177/199 186/178/188
f 191/179/193 181/167/192 187/180/200
f 187/180/200 189/181/201 188/182/202
f 189/181/201 180/183/203 372/184/204
f 191/185/193 182/186/205 183/187/194
f 321/80/206 309/80/130 128/188/207
f 230/189/208 223/190/209 193/191/210
f 203/12/211 202/192/212 195/193/213
f 281/104/97 230/189/208 207/194/214
f 215/195/215 208/196/216 213/197/217
f 4/79/6 215/198/215 200/199/7
f 199/200/218 213/201/217 214/202/219
f 221/203/220 196/204/221 212/205/222
f 210/206/223 272/207/224 211/208/225
f 196/94/221 201/209/226 212/94/222
f 224/210/227 228/211/228 232/212/229
f 209/213/230 220/214/231 225/215/232
f 225/215/232 30/28/28 209/213/230
f 259/216/233 219/217/234 226/218/235
f 234/219/236 223/190/209 229/220/237
f 230/189/208 193/191/210 231/221/238
f 222/222/239 231/221/238 193/191/210
f 198/223/240 233/224/241 199/200/218
f 265/225/242 223/190/209 281/104/97
f 210/226/223 235/227/243 224/210/227
f 231/221/238 196/204/221 230/189/208
f 267/228/244 263/229/245 268/230/246
f 236/231/247 213/201/217 199/200/218
f 208/196/216 26/12/47 205/12/248
f 258/49/48 26/12/47 208/196/216
f 198/223/240 227/232/249 233/224/241
f 199/200/218 233/224/241 236/231/247
f 194/233/250 198/223/240 203/234/211
f 14/12/11 204/9/251 205/12/248
f 14/12/11 44/12/53 204/9/251
f 243/235/252 270/236/253 242/237/254
f 240/238/255 241/239/256 256/240/257
f 241/239/256 255/241/258 256/240/257
f 243/235/252 241/239/256 240/238/255
f 252/242/259 250/243/260 256/240/257
f 251/244/261 246/245/262 245/246/263
f 252/242/259 251/244/261 245/246/263
f 252/242/259 245/246/263 250/243/260
f 248/247/264 254/248/265 249/249/266
f 249/249/266 57/71/70 247/250/267
f 57/71/70 249/249/266 51/64/63
f 256/240/257 52/74/73 260/251/268
f 240/238/255 260/251/268 239/252/269
f 260/251/268 240/238/255 256/240/257
f 257/253/270 52/74/73 65/39/38
f 259/216/233 220/214/231 209/213/230
f 237/254/271 260/251/268 257/253/270
f 261/255/272 289/256/273 263/229/245
f 262/257/274 269/80/275 289/258/273
f 263/229/245 270/236/253 243/235/252
f 236/231/247 215/259/215 213/201/217
f 236/231/247 200/7/7 215/259/215
f 223/190/209 265/225/242 229/220/237
f 226/218/235 237/254/271 259/216/233
f 220/214/231 238/260/276 225/215/232
f 259/216/233 238/260/276 220/214/231
f 289/261/273 269/262/275 229/263/237
f 267/228/244 218/264/277 228/265/228
f 262/257/274 267/228/244 228/265/228
f 270/236/253 263/229/245 271/266/278
f 271/266/278 263/229/245 293/80/279
f 223/190/209 230/189/208 281/104/97
f 235/227/243 210/226/223 231/221/238
f 216/267/280 211/208/225 272/207/224
f 231/221/238 222/222/239 235/227/243
f 85/85/102 273/85/281 87/85/100
f 264/268/282 266/269/283 265/270/242
f 197/271/284 210/226/223 211/272/225
f 193/191/210 223/190/209 222/222/239
f 274/80/285 289/256/273 266/80/283
f 87/85/100 283/85/286 282/85/98
f 278/85/287 282/85/98 283/85/286
f 278/85/287 283/85/286 279/85/288
f 276/273/289 339/85/290 345/274/291
f 275/103/95 286/85/292 81/85/96
f 286/85/292 275/103/95 277/275/293
f 283/85/286 87/85/100 273/85/281
f 264/276/282 277/275/293 345/274/291
f 279/85/288 273/85/281 284/105/101
f 195/193/213 210/226/223 224/210/227
f 216/267/280 195/277/213 202/278/212
f 210/206/223 195/277/213 272/207/224
f 254/248/265 93/65/64 249/249/266
f 243/235/252 242/237/254 241/239/256
f 248/247/264 241/239/256 287/279/294
f 287/279/294 242/237/254 270/236/253
f 270/236/253 296/80/295 290/80/296
f 294/80/297 290/80/296 296/80/295
f 290/80/296 294/80/297 291/80/298
f 295/80/111 291/80/298 294/80/297
f 291/80/298 295/80/111 292/80/299
f 296/280/295 270/281/253 271/85/278
f 299/80/300 294/80/297 298/80/301
f 295/80/111 294/80/297 299/80/300
f 296/280/295 271/85/278 297/85/302
f 304/80/303 299/80/300 298/80/301
f 299/80/300 304/80/303 106/80/117
f 298/85/301 300/85/304 308/282/305
f 106/80/117 295/80/111 299/80/300
f 303/80/306 301/80/307 306/80/308
f 304/80/303 114/80/121 106/80/117
f 109/80/119 305/80/309 323/283/310
f 303/80/306 306/80/308 319/80/311
f 308/282/305 307/284/312 304/285/303
f 323/283/310 307/284/312 324/286/313
f 311/80/314 309/80/130 312/80/315
f 314/287/316 312/288/315 317/289/317
f 317/289/317 333/290/318 314/287/316
f 310/85/319 318/291/320 315/85/321
f 324/286/313 307/284/312 337/292/322
f 337/292/322 303/293/306 319/294/311
f 338/80/323 302/80/324 301/80/307
f 297/80/302 320/80/325 338/80/323
f 313/295/326 318/291/320 317/289/317
f 131/133/145 323/283/310 330/296/327
f 324/286/313 337/292/322 330/296/327
f 331/297/328 302/80/324 338/298/323
f 329/299/329 325/111/330 316/80/331
f 327/300/332 326/301/333 313/295/326
f 326/80/333 327/80/332 315/80/321
f 327/80/332 316/80/331 315/80/321
f 316/80/331 327/80/332 329/299/329
f 329/299/329 302/302/324 331/297/328
f 306/303/308 302/304/324 327/305/332
f 337/306/322 327/305/332 313/307/326
f 313/307/326 322/308/334 328/309/335
f 330/296/327 328/309/335 131/133/145
f 329/299/329 331/297/328 343/80/336
f 293/80/279 320/80/325 271/266/278
f 293/80/279 331/297/328 320/80/325
f 343/80/336 331/297/328 293/80/279
f 319/294/311 306/310/308 337/292/322
f 234/219/236 222/222/239 223/190/209
f 340/80/152 350/80/337 351/311/338
f 345/312/291 339/313/290 340/80/152
f 91/80/103 340/80/152 339/80/290
f 284/105/101 91/314/103 339/313/290
f 342/80/339 341/315/340 355/80/341
f 293/80/279 274/80/285 342/80/339
f 349/316/342 348/80/343 341/315/340
f 350/80/337 159/111/159 166/80/175
f 355/80/341 344/80/344 342/80/339
f 343/80/336 310/317/319 325/111/330
f 343/80/336 352/318/345 310/317/319
f 353/319/346 333/290/318 334/320/347
f 333/290/318 353/319/346 354/321/348
f 352/322/345 353/319/346 310/85/319
f 164/80/171 335/80/349 336/80/350
f 293/80/279 263/229/245 274/80/285
f 358/323/351 350/80/337 356/80/352
f 358/323/351 357/80/353 349/324/342
f 344/80/344 361/153/176 343/80/336
f 363/325/182 352/318/345 361/153/176
f 361/153/176 352/318/345 343/80/336
f 361/153/176 360/80/354 167/80/177
f 360/80/354 168/80/174 167/80/177
f 347/80/355 361/153/176 344/80/344
f 357/80/353 360/80/354 347/80/355
f 353/319/346 367/326/356 365/327/183
f 359/328/357 367/326/356 364/329/358
f 359/328/357 365/327/183 367/326/356
f 377/330/359 368/331/198 369/332/360
f 369/332/360 368/331/198 370/333/190
f 371/334/361 372/184/204 180/183/203
f 376/335/362 371/336/361 373/337/363
f 373/338/363 375/339/364 376/340/362
f 371/336/361 184/170/195 190/172/197
f 188/182/202 379/341/365 375/342/364
f 374/343/366 376/340/362 375/339/364
f 379/341/365 188/182/202 189/181/201
f 189/181/201 372/184/204 379/341/365
f 190/344/197 183/187/194 375/345/364
f 192/346/199 177/174/187 368/173/198
f 381/347/367 414/348/368 380/349/369
f 414/348/368 381/347/367 383/350/370
f 385/351/371 381/347/367 382/352/372
f 385/351/371 384/353/373 381/347/367
f 384/353/373 383/350/370 381/347/367
f 387/354/374 385/351/371 435/355/375
f 387/354/374 386/356/376 385/351/371
f 390/357/377 388/358/378 386/356/376
f 389/359/379 403/360/380 386/356/376
f 390/357/377 386/356/376 391/361/381
f 424/362/382 390/357/377 391/361/381
f 424/362/382 392/363/383 390/357/377
f 396/364/384 392/363/383 424/362/382
f 424/362/382 426/365/385 396/364/384
f 396/364/384 394/366/386 392/363/383
f 399/367/387 394/366/386 395/368/388
f 398/369/389 397/370/390 380/371/369
f 395/368/388 400/372/391 399/367/387
f 401/373/392 391/361/381 403/360/380
f 409/374/393 401/373/392 403/360/380
f 400/375/391 395/368/388 402/376/394
f 395/368/388 408/377/395 402/376/394
f 385/351/371 410/378/396 407/379/397
f 403/360/380 391/361/381 386/356/376
f 382/380/372 381/347/367 399/381/387
f 434/382/398 402/383/394 445/384/399
f 405/385/400 404/386/401 401/387/392
f 402/376/394 408/377/395 445/388/399
f 442/389/402 399/381/387 413/390/403
f 382/380/372 399/381/387 442/389/402
f 412/391/404 414/392/368 415/393/405
f 413/390/403 412/391/404 415/393/405
f 383/350/370 417/394/406 414/392/368
f 418/395/407 415/393/405 417/394/406
f 435/355/375 415/393/405 418/395/407
f 384/396/373 416/397/408 417/398/406
f 416/399/408 419/400/409 417/394/406
f 418/395/407 417/394/406 387/354/374
f 388/401/378 416/397/408 386/402/376
f 416/397/408 388/401/378 419/403/409
f 420/404/410 387/354/374 417/394/406
f 437/405/411 403/406/380 420/404/410
f 420/404/410 403/406/380 389/359/379
f 422/407/412 421/408/413 390/357/377
f 421/408/413 423/409/414 433/410/415
f 426/365/385 423/409/414 425/411/416
f 395/412/388 396/364/384 428/413/417
f 429/414/418 430/415/419 425/411/416
f 412/416/404 429/414/418 411/417/420
f 429/414/418 412/416/404 430/415/419
f 412/416/404 413/418/403 430/415/419
f 409/419/393 443/420/421 406/421/422
f 430/422/419 402/423/394 434/382/398
f 400/372/391 402/423/394 430/422/419
f 434/424/398 428/413/417 430/415/419
f 434/424/398 441/425/423 428/426/417
f 385/427/371 407/428/397 435/429/375
f 407/428/397 436/430/424 435/429/375
f 435/355/375 436/431/424 442/432/402
f 449/433/425 442/389/402 436/434/424
f 415/393/405 435/355/375 442/432/402
f 420/404/410 389/359/379 387/354/374
f 392/435/383 393/436/426 422/437/412
f 398/438/389 429/439/418 427/440/427
f 380/441/369 411/442/420 398/438/389
f 398/438/389 411/442/420 429/439/418
f 428/413/417 441/443/423 408/444/395
f 442/389/402 449/445/425 382/380/372
f 441/425/423 440/446/428 438/447/429
f 450/448/430 448/449/431 436/430/424
f 445/388/399 408/377/395 447/450/432
f 406/421/422 447/450/432 446/451/433
f 447/450/432 408/377/395 404/452/401
f 447/450/432 406/421/422 407/379/397
f 449/445/425 448/453/431 454/454/434
f 451/455/435 440/446/428 452/456/436
f 449/445/425 453/457/437 439/458/438
f 450/448/430 454/454/434 448/453/431
f 454/454/434 450/448/430 444/459/439
f 438/460/429 455/461/440 444/459/439
f 451/455/435 452/456/436 453/457/437
f 456/462/441 491/463/442 457/464/443
f 460/465/444 461/466/445 488/467/446
f 486/468/447 492/468/448 459/469/449
f 458/470/450 461/471/445 460/472/444
f 456/462/441 457/464/443 488/467/446
f 458/470/450 463/473/451 461/471/445
f 459/469/449 464/474/452 458/470/450
f 490/475/453 488/467/446 457/464/443
f 466/476/454 467/477/455 465/478/456
f 465/478/456 470/479/457 468/480/458
f 465/478/456 471/481/459 472/482/460
f 473/483/461 472/482/460 471/481/459
f 479/484/462 469/485/463 481/486/464
f 472/482/460 473/483/461 481/486/464
f 478/487/465 475/488/466 480/489/467
f 477/490/468 471/481/459 476/491/469
f 483/492/470 478/487/465 487/493/471
f 487/494/471 478/495/465 479/484/462
f 480/489/467 466/476/454 468/480/458
f 465/478/456 476/491/469 471/481/459
f 478/495/465 470/479/457 469/485/463
f 469/485/463 470/479/457 472/482/460
f 469/485/463 472/482/460 481/486/464
f 478/495/465 469/485/463 479/484/462
f 490/475/453 466/476/454 480/489/467
f 479/484/462 481/486/464 482/496/472
f 475/488/466 483/492/470 460/465/444
f 491/463/442 477/490/468 476/491/469
f 459/469/449 484/497/473 486/468/447
f 473/483/461 484/497/473 459/469/449
f 488/467/446 475/488/466 489/498/474
f 480/489/467 475/488/466 488/467/446
f 482/496/472 481/486/464 473/483/461
f 467/477/455 466/476/454 490/475/453
f 475/488/466 460/465/444 489/498/474
f 458/470/450 462/472/475 487/494/471
f 458/470/450 487/494/471 479/484/462
f 479/484/462 482/496/472 458/470/450
f 494/499/476 495/500/477 496/501/478
f 500/502/479 502/503/480 499/504/481
f 493/505/482 499/504/481 502/503/480
f 499/504/481 493/505/482 494/499/476
f 499/504/481 498/506/483 501/507/484
f 497/508/485 500/502/479 501/507/484
f 494/499/476 497/508/485 498/506/483
f 494/499/476 496/501/478 497/508/485
f 508/509/486 528/468/487 514/468/488
f 521/510/489 509/511/490 515/512/491
f 505/513/492 510/514/493 506/515/494
f 506/515/494 520/516/495 509/511/490
f 503/517/496 517/518/497 523/519/498
f 505/513/492 517/518/497 503/517/496
f 506/515/494 518/520/499 505/513/492
f 527/521/500 526/522/501 507/523/502
f 518/520/499 506/515/494 524/524/503
f 512/525/504 505/513/492 503/517/496
f 507/523/502 511/526/505 522/527/506
f 515/512/491 509/511/490 520/516/495
f 508/509/486 515/512/491 528/468/487
f 529/528/507 508/509/486 519/529/508
f 521/510/489 508/509/486 529/528/507
f 521/510/489 546/530/509 525/531/510
f 569/532/511 531/533/512 527/521/500
f 524/524/503 530/534/513 535/535/514
f 537/536/515 529/528/507 519/529/508
f 525/531/510 546/530/509 536/537/516
f 530/534/513 525/531/510 536/537/516
f 548/538/517 533/539/518 545/540/519
f 538/541/520 531/533/512 542/542/521
f 535/535/514 530/534/513 544/543/522
f 539/544/523 538/545/520 540/546/524
f 541/547/525 532/548/526 540/514/524
f 534/549/527 538/541/520 537/536/515
f 543/550/528 536/537/516 539/468/523
f 543/550/528 544/543/522 536/537/516
f 523/519/498 504/551/529 503/517/496
f 504/551/529 547/552/530 503/517/496
f 564/553/531 547/552/530 504/551/529
f 542/542/521 531/533/512 593/554/532
f 555/555/533 565/468/534 556/556/535
f 554/557/536 516/558/537 561/559/538
f 553/560/539 552/561/540 563/562/541
f 569/532/511 554/557/536 570/563/542
f 527/521/500 516/558/537 569/532/511
f 571/564/543 551/565/544 552/561/540
f 576/566/545 555/555/533 556/556/535
f 554/557/536 555/555/533 570/563/542
f 573/567/546 556/556/535 557/568/547
f 552/561/540 562/514/548 563/562/541
f 556/556/535 573/567/546 576/566/545
f 565/468/534 560/569/549 556/556/535
f 577/570/550 569/532/511 570/563/542
f 569/532/511 577/570/550 531/533/512
f 576/566/545 580/571/551 570/563/542
f 559/572/552 581/573/553 584/574/554
f 587/514/555 585/575/556 583/576/557
f 591/577/558 581/573/553 585/575/556
f 587/578/555 588/579/559 591/580/558
f 589/581/560 582/582/561 590/583/562
f 590/583/562 582/582/561 592/584/563
f 592/584/563 582/582/561 593/585/532
f 589/586/560 579/587/564 578/588/565
f 590/589/562 592/590/563 580/571/551
f 587/514/555 583/576/557 579/587/564
f 584/574/554 591/577/558 588/468/559
f 550/591/566 564/553/531 504/551/529
f 577/570/550 593/554/532 531/533/512
f 593/554/532 577/570/550 592/590/563
f 599/592/567 596/593/568 604/594/569
f 605/595/570 600/596/571 595/597/572
f 597/598/573 600/599/571 605/600/570
f 598/601/574 595/602/572 599/603/567
f 598/604/574 605/595/570 595/597/572
f 600/599/571 597/598/573 606/605/575
f 599/603/567 595/602/572 596/606/568
f 596/607/568 595/602/572 606/608/575
f 601/609/576 597/598/573 599/610/567
f 604/611/569 606/608/575 602/612/577
f 627/613/578 657/614/579 609/615/580
f 611/616/581 610/617/582 654/618/583
f 610/619/582 611/620/581 612/621/584
f 626/622/585 615/623/586 616/624/587
f 621/625/588 624/626/589 623/627/590
f 619/628/591 623/627/590 620/629/592
f 623/627/590 619/628/591 621/625/588
f 618/630/593 625/631/594 623/627/590
f 623/627/590 625/631/594 620/629/592
f 624/626/589 620/629/592 626/622/585
f 623/627/590 624/626/589 618/630/593
f 617/632/595 616/624/587 610/617/582
f 617/633/595 612/621/584 625/631/594
f 612/621/584 613/634/596 615/623/586
f 615/623/586 613/634/596 616/624/587
f 620/629/592 625/631/594 614/635/597
f 615/623/586 620/629/592 614/635/597
f 618/630/593 626/622/585 617/632/595
f 635/636/598 628/637/599 630/638/600
f 635/636/598 630/638/600 634/639/601
f 631/640/602 628/641/599 633/642/603
f 631/643/602 633/644/603 630/645/600
f 633/646/603 629/647/604 634/648/601
f 631/649/602 630/650/600 628/651/599
f 639/652/605 643/653/606 641/654/607
f 642/655/608 636/656/609 638/657/610
f 639/658/605 641/659/607 638/660/610
f 641/661/607 637/662/611 642/663/608
f 639/664/605 638/665/610 643/666/606
f 647/667/612 651/668/613 649/669/614
f 650/670/615 644/671/616 646/672/617
f 647/673/612 649/674/614 646/675/617
f 649/676/614 645/677/618 650/678/615
f 647/679/612 646/680/617 651/681/613
f 654/618/583 610/617/582 659/682/619
f 656/683/620 655/684/621 652/685/622
f 658/686/623 657/614/579 655/684/621
f 659/682/619 616/624/587 627/613/578
f 657/614/579 658/686/623 652/687/622
s 0
f 660/688/624 652/685/624 655/684/624
s 1
f 144/19/19 25/8/8 12/10/10
f 5/92/21 7/16/16 6/13/13
f 66/42/40 76/90/84 42/43/41
f 12/10/10 13/9/9 1/11/1
f 26/12/47 15/12/12 14/12/11
f 13/9/9 15/12/12 16/12/625
f 22/12/44 16/12/625 15/12/12
f 71/86/82 207/194/214 32/91/85
f 21/76/75 20/689/45 17/48/46
f 41/50/49 8/45/43 34/75/74
f 5/21/21 6/690/13 11/101/18
f 6/13/13 32/91/85 23/14/14
f 23/14/14 217/691/86 18/15/15
f 34/75/74 29/51/50 41/50/49
f 2/2/2 69/27/27 37/32/32
f 30/28/28 225/215/232 31/31/31
f 207/194/214 23/14/14 32/91/85
f 84/37/36 32/91/85 24/17/17
f 24/17/17 9/36/35 84/37/36
f 38/25/25 39/52/51 41/50/49
f 30/28/28 40/30/30 10/5/5
f 200/7/7 30/28/28 10/5/5
f 281/104/97 207/194/214 71/86/82
f 6/13/13 24/17/17 32/91/85
f 40/30/30 8/45/43 20/47/45
f 63/53/52 42/43/41 74/40/39
f 65/39/38 64/73/72 74/40/39
f 69/27/27 28/24/24 76/90/84
f 56/692/626 54/70/69 53/69/68
f 8/45/43 39/52/51 22/46/44
f 20/12/45 22/12/44 17/48/46
f 16/693/625 38/25/25 1/1/1
f 3/4/4 1/1/1 38/25/25
f 16/12/625 1/11/1 13/9/9
f 13/9/9 25/8/8 44/12/53
f 28/24/24 45/26/26 2/2/2
f 28/24/24 69/27/27 45/26/26
f 38/25/25 2/2/2 3/4/4
f 76/90/84 28/24/24 43/23/23
f 47/61/60 67/44/42 46/58/58
f 67/44/42 47/61/60 94/62/61
f 50/56/56 47/61/60 46/58/58
f 58/66/65 60/67/66 53/69/68
f 54/70/69 58/66/65 53/69/68
f 53/69/68 48/54/54 56/692/626
f 55/55/55 60/67/66 59/63/62
f 59/63/62 62/57/57 55/55/55
f 61/68/67 55/55/55 48/54/54
f 96/93/20 24/17/17 7/16/16
f 52/74/73 56/692/626 48/59/54
f 57/71/70 56/692/626 52/74/73
f 93/65/64 51/64/63 249/249/266
f 63/53/52 48/59/54 46/58/58
f 40/30/30 34/75/74 8/45/43
f 63/53/52 74/40/39 64/73/72
f 76/90/84 68/72/71 77/82/78
f 64/73/72 52/74/73 63/53/52
f 20/47/45 21/694/75 40/30/30
f 10/5/5 40/30/30 21/694/75
f 75/38/37 74/40/39 33/29/29
f 73/99/81 79/695/80 70/696/79
f 70/696/79 72/97/88 73/99/81
f 29/51/50 42/43/41 43/23/23
f 34/75/74 42/43/41 29/51/50
f 76/90/84 43/23/23 42/43/41
f 77/82/78 36/80/34 69/27/27
f 32/91/85 84/37/36 79/84/80
f 144/19/19 6/94/13 18/94/15
f 71/86/82 83/100/90 81/85/96
f 88/85/91 282/85/98 280/85/627
f 36/35/34 79/84/80 35/33/33
f 83/100/90 149/106/105 82/85/92
f 280/85/627 82/85/92 88/85/91
f 90/85/93 86/697/628 88/85/91
f 86/697/628 89/85/99 88/85/91
f 85/85/102 86/697/628 91/85/103
f 89/85/99 86/697/628 87/85/100
f 148/85/104 90/85/93 149/106/105
f 82/85/92 81/85/96 83/100/90
f 102/85/114 115/85/127 107/85/122
f 11/94/18 12/10/10 19/3/3
f 37/32/32 9/36/35 2/2/2
f 9/36/35 96/93/20 19/3/3
f 78/80/83 77/82/78 70/83/79
f 68/72/71 67/44/42 80/81/77
f 93/65/64 98/107/106 62/57/57
f 98/107/106 50/56/56 62/57/57
f 80/81/77 67/44/42 94/62/61
f 292/80/299 99/80/108 93/65/64
f 95/80/107 101/111/109 98/107/106
f 101/111/109 99/80/108 292/80/299
f 100/113/110 80/112/77 94/698/61
f 153/80/76 80/81/77 102/80/114
f 100/80/110 101/111/109 104/80/112
f 100/80/110 104/80/112 103/80/116
f 101/111/109 292/80/299 295/80/111
f 104/80/112 295/80/111 105/80/118
f 113/80/115 103/80/116 105/80/118
f 106/80/117 114/80/121 105/80/118
f 116/116/125 115/85/127 113/114/115
f 108/80/113 100/80/110 103/80/116
f 103/80/116 104/80/112 105/80/118
f 110/80/124 111/117/126 107/80/122
f 113/80/115 114/80/121 112/80/120
f 141/80/150 332/80/131 335/80/349
f 107/85/122 115/85/127 117/128/123
f 116/116/125 112/115/120 118/118/128
f 123/80/129 124/80/133 309/80/130
f 122/123/135 125/127/138 124/121/133
f 133/129/139 116/116/125 132/130/140
f 102/80/114 111/117/126 142/80/164
f 125/127/138 121/131/141 120/122/134
f 128/188/207 309/80/130 119/120/132
f 129/80/142 127/80/137 139/132/143
f 323/283/310 131/80/145 109/80/119
f 111/117/126 110/80/124 136/141/149
f 130/140/146 136/141/149 110/80/124
f 130/134/146 110/85/124 133/129/139
f 138/147/163 111/117/126 136/141/149
f 137/80/148 135/80/144 134/80/147
f 135/80/144 137/80/148 129/80/142
f 120/122/134 128/188/207 119/120/132
f 120/699/134 137/136/148 132/700/140
f 130/701/146 132/700/140 137/136/148
f 128/702/207 120/699/134 132/700/140
f 132/700/140 118/703/128 128/702/207
f 118/118/128 131/133/145 128/702/207
f 136/137/149 134/80/147 138/147/163
f 126/125/136 163/150/169 161/151/167
f 122/123/135 123/124/129 140/139/151
f 153/80/76 102/80/114 142/80/164
f 111/704/126 138/80/163 142/80/164
f 84/37/36 37/32/32 35/33/33
f 146/145/87 147/80/153 148/705/104
f 91/142/103 148/705/104 147/80/153
f 143/80/157 152/80/155 150/80/154
f 149/706/105 146/707/87 148/705/104
f 158/146/160 151/143/156 157/708/629
f 143/80/157 154/80/161 151/143/156
f 151/143/156 156/80/165 157/708/629
f 154/80/161 155/80/162 167/80/177
f 156/80/165 154/80/161 168/80/174
f 146/145/87 145/144/158 147/80/153
f 155/80/162 150/80/154 134/80/147
f 158/709/160 157/710/629 160/711/173
f 127/80/137 161/80/167 139/132/143
f 165/80/170 335/80/349 164/80/171
f 140/139/151 165/157/170 163/150/169
f 173/160/185 162/149/168 169/712/179
f 145/713/158 166/80/175 159/111/159
f 171/148/166 167/80/177 155/80/162
f 168/80/174 154/80/161 167/80/177
f 160/152/173 156/80/165 168/80/174
f 160/152/173 157/80/629 156/80/165
f 155/80/162 134/80/147 171/148/166
f 171/148/166 139/132/143 162/149/168
f 169/712/179 170/714/184 173/160/185
f 170/714/184 172/715/181 173/160/185
f 361/153/176 171/148/166 363/325/182
f 356/80/352 166/80/175 357/80/353
f 166/80/175 168/80/174 357/80/353
f 160/152/173 145/144/158 158/709/160
f 166/80/175 145/713/158 160/152/173
f 161/151/167 174/154/178 162/85/168
f 169/155/179 162/85/168 174/154/178
f 165/80/170 366/80/172 174/80/178
f 366/80/172 365/80/183 174/80/178
f 187/180/200 180/183/203 189/181/201
f 175/156/180 170/714/184 169/712/179
f 175/111/180 174/80/178 365/80/183
f 369/716/360 185/717/189 178/718/186
f 176/719/191 177/162/187 178/161/186
f 178/161/186 185/720/189 176/719/191
f 180/183/203 184/721/195 371/334/361
f 184/721/195 180/183/203 181/722/192
f 184/170/195 181/723/192 183/724/194
f 183/724/194 179/171/196 184/170/195
f 190/344/197 179/725/196 183/187/194
f 187/180/200 188/182/202 182/726/205
f 186/727/188 377/728/359 178/718/186
f 187/180/200 182/726/205 191/179/193
f 204/9/251 25/8/8 202/192/212
f 375/345/364 183/187/194 182/186/205
f 370/165/190 368/729/198 176/166/191
f 192/177/199 377/730/359 186/178/188
f 128/188/207 328/80/335 321/80/206
f 131/133/145 328/309/335 128/702/207
f 198/223/240 214/202/219 206/731/630
f 198/223/240 199/200/218 214/202/219
f 200/7/7 236/231/247 30/28/28
f 204/9/251 214/12/219 205/12/248
f 203/12/211 204/9/251 202/192/212
f 26/12/47 14/12/11 205/12/248
f 221/203/220 207/194/214 230/189/208
f 259/216/233 209/213/230 233/224/241
f 197/271/284 231/221/238 210/226/223
f 216/267/280 196/732/221 211/272/225
f 211/272/225 196/204/221 231/221/238
f 212/205/222 217/691/86 23/14/14
f 23/14/14 221/203/220 212/205/222
f 197/271/284 211/272/225 231/221/238
f 202/192/212 25/8/8 217/95/86
f 217/95/86 201/209/226 202/192/212
f 216/733/280 202/192/212 201/209/226
f 212/94/222 201/209/226 217/95/86
f 194/233/250 218/264/277 198/223/240
f 227/232/249 198/223/240 218/264/277
f 259/216/233 233/224/241 219/217/234
f 224/210/227 234/219/236 228/211/228
f 222/222/239 234/219/236 224/210/227
f 227/232/249 226/218/235 219/217/234
f 288/734/631 228/211/228 234/219/236
f 234/219/236 229/220/237 288/734/631
f 228/211/228 194/233/250 232/212/229
f 209/213/230 236/231/247 233/224/241
f 30/28/28 236/231/247 209/213/230
f 221/203/220 230/189/208 196/204/221
f 65/39/38 75/41/37 238/260/276
f 267/228/244 262/257/274 263/229/245
f 205/12/248 214/12/219 213/12/217
f 213/12/217 208/196/216 205/12/248
f 219/217/234 233/224/241 227/232/249
f 237/254/271 268/230/246 239/252/269
f 203/234/211 198/223/240 206/731/630
f 204/9/251 203/12/211 206/12/630
f 244/735/632 248/247/264 249/249/266
f 227/232/249 218/264/277 267/228/244
f 248/247/264 255/241/258 241/239/256
f 244/735/632 246/245/262 251/244/261
f 255/241/258 251/244/261 256/240/257
f 246/245/262 250/243/260 245/246/263
f 249/249/266 247/250/267 246/245/262
f 253/736/633 244/735/632 251/244/261
f 253/736/633 251/244/261 255/241/258
f 255/241/258 248/247/264 253/736/633
f 251/244/261 252/242/259 256/240/257
f 280/85/627 279/85/288 285/85/634
f 249/249/266 246/245/262 244/735/632
f 287/279/294 254/248/265 248/247/264
f 52/74/73 256/737/257 250/243/260
f 250/243/260 247/250/267 52/74/73
f 57/71/70 52/74/73 247/250/267
f 257/253/270 260/251/268 52/74/73
f 243/235/252 240/238/255 239/252/269
f 238/260/276 237/254/271 257/253/270
f 238/260/276 257/253/270 65/39/38
f 263/229/245 239/252/269 268/230/246
f 237/254/271 239/252/269 260/251/268
f 208/196/216 4/79/6 258/49/48
f 263/229/245 262/257/274 261/255/272
f 263/229/245 289/256/273 274/80/285
f 262/257/274 289/258/273 261/255/272
f 215/195/215 4/738/6 208/196/216
f 225/215/232 238/260/276 75/38/37
f 226/218/235 268/230/246 237/254/271
f 259/216/233 237/254/271 238/260/276
f 289/739/273 265/270/242 266/269/283
f 289/739/273 229/740/237 265/270/242
f 225/215/232 75/38/37 31/31/31
f 268/230/246 227/232/249 267/228/244
f 227/232/249 268/230/246 226/218/235
f 288/741/631 262/257/274 228/265/228
f 262/257/274 229/80/237 269/80/275
f 288/741/631 229/80/237 262/257/274
f 280/85/627 92/85/94 82/85/92
f 92/85/94 276/742/289 277/275/293
f 286/85/292 264/276/282 265/225/242
f 265/225/242 281/104/97 286/85/292
f 285/85/634 276/273/289 92/85/94
f 264/276/282 274/85/285 266/85/283
f 92/85/94 280/85/627 285/85/634
f 81/85/96 286/85/292 281/104/97
f 280/85/627 282/85/98 278/85/287
f 308/282/305 297/85/302 301/85/307
f 285/85/634 279/85/288 284/85/101
f 273/85/281 85/85/102 284/105/101
f 285/85/634 284/85/101 339/85/290
f 285/85/634 339/85/290 276/273/289
f 277/275/293 264/276/282 286/85/292
f 345/274/291 274/85/285 264/276/282
f 92/85/94 277/275/293 275/103/95
f 279/85/288 283/85/286 273/85/281
f 276/742/289 345/274/291 277/275/293
f 224/210/227 232/212/229 195/193/213
f 194/233/250 195/193/213 232/212/229
f 203/743/211 195/193/213 194/233/250
f 272/207/224 195/277/213 216/267/280
f 222/222/239 224/210/227 235/227/243
f 239/252/269 263/229/245 243/235/252
f 241/239/256 242/237/254 287/279/294
f 93/65/64 254/248/265 292/80/299
f 291/80/298 254/248/265 287/279/294
f 287/279/294 270/236/253 290/80/296
f 287/279/294 290/80/296 291/80/298
f 292/80/299 254/248/265 291/80/298
f 298/80/301 294/80/297 296/80/295
f 298/80/301 308/80/305 304/80/303
f 317/289/317 334/320/347 333/290/318
f 297/80/302 271/266/278 320/80/325
f 296/80/295 300/80/304 298/80/301
f 300/85/304 296/280/295 297/85/302
f 109/80/119 114/80/121 305/80/309
f 302/80/324 306/80/308 301/80/307
f 304/80/303 307/80/312 305/80/309
f 305/80/309 114/80/121 304/80/303
f 297/80/302 338/80/323 301/80/307
f 323/283/310 305/80/309 307/80/312
f 308/282/305 303/293/306 307/284/312
f 301/85/307 303/293/306 308/282/305
f 311/80/314 332/80/131 309/80/130
f 322/744/334 313/295/326 317/289/317
f 314/287/316 311/745/314 312/288/315
f 352/318/345 362/746/635 364/747/358
f 310/85/319 334/320/347 318/291/320
f 321/80/206 322/744/334 312/288/315
f 317/289/317 312/288/315 322/744/334
f 337/292/322 307/284/312 303/293/306
f 313/295/326 326/301/333 318/291/320
f 315/85/321 318/291/320 326/301/333
f 312/80/315 309/80/130 321/80/206
f 316/80/331 310/317/319 315/80/321
f 323/283/310 324/286/313 330/296/327
f 321/80/206 328/80/335 322/744/334
f 327/305/332 302/302/324 329/299/329
f 337/306/322 306/303/308 327/305/332
f 330/748/327 337/306/322 313/307/326
f 330/748/327 313/307/326 328/309/335
f 310/317/319 316/80/331 325/111/330
f 329/299/329 343/80/336 325/111/330
f 311/80/314 336/80/350 335/80/349
f 335/80/349 332/80/131 311/80/314
f 336/749/350 311/745/314 314/287/316
f 196/94/221 216/733/280 201/209/226
f 342/80/339 274/80/285 345/750/291
f 345/750/291 341/315/340 342/80/339
f 351/311/338 345/312/291 340/80/152
f 345/312/291 346/751/636 341/315/340
f 349/316/342 341/315/340 346/751/636
f 341/315/340 347/80/355 355/80/341
f 344/80/344 355/80/341 347/80/355
f 348/80/343 347/80/355 341/315/340
f 343/80/336 342/80/339 344/80/344
f 342/80/339 343/80/336 293/80/279
f 345/312/291 351/311/338 346/751/636
f 340/80/152 159/111/159 350/80/337
f 358/752/351 349/753/342 346/754/636
f 353/319/346 366/755/172 354/321/348
f 314/287/316 333/290/318 354/321/348
f 310/85/319 353/319/346 334/320/347
f 354/80/348 164/80/171 336/80/350
f 164/715/171 354/321/348 366/755/172
f 336/749/350 314/287/316 354/321/348
f 320/80/325 331/80/328 338/80/323
f 166/80/175 356/80/352 350/80/337
f 347/80/355 360/80/354 361/153/176
f 348/80/343 357/80/353 347/80/355
f 349/324/342 357/80/353 348/80/343
f 351/756/338 350/80/337 358/323/351
f 364/329/358 362/746/635 359/328/357
f 170/80/184 359/80/357 172/757/181
f 362/746/635 172/715/181 359/328/357
f 360/80/354 357/80/353 168/80/174
f 358/323/351 356/80/352 357/80/353
f 346/754/636 351/756/338 358/323/351
f 352/322/345 367/326/356 353/319/346
f 364/329/358 367/326/356 352/322/345
f 366/755/172 353/319/346 365/327/183
f 363/325/182 172/758/181 362/746/635
f 410/759/396 439/760/438 445/761/399
f 359/328/357 170/715/184 365/327/183
f 377/330/359 192/762/199 368/331/198
f 373/763/363 190/344/197 375/345/364
f 371/336/361 190/172/197 373/337/363
f 376/764/362 372/184/204 371/334/361
f 375/342/364 379/341/365 378/765/637
f 182/726/205 188/182/202 375/342/364
f 369/716/360 370/165/190 185/717/189
f 178/718/186 377/728/359 369/716/360
f 374/766/366 375/342/364 378/765/637
f 376/340/362 374/767/366 378/765/637
f 378/765/637 379/341/365 372/184/204
f 378/765/637 372/184/204 376/764/362
f 399/381/387 381/347/367 397/768/390
f 380/349/369 397/768/390 381/347/367
f 386/356/376 416/769/408 384/353/373
f 386/356/376 384/353/373 385/351/371
f 386/356/376 387/354/374 389/359/379
f 422/770/412 390/357/377 392/363/383
f 392/363/383 394/366/386 393/771/426
f 396/364/384 395/368/388 394/366/386
f 397/370/390 398/369/389 394/366/386
f 399/367/387 397/370/390 394/366/386
f 431/772/638 399/367/387 400/372/391
f 441/443/423 404/386/401 408/773/395
f 385/351/371 382/352/372 410/378/396
f 438/774/429 401/387/392 404/386/401
f 405/775/400 401/373/392 409/374/393
f 409/419/393 406/421/422 405/776/400
f 417/394/406 415/393/405 414/392/368
f 442/432/402 413/390/403 415/393/405
f 435/355/375 418/395/407 387/354/374
f 420/404/410 417/394/406 419/400/409
f 421/408/413 419/400/409 388/358/378
f 420/404/410 419/400/409 421/408/413
f 421/777/413 388/778/378 390/779/377
f 421/408/413 422/407/412 423/409/414
f 422/407/412 393/780/426 425/411/416
f 423/409/414 422/407/412 425/411/416
f 424/362/382 423/409/414 426/365/385
f 425/411/416 393/780/426 427/781/427
f 428/413/417 426/365/385 425/411/416
f 427/781/427 429/414/418 425/411/416
f 425/411/416 430/415/419 428/413/417
f 431/772/638 430/415/419 413/418/403
f 434/382/398 445/384/399 439/782/438
f 436/430/424 407/428/397 450/448/430
f 450/448/430 407/428/397 406/421/422
f 443/420/421 450/448/430 406/421/422
f 409/783/393 437/405/411 443/420/421
f 433/784/415 391/785/381 432/786/639
f 401/387/392 432/786/639 391/785/381
f 433/410/415 432/787/639 437/788/411
f 443/789/421 437/788/411 432/787/639
f 437/788/411 420/404/410 421/408/413
f 421/408/413 433/410/415 437/788/411
f 380/349/369 414/790/368 411/791/420
f 411/791/420 414/790/368 412/391/404
f 413/390/403 399/381/387 431/792/638
f 384/353/373 417/394/406 383/350/370
f 391/793/381 433/784/415 424/362/382
f 433/784/415 423/409/414 424/362/382
f 394/794/386 427/440/427 393/795/426
f 426/365/385 428/413/417 396/364/384
f 394/796/386 398/438/389 427/440/427
f 430/415/419 431/772/638 400/372/391
f 474/468/640 486/468/447 484/497/473
f 395/412/388 428/413/417 408/444/395
f 410/759/396 382/380/372 449/445/425
f 441/425/423 434/424/398 440/446/428
f 432/787/639 438/797/429 444/459/439
f 443/789/421 432/787/639 444/459/439
f 450/798/430 443/789/421 444/459/439
f 436/431/424 448/453/431 449/799/425
f 434/382/398 439/782/438 440/800/428
f 404/801/401 446/451/433 447/450/432
f 404/801/401 405/775/400 446/451/433
f 406/421/422 446/451/433 405/775/400
f 407/379/397 410/802/396 447/450/432
f 410/802/396 445/384/399 447/450/432
f 455/461/440 438/460/429 451/455/435
f 440/446/428 451/455/435 438/774/429
f 439/458/438 453/457/437 440/446/428
f 452/456/436 440/446/428 453/457/437
f 454/454/434 453/457/437 449/445/425
f 16/693/625 39/52/51 38/25/25
f 455/461/440 454/454/434 444/459/439
f 451/455/435 453/457/437 454/454/434
f 454/454/434 455/461/440 451/455/435
f 461/471/445 463/473/451 456/462/441
f 459/469/449 456/462/441 464/474/452
f 464/474/452 463/473/451 458/470/450
f 492/803/448 491/463/442 456/462/441
f 489/498/474 460/465/444 488/467/446
f 459/469/449 492/468/448 456/804/441
f 462/472/475 458/470/450 460/472/444
f 488/467/446 461/471/445 456/462/441
f 463/473/451 464/474/452 456/462/441
f 482/496/472 459/469/449 458/470/450
f 465/478/456 472/482/460 470/479/457
f 468/480/458 478/487/465 480/489/467
f 483/492/470 475/488/466 478/487/465
f 471/805/459 474/468/640 484/497/473
f 485/472/641 483/472/470 487/494/471
f 484/497/473 473/483/461 471/805/459
f 477/490/468 474/806/640 471/481/459
f 465/478/456 467/477/455 476/491/469
f 466/476/454 465/478/456 468/480/458
f 468/480/458 470/479/457 478/495/465
f 459/469/449 482/496/472 473/483/461
f 485/472/641 460/472/444 483/472/470
f 485/472/641 487/494/471 462/472/475
f 488/467/446 490/475/453 480/489/467
f 491/463/442 476/491/469 457/464/443
f 467/477/455 457/464/443 476/491/469
f 477/490/468 492/803/448 474/806/640
f 514/468/488 507/523/502 508/509/486
f 500/502/479 497/508/485 496/501/478
f 500/502/479 496/501/478 502/503/480
f 502/503/480 496/501/478 495/500/477
f 502/503/480 495/500/477 493/505/482
f 500/502/479 499/504/481 501/507/484
f 494/499/476 493/505/482 495/500/477
f 498/506/483 499/504/481 494/807/476
f 498/506/483 497/508/485 501/507/484
f 507/523/502 519/529/508 508/509/486
f 506/515/494 510/514/493 520/516/495
f 507/523/502 516/558/537 527/521/500
f 505/513/492 518/520/499 517/518/497
f 509/511/490 524/524/503 506/515/494
f 522/527/506 516/558/537 507/523/502
f 561/559/538 516/558/537 522/527/506
f 547/552/530 512/525/504 503/517/496
f 512/525/504 513/514/642 505/513/492
f 505/513/492 513/514/642 510/514/493
f 508/509/486 521/510/489 515/512/491
f 548/538/517 517/518/497 533/539/518
f 546/530/509 521/510/489 529/528/507
f 521/510/489 525/531/510 509/511/490
f 532/548/526 517/518/497 518/520/499
f 534/549/527 519/529/508 526/522/501
f 535/535/514 518/520/499 524/524/503
f 527/521/500 531/533/512 526/522/501
f 534/549/527 526/522/501 531/533/512
f 536/537/516 529/528/507 537/536/515
f 524/524/503 525/531/510 530/534/513
f 542/808/521 541/809/525 540/546/524
f 548/538/517 545/540/519 549/810/643
f 536/537/516 544/543/522 530/534/513
f 543/811/528 540/546/524 544/812/522
f 540/546/524 543/811/528 539/544/523
f 540/514/524 535/535/514 544/543/522
f 542/808/521 540/546/524 538/545/520
f 545/540/519 533/539/518 541/547/525
f 541/547/525 533/539/518 532/548/526
f 537/536/515 538/541/520 539/544/523
f 538/541/520 534/549/527 531/533/512
f 504/551/529 594/813/644 550/591/566
f 539/468/523 536/537/516 537/536/515
f 553/560/539 564/553/531 550/591/566
f 566/814/645 555/555/533 554/557/536
f 555/555/533 566/814/645 565/468/534
f 558/815/646 559/572/552 557/568/547
f 551/565/544 562/514/548 552/561/540
f 562/514/548 551/565/544 567/514/647
f 594/813/644 553/560/539 550/591/566
f 557/568/547 556/556/535 560/569/549
f 551/565/544 572/816/648 567/514/647
f 569/532/511 516/558/537 554/557/536
f 551/565/544 575/817/649 572/816/648
f 552/561/540 553/560/539 574/818/650
f 574/818/650 571/564/543 552/561/540
f 576/566/545 570/563/542 555/555/533
f 572/816/648 568/819/651 567/514/647
f 554/557/536 561/559/538 566/814/645
f 560/569/549 558/815/646 557/568/547
f 572/816/648 559/572/552 558/815/646
f 594/813/644 578/588/565 574/818/650
f 557/568/547 559/572/552 573/567/546
f 568/819/651 558/815/646 560/569/549
f 574/818/650 579/587/564 571/564/543
f 583/576/557 571/564/543 579/587/564
f 576/566/545 586/820/652 580/571/551
f 577/570/550 570/563/542 580/571/551
f 586/820/652 573/567/546 584/574/554
f 583/576/557 559/572/552 575/817/649
f 559/572/552 583/576/557 581/573/553
f 593/585/532 545/821/519 542/808/521
f 559/572/552 584/574/554 573/567/546
f 581/573/553 591/577/558 584/574/554
f 585/822/556 587/578/555 591/580/558
f 587/578/555 589/581/560 590/583/562
f 590/583/562 588/579/559 587/578/555
f 582/823/561 578/588/565 549/810/643
f 545/540/519 582/823/561 549/810/643
f 589/586/560 587/514/555 579/587/564
f 586/820/652 590/589/562 580/571/551
f 523/519/498 549/810/643 594/813/644
f 592/590/563 577/570/550 580/571/551
f 586/820/652 584/574/554 588/468/559
f 581/573/553 583/576/557 585/575/556
f 601/609/576 602/612/577 603/824/653
f 597/598/573 603/824/653 602/612/577
f 601/609/576 599/592/567 604/594/569
f 598/825/574 597/598/573 605/826/570
f 608/827/654 613/634/596 612/621/584
f 595/602/572 600/828/571 606/608/575
f 597/598/573 602/612/577 606/605/575
f 603/824/653 597/598/573 601/609/576
f 604/611/569 596/607/568 606/608/575
f 655/684/621 657/614/579 608/827/654
f 627/613/578 608/827/654 657/614/579
f 609/615/580 659/682/619 627/613/578
f 659/682/619 609/615/580 652/687/655
f 612/621/584 611/620/581 608/827/654
f 622/829/656 620/629/592 624/626/589
f 621/625/588 619/628/591 622/829/656
f 622/829/656 619/628/591 620/629/592
f 622/829/656 624/626/589 621/625/588
f 618/630/593 624/626/589 626/622/585
f 617/633/595 610/619/582 612/621/584
f 625/631/594 612/621/584 614/635/597
f 614/635/597 612/621/584 615/623/586
f 618/630/593 617/632/595 625/631/594
f 620/629/592 615/623/586 626/622/585
f 616/624/587 617/632/595 626/622/585
f 610/617/582 616/624/587 659/682/619
f 633/642/603 628/641/599 629/647/604
f 632/830/657 633/646/603 634/648/601
f 635/831/598 634/832/601 629/833/604
f 630/638/600 632/834/657 634/639/601
f 632/835/657 630/645/600 633/644/603
f 628/637/599 635/831/598 629/833/604
f 636/656/609 643/836/606 638/657/610
f 641/654/607 643/653/606 637/662/611
f 640/837/658 641/661/607 642/663/608
f 642/663/608 637/838/611 636/839/609
f 638/657/610 640/840/658 642/655/608
f 640/841/658 638/660/610 641/659/607
f 643/842/606 636/843/609 637/844/611
f 644/671/616 651/845/613 646/672/617
f 649/669/614 651/668/613 645/677/618
f 648/846/659 649/676/614 650/678/615
f 650/678/615 645/847/618 644/848/616
f 646/672/617 648/849/659 650/670/615
f 648/850/659 646/675/617 649/674/614
f 651/851/613 644/852/616 645/853/618
f 652/687/622 653/854/660 656/855/620
f 608/827/654 611/620/581 654/856/583
s 0
f 659/682/661 660/857/661 607/858/661
s 1
f 656/683/620 658/686/623 655/684/621
f 627/613/578 616/624/587 613/634/596
f 652/687/622 658/686/623 653/854/660
s 0
f 609/615/662 657/614/662 652/687/662
f 608/827/663 660/688/663 655/684/663
f 608/827/664 654/856/664 607/859/664
f 607/858/665 654/618/665 659/682/665
s 1
f 144/19/19 217/95/86 25/8/8
f 66/42/40 68/72/71 76/90/84
f 56/692/626 57/71/70 54/70/69
f 96/93/20 9/36/35 24/17/17
f 144/19/19 11/18/18 6/94/13
f 88/85/91 89/85/99 282/85/98
f 90/85/93 91/85/103 86/697/628
f 85/85/102 87/85/100 86/697/628
f 102/85/114 108/85/113 115/85/127
f 116/116/125 117/128/123 115/85/127
f 141/80/150 123/80/129 332/80/131
f 126/125/136 122/123/135 163/150/169
f 165/80/170 141/80/150 335/80/349
f 140/139/151 141/138/150 165/157/170
f 173/160/185 171/148/166 162/149/168
f 187/180/200 181/722/192 180/183/203
f 204/9/251 44/12/53 25/8/8
f 204/9/251 206/12/630 214/12/219
f 221/203/220 23/14/14 207/194/214
f 228/211/228 218/264/277 194/233/250
f 244/735/632 253/736/633 248/247/264
f 246/245/262 247/250/267 250/243/260
f 280/85/627 278/85/287 279/85/288
f 308/282/305 300/85/304 297/85/302
f 317/289/317 318/291/320 334/320/347
f 352/318/345 363/325/182 362/746/635
f 410/759/396 449/445/425 439/760/438
f 441/443/423 438/774/429 404/386/401
f 438/774/429 432/786/639 401/387/392
f 409/783/393 403/406/380 437/405/411
f 474/468/640 492/468/448 486/468/447
f 16/693/625 22/46/44 39/52/51
f 485/472/641 462/472/475 460/472/444
f 467/477/455 490/475/453 457/464/443
f 477/490/468 491/463/442 492/803/448
f 514/468/488 511/526/505 507/523/502
f 507/523/502 526/522/501 519/529/508
f 509/511/490 525/531/510 524/524/503
f 548/538/517 523/519/498 517/518/497
f 532/548/526 533/539/518 517/518/497
f 534/549/527 537/536/515 519/529/508
f 535/535/514 532/548/526 518/520/499
f 536/537/516 546/530/509 529/528/507
f 542/808/521 545/821/519 541/809/525
f 540/514/524 532/548/526 535/535/514
f 504/551/529 523/519/498 594/813/644
f 553/560/539 563/562/541 564/553/531
f 594/813/644 574/818/650 553/560/539
f 551/565/544 571/564/543 575/817/649
f 572/816/648 558/815/646 568/819/651
f 572/816/648 575/817/649 559/572/552
f 594/813/644 549/810/643 578/588/565
f 574/818/650 578/588/565 579/587/564
f 583/576/557 575/817/649 571/564/543
f 586/820/652 576/566/545 573/567/546
f 593/585/532 582/582/561 545/821/519
f 582/823/561 589/586/560 578/588/565
f 586/820/652 588/579/559 590/589/562
f 523/519/498 548/538/517 549/810/643
f 601/609/576 604/594/569 602/612/577
f 598/825/574 599/610/567 597/598/573
f 608/827/654 627/613/578 613/634/596
s 0
f 659/682/666 652/687/666 660/857/666
f 608/827/667 607/859/667 660/688/667
