# Blender v2.79 (sub 0) OBJ File: 'globe.blend'
# www.blender.org
mtllib globe.mtl
o Sphere
v 0.000000 0.996195 -0.087156
v 0.000000 0.984808 -0.173648
v 0.000000 0.939693 -0.342020
v 0.000000 0.866025 -0.500000
v 0.000000 0.819152 -0.573576
v 0.000000 0.707107 -0.707107
v 0.000000 0.642788 -0.766044
v 0.000000 0.573577 -0.819152
v 0.000000 0.500000 -0.866025
v 0.000000 0.422618 -0.906308
v 0.000000 0.342020 -0.939693
v 0.000000 0.173648 -0.984808
v 0.000000 0.087156 -0.996195
v 0.000000 -0.087156 -0.996195
v 0.000000 -0.173648 -0.984808
v 0.000000 -0.258819 -0.965926
v 0.000000 -0.342020 -0.939693
v 0.000000 -0.422618 -0.906308
v 0.000000 -0.500000 -0.866026
v 0.000000 -0.573576 -0.819152
v 0.000000 -0.642787 -0.766045
v 0.000000 -0.707107 -0.707107
v 0.000000 -0.766044 -0.642788
v 0.000000 -0.819152 -0.573577
v 0.000000 -0.866025 -0.500000
v 0.000000 -0.906308 -0.422619
v 0.000000 -0.939692 -0.342020
v 0.000000 -0.965926 -0.258819
v 0.000000 -0.984808 -0.173649
v 0.000000 -0.996195 -0.087156
v 0.000000 -1.000000 -0.000000
v 0.015134 0.996195 -0.085832
v 0.030154 0.984808 -0.171010
v 0.044943 0.965926 -0.254887
v 0.059391 0.939693 -0.336824
v 0.073387 0.906308 -0.416198
v 0.086824 0.866025 -0.492404
v 0.099600 0.819152 -0.564863
v 0.111619 0.766044 -0.633022
v 0.122788 0.707107 -0.696364
v 0.133022 0.642788 -0.754406
v 0.142244 0.573577 -0.806707
v 0.150384 0.500000 -0.852868
v 0.157379 0.422618 -0.892539
v 0.163176 0.342020 -0.925416
v 0.167731 0.258819 -0.951251
v 0.171010 0.173648 -0.969846
v 0.172987 0.087156 -0.981060
v 0.173648 0.000000 -0.984808
v 0.172987 -0.087156 -0.981060
v 0.171010 -0.173648 -0.969846
v 0.167731 -0.258819 -0.951251
v 0.163176 -0.342020 -0.925417
v 0.157379 -0.422618 -0.892539
v 0.150384 -0.500000 -0.852869
v 0.142244 -0.573576 -0.806707
v 0.133022 -0.642787 -0.754407
v 0.122788 -0.707107 -0.696364
v 0.111619 -0.766044 -0.633022
v 0.099600 -0.819152 -0.564863
v 0.086824 -0.866025 -0.492404
v 0.073387 -0.906308 -0.416198
v 0.059391 -0.939692 -0.336824
v 0.044943 -0.965926 -0.254887
v 0.030154 -0.984808 -0.171010
v 0.015134 -0.996195 -0.085832
v 0.029809 0.996195 -0.081900
v 0.059391 0.984808 -0.163176
v 0.088521 0.965926 -0.243210
v 0.116978 0.939693 -0.321394
v 0.144544 0.906308 -0.397131
v 0.171010 0.866025 -0.469846
v 0.196175 0.819152 -0.538986
v 0.219846 0.766044 -0.604023
v 0.241845 0.707107 -0.664463
v 0.262002 0.642788 -0.719846
v 0.280166 0.573577 -0.769751
v 0.296198 0.500000 -0.813798
v 0.309975 0.422618 -0.851651
v 0.321394 0.342020 -0.883022
v 0.330366 0.258819 -0.907673
v 0.336824 0.173648 -0.925417
v 0.340719 0.087156 -0.936117
v 0.342020 0.000000 -0.939693
v 0.340719 -0.087156 -0.936117
v 0.336824 -0.173648 -0.925417
v 0.330366 -0.258819 -0.907673
v 0.321394 -0.342020 -0.883022
v 0.309975 -0.422618 -0.851651
v 0.296198 -0.500000 -0.813798
v 0.280166 -0.573576 -0.769751
v 0.262003 -0.642787 -0.719846
v 0.241845 -0.707107 -0.664463
v 0.219846 -0.766044 -0.604023
v 0.196175 -0.819152 -0.538986
v 0.171010 -0.866025 -0.469847
v 0.144544 -0.906308 -0.397132
v 0.116978 -0.939692 -0.321394
v 0.088521 -0.965926 -0.243211
v 0.059391 -0.984808 -0.163176
v 0.029809 -0.996195 -0.081900
v 0.043578 0.996195 -0.075479
v 0.086824 0.984808 -0.150384
v 0.129409 0.965926 -0.224144
v 0.171010 0.939693 -0.296198
v 0.211309 0.906308 -0.365998
v 0.250000 0.866025 -0.433013
v 0.286788 0.819152 -0.496732
v 0.321394 0.766044 -0.556670
v 0.353553 0.707107 -0.612372
v 0.383022 0.642788 -0.663414
v 0.409576 0.573577 -0.709406
v 0.433012 0.500000 -0.750000
v 0.453154 0.422618 -0.784886
v 0.469846 0.342020 -0.813798
v 0.482963 0.258819 -0.836516
v 0.492404 0.173648 -0.852868
v 0.498097 0.087156 -0.862730
v 0.500000 0.000000 -0.866025
v 0.498097 -0.087156 -0.862730
v 0.492404 -0.173648 -0.852869
v 0.482963 -0.258819 -0.836516
v 0.469846 -0.342020 -0.813798
v 0.453154 -0.422618 -0.784886
v 0.433013 -0.500000 -0.750000
v 0.409576 -0.573576 -0.709407
v 0.383022 -0.642787 -0.663414
v 0.353553 -0.707107 -0.612373
v 0.321394 -0.766044 -0.556671
v 0.286788 -0.819152 -0.496732
v 0.250000 -0.866025 -0.433013
v 0.211309 -0.906308 -0.365998
v 0.171010 -0.939692 -0.296198
v 0.129409 -0.965926 -0.224144
v 0.086824 -0.984808 -0.150384
v 0.043578 -0.996195 -0.075479
v 0.056022 0.996195 -0.066765
v 0.111619 0.984808 -0.133022
v 0.166365 0.965926 -0.198267
v 0.219846 0.939693 -0.262003
v 0.271654 0.906308 -0.323744
v 0.321394 0.866025 -0.383022
v 0.368688 0.819152 -0.439385
v 0.413176 0.766044 -0.492404
v 0.454519 0.707107 -0.541675
v 0.492404 0.642788 -0.586824
v 0.526540 0.573577 -0.627507
v 0.556670 0.500000 -0.663414
v 0.582563 0.422618 -0.694272
v 0.604022 0.342020 -0.719846
v 0.620885 0.258819 -0.739942
v 0.633022 0.173648 -0.754406
v 0.640341 0.087156 -0.763129
v 0.642787 0.000000 -0.766044
v 0.640341 -0.087156 -0.763129
v 0.633022 -0.173648 -0.754407
v 0.620885 -0.258819 -0.739942
v 0.604023 -0.342020 -0.719846
v 0.582563 -0.422618 -0.694272
v 0.556670 -0.500000 -0.663414
v 0.526541 -0.573576 -0.627507
v 0.492404 -0.642787 -0.586824
v 0.454519 -0.707107 -0.541675
v 0.413176 -0.766044 -0.492404
v 0.368688 -0.819152 -0.439385
v 0.321394 -0.866025 -0.383022
v 0.271654 -0.906308 -0.323745
v 0.219846 -0.939692 -0.262003
v 0.166366 -0.965926 -0.198267
v 0.111619 -0.984808 -0.133023
v 0.056023 -0.996195 -0.066766
v 0.066765 0.996195 -0.056023
v 0.133022 0.984808 -0.111619
v 0.198267 0.965926 -0.166366
v 0.262002 0.939693 -0.219846
v 0.323744 0.906308 -0.271654
v 0.383022 0.866025 -0.321394
v 0.439385 0.819152 -0.368688
v 0.492404 0.766044 -0.413176
v 0.541675 0.707107 -0.454520
v 0.586824 0.642788 -0.492404
v 0.627506 0.573577 -0.526541
v 0.663414 0.500000 -0.556670
v 0.694272 0.422618 -0.582563
v 0.719846 0.342020 -0.604023
v 0.739942 0.258819 -0.620885
v 0.754406 0.173648 -0.633022
v 0.763129 0.087156 -0.640342
v 0.766044 0.000000 -0.642788
v 0.763129 -0.087156 -0.640342
v 0.754406 -0.173648 -0.633022
v 0.739942 -0.258819 -0.620885
v 0.719846 -0.342020 -0.604023
v 0.694272 -0.422618 -0.582563
v 0.663414 -0.500000 -0.556670
v 0.627507 -0.573576 -0.526541
v 0.586824 -0.642787 -0.492404
v 0.541675 -0.707107 -0.454520
v 0.492404 -0.766044 -0.413176
v 0.439385 -0.819152 -0.368688
v 0.383022 -0.866025 -0.321394
v 0.323744 -0.906308 -0.271654
v 0.262003 -0.939692 -0.219847
v 0.198267 -0.965926 -0.166366
v 0.133022 -0.984808 -0.111619
v 0.066765 -0.996195 -0.056023
v 0.075479 0.996195 -0.043578
v 0.150383 0.984808 -0.086824
v 0.224143 0.965926 -0.129410
v 0.296198 0.939693 -0.171010
v 0.365998 0.906308 -0.211309
v 0.433012 0.866025 -0.250000
v 0.496731 0.819152 -0.286788
v 0.556670 0.766044 -0.321394
v 0.612372 0.707107 -0.353553
v 0.663414 0.642788 -0.383022
v 0.709406 0.573577 -0.409576
v 0.750000 0.500000 -0.433013
v 0.784885 0.422618 -0.453154
v 0.813797 0.342020 -0.469846
v 0.836516 0.258819 -0.482963
v 0.852868 0.173648 -0.492404
v 0.862729 0.087156 -0.498097
v 0.866025 0.000000 -0.500000
v 0.862729 -0.087156 -0.498097
v 0.852868 -0.173648 -0.492404
v 0.836516 -0.258819 -0.482963
v 0.813797 -0.342020 -0.469846
v 0.784885 -0.422618 -0.453154
v 0.750000 -0.500000 -0.433013
v 0.709406 -0.573576 -0.409576
v 0.663414 -0.642787 -0.383022
v 0.612372 -0.707107 -0.353554
v 0.556670 -0.766044 -0.321394
v 0.496732 -0.819152 -0.286788
v 0.433013 -0.866025 -0.250000
v 0.365998 -0.906308 -0.211309
v 0.296198 -0.939692 -0.171010
v 0.224144 -0.965926 -0.129410
v 0.150384 -0.984808 -0.086824
v 0.075479 -0.996195 -0.043578
v 0.081899 0.996195 -0.029809
v 0.163175 0.984808 -0.059391
v 0.243210 0.965926 -0.088522
v 0.321393 0.939693 -0.116978
v 0.397131 0.906308 -0.144544
v 0.469846 0.866025 -0.171010
v 0.538985 0.819152 -0.196175
v 0.604022 0.766044 -0.219846
v 0.664463 0.707107 -0.241845
v 0.719846 0.642788 -0.262003
v 0.769751 0.573577 -0.280167
v 0.813797 0.500000 -0.296198
v 0.851650 0.422618 -0.309976
v 0.883022 0.342020 -0.321394
v 0.907673 0.258819 -0.330366
v 0.925416 0.173648 -0.336824
v 0.936116 0.087156 -0.340719
v 0.939692 0.000000 -0.342020
v 0.936116 -0.087156 -0.340719
v 0.925416 -0.173648 -0.336824
v 0.907673 -0.258819 -0.330366
v 0.883022 -0.342020 -0.321394
v 0.851650 -0.422618 -0.309976
v 0.813797 -0.500000 -0.296198
v 0.769751 -0.573576 -0.280167
v 0.719846 -0.642787 -0.262003
v 0.664463 -0.707107 -0.241845
v 0.604023 -0.766044 -0.219847
v 0.538985 -0.819152 -0.196175
v 0.469846 -0.866025 -0.171010
v 0.397131 -0.906308 -0.144544
v 0.321394 -0.939692 -0.116978
v 0.243210 -0.965926 -0.088522
v 0.163176 -0.984808 -0.059392
v 0.081900 -0.996195 -0.029809
v -0.000000 1.000000 -0.000000
v 0.085831 0.996195 -0.015135
v 0.171010 0.984808 -0.030154
v 0.254887 0.965926 -0.044944
v 0.336824 0.939693 -0.059391
v 0.416197 0.906308 -0.073387
v 0.492403 0.866025 -0.086824
v 0.564862 0.819152 -0.099601
v 0.633022 0.766044 -0.111619
v 0.696364 0.707107 -0.122788
v 0.754406 0.642788 -0.133022
v 0.806707 0.573577 -0.142244
v 0.852868 0.500000 -0.150384
v 0.892538 0.422618 -0.157379
v 0.925416 0.342020 -0.163176
v 0.951251 0.258819 -0.167732
v 0.969846 0.173648 -0.171010
v 0.981060 0.087156 -0.172988
v 0.984807 0.000000 -0.173648
v 0.981060 -0.087156 -0.172988
v 0.969846 -0.173648 -0.171010
v 0.951251 -0.258819 -0.167731
v 0.925416 -0.342020 -0.163176
v 0.892538 -0.422618 -0.157379
v 0.852868 -0.500000 -0.150384
v 0.806707 -0.573576 -0.142244
v 0.754406 -0.642787 -0.133022
v 0.696364 -0.707107 -0.122788
v 0.633022 -0.766044 -0.111619
v 0.564862 -0.819152 -0.099601
v 0.492404 -0.866025 -0.086824
v 0.416198 -0.906308 -0.073387
v 0.336824 -0.939692 -0.059392
v 0.254887 -0.965926 -0.044944
v 0.171010 -0.984808 -0.030154
v 0.085832 -0.996195 -0.015135
v 0.087155 0.996195 -0.000000
v 0.173648 0.984808 -0.000000
v 0.258819 0.965926 -0.000000
v 0.342020 0.939693 -0.000000
v 0.422618 0.906308 -0.000000
v 0.500000 0.866025 -0.000000
v 0.573576 0.819152 -0.000000
v 0.642787 0.766044 -0.000000
v 0.707106 0.707107 -0.000000
v 0.766044 0.642788 -0.000000
v 0.819151 0.573577 -0.000000
v 0.866025 0.500000 -0.000000
v 0.906307 0.422618 -0.000000
v 0.939692 0.342020 -0.000000
v 0.965925 0.258819 -0.000000
v 0.984807 0.173648 -0.000000
v 0.996194 0.087156 -0.000000
v 0.999999 0.000000 -0.000000
v 0.996194 -0.087156 -0.000000
v 0.984807 -0.173648 -0.000000
v 0.965925 -0.258819 -0.000000
v 0.939692 -0.342020 -0.000000
v 0.906307 -0.422618 -0.000000
v 0.866025 -0.500000 -0.000000
v 0.819152 -0.573576 -0.000000
v 0.766044 -0.642787 -0.000000
v 0.707106 -0.707107 -0.000000
v 0.642787 -0.766044 -0.000000
v 0.573576 -0.819152 -0.000000
v 0.500000 -0.866025 -0.000000
v 0.422618 -0.906308 -0.000000
v 0.342020 -0.939692 -0.000000
v 0.258819 -0.965926 -0.000000
v 0.173648 -0.984808 -0.000000
v 0.087156 -0.996195 -0.000000
v 0.085831 0.996195 0.015134
v 0.171010 0.984808 0.030153
v 0.254887 0.965926 0.044943
v 0.336824 0.939693 0.059391
v 0.416197 0.906308 0.073386
v 0.492403 0.866025 0.086824
v 0.564862 0.819152 0.099600
v 0.633022 0.766044 0.111618
v 0.696364 0.707107 0.122787
v 0.754406 0.642788 0.133022
v 0.806707 0.573577 0.142244
v 0.852868 0.500000 0.150383
v 0.892538 0.422618 0.157378
v 0.925416 0.342020 0.163175
v 0.951251 0.258819 0.167731
v 0.969846 0.173648 0.171010
v 0.981060 0.087156 0.172987
v 0.984807 0.000000 0.173648
v 0.981060 -0.087156 0.172987
v 0.969846 -0.173648 0.171010
v 0.951251 -0.258819 0.167731
v 0.925416 -0.342020 0.163176
v 0.892538 -0.422618 0.157378
v 0.852868 -0.500000 0.150383
v 0.806707 -0.573576 0.142244
v 0.754406 -0.642787 0.133022
v 0.696364 -0.707107 0.122787
v 0.633022 -0.766044 0.111618
v 0.564862 -0.819152 0.099600
v 0.492404 -0.866025 0.086824
v 0.416198 -0.906308 0.073387
v 0.336824 -0.939692 0.059391
v 0.254887 -0.965926 0.044943
v 0.171010 -0.984808 0.030153
v 0.085832 -0.996195 0.015134
v 0.081899 0.996195 0.029809
v 0.163175 0.984808 0.059391
v 0.243210 0.965926 0.088521
v 0.321393 0.939693 0.116977
v 0.397131 0.906308 0.144543
v 0.469846 0.866025 0.171010
v 0.538985 0.819152 0.196174
v 0.604022 0.766044 0.219846
v 0.664463 0.707107 0.241844
v 0.719846 0.642788 0.262002
v 0.769750 0.573577 0.280166
v 0.813797 0.500000 0.296198
v 0.851650 0.422618 0.309975
v 0.883022 0.342020 0.321393
v 0.907673 0.258819 0.330366
v 0.925416 0.173648 0.336824
v 0.936116 0.087156 0.340718
v 0.939692 0.000000 0.342020
v 0.936116 -0.087156 0.340718
v 0.925416 -0.173648 0.336824
v 0.907673 -0.258819 0.330366
v 0.883022 -0.342020 0.321393
v 0.851650 -0.422618 0.309975
v 0.813797 -0.500000 0.296198
v 0.769751 -0.573576 0.280166
v 0.719846 -0.642787 0.262002
v 0.664463 -0.707107 0.241844
v 0.604023 -0.766044 0.219846
v 0.538985 -0.819152 0.196174
v 0.469846 -0.866025 0.171010
v 0.397131 -0.906308 0.144544
v 0.321394 -0.939692 0.116977
v 0.243210 -0.965926 0.088521
v 0.163176 -0.984808 0.059391
v 0.081900 -0.996195 0.029809
v 0.075479 0.996195 0.043577
v 0.150383 0.984808 0.086823
v 0.224143 0.965926 0.129409
v 0.296198 0.939693 0.171010
v 0.365998 0.906308 0.211309
v 0.433012 0.866025 0.249999
v 0.496731 0.819152 0.286788
v 0.556670 0.766044 0.321393
v 0.612372 0.707107 0.353553
v 0.663413 0.642788 0.383022
v 0.709406 0.573577 0.409575
v 0.749999 0.500000 0.433012
v 0.784885 0.422618 0.453153
v 0.813797 0.342020 0.469846
v 0.836516 0.258819 0.482962
v 0.852868 0.173648 0.492403
v 0.862729 0.087156 0.498097
v 0.866025 0.000000 0.499999
v 0.862729 -0.087156 0.498097
v 0.852868 -0.173648 0.492403
v 0.836516 -0.258819 0.482962
v 0.813797 -0.342020 0.469846
v 0.784885 -0.422618 0.453153
v 0.749999 -0.500000 0.433012
v 0.709406 -0.573576 0.409576
v 0.663413 -0.642787 0.383022
v 0.612372 -0.707107 0.353553
v 0.556670 -0.766044 0.321393
v 0.496732 -0.819152 0.286788
v 0.433012 -0.866025 0.250000
v 0.365998 -0.906308 0.211309
v 0.296198 -0.939692 0.171010
v 0.224144 -0.965926 0.129409
v 0.150384 -0.984808 0.086824
v 0.075479 -0.996195 0.043577
v 0.066765 0.996195 0.056022
v 0.133022 0.984808 0.111618
v 0.198266 0.965926 0.166365
v 0.262002 0.939693 0.219846
v 0.323744 0.906308 0.271653
v 0.383022 0.866025 0.321393
v 0.439385 0.819152 0.368687
v 0.492403 0.766044 0.413175
v 0.541675 0.707107 0.454519
v 0.586824 0.642788 0.492403
v 0.627506 0.573577 0.526540
v 0.663413 0.500000 0.556670
v 0.694271 0.422618 0.582563
v 0.719846 0.342020 0.604022
v 0.739942 0.258819 0.620884
v 0.754406 0.173648 0.633021
v 0.763129 0.087156 0.640341
v 0.766044 0.000000 0.642787
v 0.763129 -0.087156 0.640341
v 0.754406 -0.173648 0.633022
v 0.739942 -0.258819 0.620884
v 0.719846 -0.342020 0.604022
v 0.694271 -0.422618 0.582563
v 0.663413 -0.500000 0.556670
v 0.627506 -0.573576 0.526540
v 0.586824 -0.642787 0.492403
v 0.541675 -0.707107 0.454519
v 0.492404 -0.766044 0.413175
v 0.439385 -0.819152 0.368687
v 0.383022 -0.866025 0.321393
v 0.323744 -0.906308 0.271653
v 0.262003 -0.939692 0.219846
v 0.198267 -0.965926 0.166365
v 0.133022 -0.984808 0.111618
v 0.066765 -0.996195 0.056022
v 0.056022 0.996195 0.066764
v 0.111619 0.984808 0.133021
v 0.166365 0.965926 0.198266
v 0.219846 0.939693 0.262002
v 0.271653 0.906308 0.323744
v 0.321393 0.866025 0.383022
v 0.368688 0.819152 0.439384
v 0.413175 0.766044 0.492403
v 0.454519 0.707107 0.541675
v 0.492403 0.642788 0.586823
v 0.526540 0.573577 0.627506
v 0.556670 0.500000 0.663413
v 0.582563 0.422618 0.694271
v 0.604022 0.342020 0.719845
v 0.620885 0.258819 0.739941
v 0.633022 0.173648 0.754406
v 0.640341 0.087156 0.763129
v 0.642787 0.000000 0.766043
v 0.640341 -0.087156 0.763129
v 0.633022 -0.173648 0.754406
v 0.620885 -0.258819 0.739941
v 0.604022 -0.342020 0.719846
v 0.582563 -0.422618 0.694271
v 0.556670 -0.500000 0.663413
v 0.526540 -0.573576 0.627506
v 0.492403 -0.642787 0.586824
v 0.454519 -0.707107 0.541675
v 0.413176 -0.766044 0.492403
v 0.368688 -0.819152 0.439385
v 0.321394 -0.866025 0.383022
v 0.271654 -0.906308 0.323744
v 0.219846 -0.939692 0.262002
v 0.166365 -0.965926 0.198266
v 0.111619 -0.984808 0.133022
v 0.056023 -0.996195 0.066765
v 0.043578 0.996195 0.075478
v 0.086824 0.984808 0.150383
v 0.129409 0.965926 0.224143
v 0.171010 0.939693 0.296197
v 0.211309 0.906308 0.365997
v 0.250000 0.866025 0.433012
v 0.286788 0.819152 0.496731
v 0.321393 0.766044 0.556670
v 0.353553 0.707107 0.612372
v 0.383022 0.642788 0.663413
v 0.409576 0.573577 0.709405
v 0.433012 0.500000 0.749999
v 0.453153 0.422618 0.784885
v 0.469846 0.342020 0.813797
v 0.482962 0.258819 0.836515
v 0.492403 0.173648 0.852868
v 0.498097 0.087156 0.862729
v 0.500000 0.000000 0.866024
v 0.498097 -0.087156 0.862729
v 0.492404 -0.173648 0.852868
v 0.482963 -0.258819 0.836515
v 0.469846 -0.342020 0.813797
v 0.453153 -0.422618 0.784885
v 0.433012 -0.500000 0.749999
v 0.409576 -0.573576 0.709406
v 0.383022 -0.642787 0.663413
v 0.353553 -0.707107 0.612372
v 0.321394 -0.766044 0.556670
v 0.286788 -0.819152 0.496731
v 0.250000 -0.866025 0.433012
v 0.211309 -0.906308 0.365998
v 0.171010 -0.939692 0.296198
v 0.129409 -0.965926 0.224143
v 0.086824 -0.984808 0.150383
v 0.043578 -0.996195 0.075479
v 0.029809 0.996195 0.081899
v 0.059391 0.984808 0.163175
v 0.088521 0.965926 0.243209
v 0.116978 0.939693 0.321393
v 0.144544 0.906308 0.397130
v 0.171010 0.866025 0.469846
v 0.196174 0.819152 0.538985
v 0.219846 0.766044 0.604022
v 0.241844 0.707107 0.664462
v 0.262002 0.642788 0.719845
v 0.280166 0.573577 0.769750
v 0.296198 0.500000 0.813797
v 0.309975 0.422618 0.851650
v 0.321393 0.342020 0.883021
v 0.330366 0.258819 0.907672
v 0.336824 0.173648 0.925416
v 0.340718 0.087156 0.936116
v 0.342020 0.000000 0.939692
v 0.340718 -0.087156 0.936116
v 0.336824 -0.173648 0.925416
v 0.330366 -0.258819 0.907672
v 0.321393 -0.342020 0.883021
v 0.309975 -0.422618 0.851650
v 0.296198 -0.500000 0.813797
v 0.280166 -0.573576 0.769750
v 0.262002 -0.642787 0.719846
v 0.241845 -0.707107 0.664462
v 0.219846 -0.766044 0.604022
v 0.196175 -0.819152 0.538985
v 0.171010 -0.866025 0.469846
v 0.144544 -0.906308 0.397131
v 0.116978 -0.939692 0.321393
v 0.088521 -0.965926 0.243210
v 0.059391 -0.984808 0.163175
v 0.029809 -0.996195 0.081899
v 0.015134 0.996195 0.085831
v 0.030154 0.984808 0.171009
v 0.044943 0.965926 0.254886
v 0.059391 0.939693 0.336823
v 0.073387 0.906308 0.416197
v 0.086824 0.866025 0.492403
v 0.099600 0.819152 0.564862
v 0.111619 0.766044 0.633021
v 0.122788 0.707107 0.696363
v 0.133022 0.642788 0.754406
v 0.142244 0.573577 0.806706
v 0.150383 0.500000 0.852868
v 0.157378 0.422618 0.892538
v 0.163176 0.342020 0.925415
v 0.167731 0.258819 0.951250
v 0.171010 0.173648 0.969845
v 0.172987 0.087156 0.981059
v 0.173648 0.000000 0.984807
v 0.172987 -0.087156 0.981059
v 0.171010 -0.173648 0.969845
v 0.167731 -0.258819 0.951250
v 0.163176 -0.342020 0.925416
v 0.157378 -0.422618 0.892538
v 0.150384 -0.500000 0.852868
v 0.142244 -0.573576 0.806706
v 0.133022 -0.642787 0.754406
v 0.122788 -0.707107 0.696364
v 0.111619 -0.766044 0.633022
v 0.099600 -0.819152 0.564862
v 0.086824 -0.866025 0.492403
v 0.073387 -0.906308 0.416197
v 0.059391 -0.939692 0.336824
v 0.044943 -0.965926 0.254886
v 0.030154 -0.984808 0.171009
v 0.015134 -0.996195 0.085831
v 0.000000 0.996195 0.087155
v -0.000000 0.984808 0.173647
v -0.000000 0.965926 0.258818
v -0.000000 0.939693 0.342019
v -0.000000 0.906308 0.422617
v -0.000000 0.866025 0.499999
v -0.000000 0.819152 0.573576
v -0.000000 0.766044 0.642787
v -0.000000 0.707107 0.707106
v -0.000000 0.642788 0.766043
v -0.000000 0.573577 0.819151
v -0.000000 0.500000 0.866024
v -0.000000 0.422618 0.906307
v -0.000000 0.342020 0.939691
v -0.000000 0.258819 0.965925
v -0.000000 0.173648 0.984807
v -0.000000 0.087156 0.996194
v -0.000000 0.000000 0.999999
v -0.000000 -0.087156 0.996194
v -0.000000 -0.173648 0.984807
v -0.000000 -0.258819 0.965925
v -0.000000 -0.342020 0.939691
v -0.000000 -0.422618 0.906307
v -0.000000 -0.500000 0.866024
v -0.000000 -0.573576 0.819151
v -0.000000 -0.642787 0.766044
v -0.000000 -0.707107 0.707106
v -0.000000 -0.766044 0.642787
v -0.000000 -0.819152 0.573576
v -0.000000 -0.866025 0.499999
v -0.000000 -0.906308 0.422618
v -0.000000 -0.939692 0.342020
v -0.000000 -0.965926 0.258818
v -0.000000 -0.984808 0.173648
v 0.000000 -0.996195 0.087155
v -0.015134 0.996195 0.085831
v -0.030154 0.984808 0.171009
v -0.044943 0.965926 0.254886
v -0.059391 0.939693 0.336823
v -0.073387 0.906308 0.416197
v -0.086824 0.866025 0.492403
v -0.099601 0.819152 0.564862
v -0.111619 0.766044 0.633021
v -0.122788 0.707107 0.696363
v -0.133022 0.642788 0.754405
v -0.142244 0.573577 0.806706
v -0.150384 0.500000 0.852867
v -0.157379 0.422618 0.892538
v -0.163176 0.342020 0.925415
v -0.167731 0.258819 0.951250
v -0.171010 0.173648 0.969845
v -0.172987 0.087156 0.981059
v -0.173648 0.000000 0.984807
v -0.172987 -0.087156 0.981059
v -0.171010 -0.173648 0.969845
v -0.167731 -0.258819 0.951250
v -0.163176 -0.342020 0.925415
v -0.157379 -0.422618 0.892538
v -0.150384 -0.500000 0.852867
v -0.142244 -0.573576 0.806706
v -0.133022 -0.642787 0.754406
v -0.122788 -0.707107 0.696363
v -0.111619 -0.766044 0.633022
v -0.099601 -0.819152 0.564862
v -0.086824 -0.866025 0.492403
v -0.073387 -0.906308 0.416197
v -0.059391 -0.939692 0.336824
v -0.044943 -0.965926 0.254886
v -0.030154 -0.984808 0.171009
v -0.015134 -0.996195 0.085831
v -0.029809 0.996195 0.081899
v -0.059391 0.984808 0.163175
v -0.088521 0.965926 0.243209
v -0.116978 0.939693 0.321393
v -0.144544 0.906308 0.397130
v -0.171010 0.866025 0.469845
v -0.196175 0.819152 0.538985
v -0.219846 0.766044 0.604022
v -0.241845 0.707107 0.664462
v -0.262003 0.642788 0.719845
v -0.280166 0.573577 0.769750
v -0.296198 0.500000 0.813797
v -0.309975 0.422618 0.851650
v -0.321394 0.342020 0.883021
v -0.330366 0.258819 0.907672
v -0.336824 0.173648 0.925416
v -0.340718 0.087156 0.936116
v -0.342020 0.000000 0.939692
v -0.340719 -0.087156 0.936116
v -0.336824 -0.173648 0.925416
v -0.330366 -0.258819 0.907672
v -0.321394 -0.342020 0.883021
v -0.309975 -0.422618 0.851650
v -0.296198 -0.500000 0.813797
v -0.280166 -0.573576 0.769750
v -0.262003 -0.642787 0.719845
v -0.241845 -0.707107 0.664462
v -0.219846 -0.766044 0.604022
v -0.196175 -0.819152 0.538985
v -0.171010 -0.866025 0.469846
v -0.144544 -0.906308 0.397131
v -0.116978 -0.939692 0.321393
v -0.088521 -0.965926 0.243210
v -0.059391 -0.984808 0.163175
v -0.029809 -0.996195 0.081899
v -0.043578 0.996195 0.075478
v -0.086824 0.984808 0.150383
v -0.129409 0.965926 0.224143
v -0.171010 0.939693 0.296197
v -0.211309 0.906308 0.365997
v -0.250000 0.866025 0.433012
v -0.286788 0.819152 0.496731
v -0.321394 0.766044 0.556669
v -0.353553 0.707107 0.612371
v -0.383022 0.642788 0.663413
v -0.409576 0.573577 0.709405
v -0.433013 0.500000 0.749999
v -0.453154 0.422618 0.784884
v -0.469846 0.342020 0.813796
v -0.482963 0.258819 0.836515
v -0.492404 0.173648 0.852867
v -0.498097 0.087156 0.862729
v -0.500000 0.000000 0.866024
v -0.498097 -0.087156 0.862729
v -0.492404 -0.173648 0.852868
v -0.482963 -0.258819 0.836515
v -0.469846 -0.342020 0.813797
v -0.453154 -0.422618 0.784884
v -0.433012 -0.500000 0.749999
v -0.409576 -0.573576 0.709406
v -0.383022 -0.642787 0.663413
v -0.353553 -0.707107 0.612372
v -0.321394 -0.766044 0.556670
v -0.286788 -0.819152 0.496731
v -0.250000 -0.866025 0.433012
v -0.211309 -0.906308 0.365998
v -0.171010 -0.939692 0.296198
v -0.129409 -0.965926 0.224143
v -0.086824 -0.984808 0.150383
v -0.043578 -0.996195 0.075479
v -0.056022 0.996195 0.066764
v -0.111619 0.984808 0.133021
v -0.166365 0.965926 0.198266
v -0.219846 0.939693 0.262002
v -0.271654 0.906308 0.323744
v -0.321394 0.866025 0.383021
v -0.368688 0.819152 0.439384
v -0.413176 0.766044 0.492403
v -0.454519 0.707107 0.541674
v -0.492404 0.642788 0.586823
v -0.526540 0.573577 0.627506
v -0.556670 0.500000 0.663413
v -0.582563 0.422618 0.694271
v -0.604022 0.342020 0.719845
v -0.620885 0.258819 0.739941
v -0.633022 0.173648 0.754405
v -0.640341 0.087156 0.763128
v -0.642787 0.000000 0.766043
v -0.640341 -0.087156 0.763128
v -0.633022 -0.173648 0.754406
v -0.620885 -0.258819 0.739941
v -0.604022 -0.342020 0.719845
v -0.582563 -0.422618 0.694271
v -0.556670 -0.500000 0.663413
v -0.526540 -0.573576 0.627506
v -0.492404 -0.642787 0.586823
v -0.454519 -0.707107 0.541674
v -0.413176 -0.766044 0.492403
v -0.368688 -0.819152 0.439384
v -0.321394 -0.866025 0.383022
v -0.271654 -0.906308 0.323744
v -0.219846 -0.939692 0.262002
v -0.166366 -0.965926 0.198266
v -0.111619 -0.984808 0.133022
v -0.056023 -0.996195 0.066765
v -0.066765 0.996195 0.056022
v -0.133022 0.984808 0.111618
v -0.198267 0.965926 0.166365
v -0.262002 0.939693 0.219846
v -0.323744 0.906308 0.271653
v -0.383022 0.866025 0.321393
v -0.439385 0.819152 0.368687
v -0.492403 0.766044 0.413175
v -0.541675 0.707107 0.454519
v -0.586824 0.642788 0.492403
v -0.627506 0.573577 0.526540
v -0.663413 0.500000 0.556669
v -0.694271 0.422618 0.582562
v -0.719846 0.342020 0.604022
v -0.739942 0.258819 0.620884
v -0.754406 0.173648 0.633021
v -0.763129 0.087156 0.640341
v -0.766044 0.000000 0.642787
v -0.763129 -0.087156 0.640341
v -0.754406 -0.173648 0.633021
v -0.739942 -0.258819 0.620884
v -0.719846 -0.342020 0.604022
v -0.694272 -0.422618 0.582562
v -0.663413 -0.500000 0.556670
v -0.627506 -0.573576 0.526540
v -0.586824 -0.642787 0.492403
v -0.541675 -0.707107 0.454519
v -0.492404 -0.766044 0.413175
v -0.439385 -0.819152 0.368687
v -0.383022 -0.866025 0.321393
v -0.323744 -0.906308 0.271653
v -0.262003 -0.939692 0.219846
v -0.198267 -0.965926 0.166365
v -0.133022 -0.984808 0.111618
v -0.066765 -0.996195 0.056022
v -0.075479 0.996195 0.043577
v -0.150383 0.984808 0.086823
v -0.224143 0.965926 0.129409
v -0.296198 0.939693 0.171009
v -0.365998 0.906308 0.211308
v -0.433012 0.866025 0.249999
v -0.496731 0.819152 0.286788
v -0.556670 0.766044 0.321393
v -0.612372 0.707107 0.353553
v -0.663413 0.642788 0.383021
v -0.709406 0.573577 0.409575
v -0.749999 0.500000 0.433012
v -0.784885 0.422618 0.453153
v -0.813797 0.342020 0.469845
v -0.836516 0.258819 0.482962
v -0.852868 0.173648 0.492403
v -0.862729 0.087156 0.498096
v -0.866025 0.000000 0.499999
v -0.862729 -0.087156 0.498096
v -0.852868 -0.173648 0.492403
v -0.836516 -0.258819 0.482962
v -0.813797 -0.342020 0.469845
v -0.784885 -0.422618 0.453153
v -0.749999 -0.500000 0.433012
v -0.709406 -0.573576 0.409575
v -0.663414 -0.642787 0.383021
v -0.612372 -0.707107 0.353553
v -0.556670 -0.766044 0.321393
v -0.496732 -0.819152 0.286788
v -0.433013 -0.866025 0.249999
v -0.365998 -0.906308 0.211309
v -0.296198 -0.939692 0.171010
v -0.224144 -0.965926 0.129409
v -0.150384 -0.984808 0.086824
v -0.075479 -0.996195 0.043577
v -0.081899 0.996195 0.029808
v -0.163175 0.984808 0.059391
v -0.243210 0.965926 0.088521
v -0.321393 0.939693 0.116977
v -0.397131 0.906308 0.144543
v -0.469846 0.866025 0.171009
v -0.538985 0.819152 0.196174
v -0.604022 0.766044 0.219846
v -0.664462 0.707107 0.241844
v -0.719846 0.642788 0.262002
v -0.769750 0.573577 0.280166
v -0.813797 0.500000 0.296197
v -0.851650 0.422618 0.309975
v -0.883021 0.342020 0.321393
v -0.907673 0.258819 0.330365
v -0.925416 0.173648 0.336823
v -0.936116 0.087156 0.340718
v -0.939692 0.000000 0.342019
v -0.936116 -0.087156 0.340718
v -0.925416 -0.173648 0.336823
v -0.907673 -0.258819 0.330366
v -0.883021 -0.342020 0.321393
v -0.851650 -0.422618 0.309975
v -0.813797 -0.500000 0.296197
v -0.769751 -0.573576 0.280166
v -0.719846 -0.642787 0.262002
v -0.664463 -0.707107 0.241844
v -0.604022 -0.766044 0.219846
v -0.538985 -0.819152 0.196174
v -0.469846 -0.866025 0.171010
v -0.397131 -0.906308 0.144543
v -0.321394 -0.939692 0.116977
v -0.243210 -0.965926 0.088521
v -0.163176 -0.984808 0.059391
v -0.081900 -0.996195 0.029809
v -0.085831 0.996195 0.015134
v -0.171010 0.984808 0.030153
v -0.254887 0.965926 0.044943
v -0.336824 0.939693 0.059391
v -0.416197 0.906308 0.073386
v -0.492403 0.866025 0.086823
v -0.564862 0.819152 0.099600
v -0.633022 0.766044 0.111618
v -0.696364 0.707107 0.122787
v -0.754406 0.642788 0.133022
v -0.806706 0.573577 0.142244
v -0.852868 0.500000 0.150383
v -0.892538 0.422618 0.157378
v -0.925416 0.342020 0.163175
v -0.951250 0.258819 0.167731
v -0.969846 0.173648 0.171009
v -0.981059 0.087156 0.172987
v -0.984807 0.000000 0.173648
v -0.981059 -0.087156 0.172987
v -0.969846 -0.173648 0.171009
v -0.951251 -0.258819 0.167731
v -0.925416 -0.342020 0.163175
v -0.892538 -0.422618 0.157378
v -0.852868 -0.500000 0.150383
v -0.806707 -0.573576 0.142244
v -0.754406 -0.642787 0.133022
v -0.696364 -0.707107 0.122787
v -0.633022 -0.766044 0.111618
v -0.564862 -0.819152 0.099600
v -0.492404 -0.866025 0.086824
v -0.416198 -0.906308 0.073386
v -0.336824 -0.939692 0.059391
v -0.254887 -0.965926 0.044943
v -0.171010 -0.984808 0.030153
v -0.085832 -0.996195 0.015134
v -0.087155 0.996195 -0.000000
v -0.173648 0.984808 -0.000000
v -0.258819 0.965926 -0.000000
v -0.342020 0.939693 -0.000000
v -0.422618 0.906308 -0.000000
v -0.499999 0.866025 -0.000001
v -0.573576 0.819152 -0.000000
v -0.642787 0.766044 -0.000000
v -0.707106 0.707107 -0.000001
v -0.766044 0.642788 -0.000000
v -0.819151 0.573577 -0.000000
v -0.866024 0.500000 -0.000001
v -0.906307 0.422618 -0.000000
v -0.939691 0.342020 -0.000000
v -0.965925 0.258819 -0.000000
v -0.984807 0.173648 -0.000001
v -0.996194 0.087156 -0.000000
v -0.999999 0.000000 -0.000000
v -0.996194 -0.087156 -0.000001
v -0.984807 -0.173648 -0.000001
v -0.965925 -0.258819 -0.000000
v -0.939692 -0.342020 -0.000000
v -0.906307 -0.422618 -0.000001
v -0.866025 -0.500000 -0.000000
v -0.819151 -0.573576 -0.000001
v -0.766044 -0.642787 -0.000001
v -0.707106 -0.707107 -0.000000
v -0.642787 -0.766044 -0.000000
v -0.573576 -0.819152 -0.000000
v -0.500000 -0.866025 -0.000000
v -0.422618 -0.906308 -0.000001
v -0.342020 -0.939692 -0.000000
v -0.258819 -0.965926 -0.000000
v -0.173648 -0.984808 -0.000000
v -0.087156 -0.996195 -0.000000
v -0.085831 0.996195 -0.015135
v -0.171010 0.984808 -0.030154
v -0.254886 0.965926 -0.044944
v -0.336824 0.939693 -0.059392
v -0.416197 0.906308 -0.073387
v -0.492403 0.866025 -0.086824
v -0.564862 0.819152 -0.099601
v -0.633022 0.766044 -0.111619
v -0.696363 0.707107 -0.122788
v -0.754406 0.642788 -0.133023
v -0.806706 0.573577 -0.142245
v -0.852868 0.500000 -0.150384
v -0.892538 0.422618 -0.157379
v -0.925415 0.342020 -0.163176
v -0.951250 0.258819 -0.167731
v -0.969845 0.173648 -0.171010
v -0.981059 0.087156 -0.172988
v -0.984807 0.000000 -0.173648
v -0.981059 -0.087156 -0.172988
v -0.969846 -0.173648 -0.171010
v -0.951250 -0.258819 -0.167731
v -0.925416 -0.342020 -0.163176
v -0.892538 -0.422618 -0.157379
v -0.852868 -0.500000 -0.150384
v -0.806706 -0.573576 -0.142245
v -0.754406 -0.642787 -0.133023
v -0.696364 -0.707107 -0.122788
v -0.633022 -0.766044 -0.111619
v -0.564862 -0.819152 -0.099601
v -0.492404 -0.866025 -0.086824
v -0.416197 -0.906308 -0.073387
v -0.336824 -0.939692 -0.059392
v -0.254887 -0.965926 -0.044944
v -0.171010 -0.984808 -0.030154
v -0.085832 -0.996195 -0.015135
v -0.081899 0.996195 -0.029809
v -0.163175 0.984808 -0.059391
v -0.243210 0.965926 -0.088522
v -0.321393 0.939693 -0.116978
v -0.397131 0.906308 -0.144544
v -0.469846 0.866025 -0.171010
v -0.538985 0.819152 -0.196175
v -0.604022 0.766044 -0.219846
v -0.664462 0.707107 -0.241845
v -0.719846 0.642788 -0.262003
v -0.769750 0.573577 -0.280167
v -0.813797 0.500000 -0.296198
v -0.851650 0.422618 -0.309976
v -0.883021 0.342020 -0.321394
v -0.907672 0.258819 -0.330366
v -0.925416 0.173648 -0.336824
v -0.936116 0.087156 -0.340719
v -0.939692 0.000000 -0.342020
v -0.936116 -0.087156 -0.340719
v -0.925416 -0.173648 -0.336824
v -0.907673 -0.258819 -0.330366
v -0.883021 -0.342020 -0.321394
v -0.851650 -0.422618 -0.309976
v -0.813797 -0.500000 -0.296198
v -0.769750 -0.573576 -0.280167
v -0.719846 -0.642787 -0.262003
v -0.664462 -0.707107 -0.241845
v -0.604022 -0.766044 -0.219847
v -0.538985 -0.819152 -0.196175
v -0.469846 -0.866025 -0.171010
v -0.397131 -0.906308 -0.144544
v -0.321394 -0.939692 -0.116978
v -0.243210 -0.965926 -0.088522
v -0.163176 -0.984808 -0.059392
v -0.081900 -0.996195 -0.029809
v -0.075479 0.996195 -0.043578
v -0.150383 0.984808 -0.086824
v -0.224143 0.965926 -0.129410
v -0.296198 0.939693 -0.171010
v -0.365998 0.906308 -0.211309
v -0.433012 0.866025 -0.250000
v -0.496731 0.819152 -0.286788
v -0.556670 0.766044 -0.321394
v -0.612372 0.707107 -0.353554
v -0.663413 0.642788 -0.383022
v -0.709406 0.573577 -0.409576
v -0.749999 0.500000 -0.433013
v -0.784885 0.422618 -0.453154
v -0.813797 0.342020 -0.469846
v -0.836515 0.258819 -0.482963
v -0.852868 0.173648 -0.492404
v -0.862729 0.087156 -0.498097
v -0.866024 0.000000 -0.500000
v -0.862729 -0.087156 -0.498097
v -0.852868 -0.173648 -0.492404
v -0.836516 -0.258819 -0.482963
v -0.813797 -0.342020 -0.469846
v -0.784884 -0.422618 -0.453154
v -0.749999 -0.500000 -0.433013
v -0.709406 -0.573576 -0.409576
v -0.663413 -0.642787 -0.383022
v -0.612372 -0.707107 -0.353554
v -0.556670 -0.766044 -0.321394
v -0.496731 -0.819152 -0.286788
v -0.433012 -0.866025 -0.250000
v -0.365998 -0.906308 -0.211309
v -0.296198 -0.939692 -0.171010
v -0.224144 -0.965926 -0.129410
v -0.150384 -0.984808 -0.086824
v -0.075479 -0.996195 -0.043578
v -0.066765 0.996195 -0.056023
v -0.133022 0.984808 -0.111619
v -0.198266 0.965926 -0.166366
v -0.262002 0.939693 -0.219846
v -0.323744 0.906308 -0.271654
v -0.383022 0.866025 -0.321394
v -0.439385 0.819152 -0.368688
v -0.492403 0.766044 -0.413176
v -0.541674 0.707107 -0.454519
v -0.586823 0.642788 -0.492404
v -0.627506 0.573577 -0.526541
v -0.663413 0.500000 -0.556670
v -0.694271 0.422618 -0.582563
v -0.719845 0.342020 -0.604023
v -0.739941 0.258819 -0.620885
v -0.754406 0.173648 -0.633022
v -0.763129 0.087156 -0.640341
v -0.766044 0.000000 -0.642787
v -0.763128 -0.087156 -0.640341
v -0.754406 -0.173648 -0.633022
v -0.739941 -0.258819 -0.620885
v -0.719845 -0.342020 -0.604023
v -0.694271 -0.422618 -0.582563
v -0.663413 -0.500000 -0.556670
v -0.627506 -0.573576 -0.526541
v -0.586823 -0.642787 -0.492404
v -0.541675 -0.707107 -0.454520
v -0.492403 -0.766044 -0.413176
v -0.439385 -0.819152 -0.368688
v -0.383022 -0.866025 -0.321394
v -0.323744 -0.906308 -0.271654
v -0.262002 -0.939692 -0.219847
v -0.198267 -0.965926 -0.166366
v -0.133022 -0.984808 -0.111619
v -0.066765 -0.996195 -0.056023
v -0.056022 0.996195 -0.066765
v -0.111619 0.984808 -0.133022
v -0.166365 0.965926 -0.198267
v -0.219846 0.939693 -0.262003
v -0.271653 0.906308 -0.323744
v -0.321393 0.866025 -0.383022
v -0.368687 0.819152 -0.439385
v -0.413175 0.766044 -0.492404
v -0.454519 0.707107 -0.541675
v -0.492403 0.642788 -0.586824
v -0.526540 0.573577 -0.627507
v -0.556670 0.500000 -0.663414
v -0.582563 0.422618 -0.694272
v -0.604022 0.342020 -0.719846
v -0.620884 0.258819 -0.739942
v -0.633022 0.173648 -0.754406
v -0.640341 0.087156 -0.763129
v -0.642787 0.000000 -0.766044
v -0.640341 -0.087156 -0.763129
v -0.633021 -0.173648 -0.754406
v -0.620885 -0.258819 -0.739942
v -0.604022 -0.342020 -0.719846
v -0.582562 -0.422618 -0.694272
v -0.556670 -0.500000 -0.663414
v -0.526540 -0.573576 -0.627507
v -0.492403 -0.642787 -0.586824
v -0.454519 -0.707107 -0.541675
v -0.413175 -0.766044 -0.492404
v -0.368687 -0.819152 -0.439385
v -0.321393 -0.866025 -0.383022
v -0.271653 -0.906308 -0.323745
v -0.219846 -0.939692 -0.262003
v -0.166365 -0.965926 -0.198267
v -0.111619 -0.984808 -0.133022
v -0.056023 -0.996195 -0.066766
v -0.043578 0.996195 -0.075479
v -0.086824 0.984808 -0.150384
v -0.129409 0.965926 -0.224144
v -0.171010 0.939693 -0.296198
v -0.211309 0.906308 -0.365998
v -0.250000 0.866025 -0.433013
v -0.286788 0.819152 -0.496732
v -0.321393 0.766044 -0.556670
v -0.353553 0.707107 -0.612372
v -0.383022 0.642788 -0.663414
v -0.409575 0.573577 -0.709406
v -0.433012 0.500000 -0.750000
v -0.453153 0.422618 -0.784885
v -0.469846 0.342020 -0.813797
v -0.482962 0.258819 -0.836516
v -0.492403 0.173648 -0.852868
v -0.498097 0.087156 -0.862729
v -0.499999 0.000000 -0.866025
v -0.498097 -0.087156 -0.862729
v -0.492403 -0.173648 -0.852868
v -0.482962 -0.258819 -0.836516
v -0.469846 -0.342020 -0.813797
v -0.453153 -0.422618 -0.784885
v -0.433012 -0.500000 -0.750000
v -0.409575 -0.573576 -0.709406
v -0.383022 -0.642787 -0.663414
v -0.353553 -0.707107 -0.612372
v -0.321393 -0.766044 -0.556670
v -0.286788 -0.819152 -0.496732
v -0.250000 -0.866025 -0.433013
v -0.211309 -0.906308 -0.365998
v -0.171010 -0.939692 -0.296198
v -0.129409 -0.965926 -0.224144
v -0.086824 -0.984808 -0.150384
v -0.043578 -0.996195 -0.075479
v -0.029809 0.996195 -0.081900
v -0.059391 0.984808 -0.163176
v -0.088521 0.965926 -0.243210
v -0.116977 0.939693 -0.321394
v -0.144544 0.906308 -0.397131
v -0.171010 0.866025 -0.469846
v -0.196174 0.819152 -0.538985
v -0.219846 0.766044 -0.604022
v -0.241844 0.707107 -0.664463
v -0.262002 0.642788 -0.719846
v -0.280166 0.573577 -0.769751
v -0.296198 0.500000 -0.813797
v -0.309975 0.422618 -0.851650
v -0.321393 0.342020 -0.883021
v -0.330366 0.258819 -0.907673
v -0.336824 0.173648 -0.925416
v -0.340718 0.087156 -0.936116
v -0.342020 0.000000 -0.939692
v -0.340718 -0.087156 -0.936116
v -0.336824 -0.173648 -0.925416
v -0.330366 -0.258819 -0.907673
v -0.321393 -0.342020 -0.883021
v -0.309975 -0.422618 -0.851650
v -0.296198 -0.500000 -0.813797
v -0.280166 -0.573576 -0.769751
v -0.262002 -0.642787 -0.719846
v -0.241844 -0.707107 -0.664463
v -0.219846 -0.766044 -0.604023
v -0.196174 -0.819152 -0.538986
v -0.171010 -0.866025 -0.469846
v -0.144544 -0.906308 -0.397131
v -0.116978 -0.939692 -0.321394
v -0.088521 -0.965926 -0.243210
v -0.059391 -0.984808 -0.163176
v -0.029809 -0.996195 -0.081900
v -0.015134 0.996195 -0.085832
v -0.030154 0.984808 -0.171010
v -0.044943 0.965926 -0.254887
v -0.059391 0.939693 -0.336824
v -0.073387 0.906308 -0.416197
v -0.086824 0.866025 -0.492404
v -0.099600 0.819152 -0.564862
v -0.111619 0.766044 -0.633022
v -0.122787 0.707107 -0.696364
v -0.133022 0.642788 -0.754406
v -0.142244 0.573577 -0.806707
v -0.150383 0.500000 -0.852868
v -0.157378 0.422618 -0.892538
v -0.163176 0.342020 -0.925416
v -0.167731 0.258819 -0.951250
v -0.171010 0.173648 -0.969846
v -0.172987 0.087156 -0.981059
v -0.173648 0.000000 -0.984807
v -0.172987 -0.087156 -0.981059
v -0.171010 -0.173648 -0.969846
v -0.167731 -0.258819 -0.951251
v -0.163176 -0.342020 -0.925416
v -0.157378 -0.422618 -0.892538
v -0.150384 -0.500000 -0.852868
v -0.142244 -0.573576 -0.806707
v -0.133022 -0.642787 -0.754406
v -0.122788 -0.707107 -0.696364
v -0.111619 -0.766044 -0.633022
v -0.099600 -0.819152 -0.564862
v -0.086824 -0.866025 -0.492404
v -0.073387 -0.906308 -0.416198
v -0.059391 -0.939692 -0.336824
v -0.044943 -0.965926 -0.254887
v -0.030154 -0.984808 -0.171010
v -0.015134 -0.996195 -0.085832
v 0.000000 0.965926 -0.258819
v 0.000000 0.906308 -0.422618
v 0.000000 0.766044 -0.642787
v -0.000000 0.258819 -0.965925
v 0.000000 0.000000 -0.999999
vn 0.0831 0.2997 -0.9504
vn 0.0114 0.9914 -0.1305
vn 0.0532 -0.7922 -0.6079
vn 0.0851 0.2157 -0.9728
vn 0.0189 0.9761 -0.2164
vn 0.0470 -0.8425 -0.5367
vn 0.0864 0.1300 -0.9877
vn 0.0263 0.9534 -0.3006
vn 0.0404 -0.8863 -0.4614
vn 0.0871 0.0435 -0.9953
vn 0.0335 0.9234 -0.3825
vn 0.0335 -0.9234 -0.3825
vn 0.0871 -0.0434 -0.9953
vn 0.0404 0.8863 -0.4614
vn 0.0263 -0.9534 -0.3006
vn 0.0864 -0.1300 -0.9877
vn 0.0470 0.8425 -0.5367
vn 0.0189 -0.9761 -0.2164
vn 0.0851 -0.2157 -0.9728
vn 0.0532 0.7922 -0.6079
vn 0.0114 -0.9914 -0.1305
vn 0.0832 -0.2997 -0.9504
vn 0.0590 0.7360 -0.6744
vn 0.0038 -0.9990 -0.0436
vn 0.0806 -0.3814 -0.9209
vn 0.0644 0.6742 -0.7357
vn 0.0774 -0.4604 -0.8844
vn 0.0692 0.6073 -0.7914
vn 0.0736 -0.5358 -0.8411
vn 0.0736 0.5358 -0.8411
vn 0.0692 -0.6073 -0.7914
vn 0.0774 0.4604 -0.8844
vn 0.0644 -0.6742 -0.7357
vn 0.0806 0.3814 -0.9209
vn 0.0038 0.9990 -0.0436
vn 0.0590 -0.7360 -0.6744
vn 0.1199 0.8863 -0.4474
vn 0.0781 -0.9534 -0.2915
vn 0.2566 -0.1300 -0.9577
vn 0.1394 0.8425 -0.5204
vn 0.0562 -0.9761 -0.2098
vn 0.2527 -0.2157 -0.9432
vn 0.1579 0.7922 -0.5894
vn 0.0339 -0.9914 -0.1265
vn 0.2469 -0.2997 -0.9215
vn 0.1752 0.7360 -0.6539
vn 0.0113 -0.9990 -0.0423
vn 0.2393 -0.3814 -0.8929
vn 0.1912 0.6742 -0.7134
vn 0.2298 -0.4604 -0.8575
vn 0.2056 0.6073 -0.7674
vn 0.2185 -0.5358 -0.8155
vn 0.2185 0.5358 -0.8155
vn 0.2056 -0.6073 -0.7674
vn 0.2298 0.4604 -0.8575
vn 0.1912 -0.6742 -0.7134
vn 0.2393 0.3814 -0.8929
vn 0.0113 0.9990 -0.0423
vn 0.1752 -0.7360 -0.6539
vn 0.2469 0.2997 -0.9215
vn 0.0339 0.9914 -0.1266
vn 0.1579 -0.7922 -0.5894
vn 0.2527 0.2157 -0.9432
vn 0.0562 0.9761 -0.2098
vn 0.1394 -0.8425 -0.5204
vn 0.2566 0.1300 -0.9577
vn 0.0781 0.9534 -0.2915
vn 0.1199 -0.8863 -0.4474
vn 0.2586 0.0435 -0.9650
vn 0.0994 0.9234 -0.3708
vn 0.0994 -0.9234 -0.3708
vn 0.2586 -0.0435 -0.9650
vn 0.3121 -0.6742 -0.6694
vn 0.3907 0.3814 -0.8378
vn 0.0185 0.9990 -0.0397
vn 0.2861 -0.7360 -0.6136
vn 0.4032 0.2997 -0.8647
vn 0.0554 0.9914 -0.1187
vn 0.2579 -0.7922 -0.5530
vn 0.4127 0.2157 -0.8850
vn 0.0918 0.9761 -0.1969
vn 0.2277 -0.8425 -0.4883
vn 0.4190 0.1300 -0.8986
vn 0.1275 0.9534 -0.2735
vn 0.1957 -0.8863 -0.4197
vn 0.4222 0.0435 -0.9055
vn 0.1623 0.9234 -0.3480
vn 0.1623 -0.9234 -0.3480
vn 0.4222 -0.0435 -0.9055
vn 0.1957 0.8863 -0.4197
vn 0.1275 -0.9534 -0.2735
vn 0.4190 -0.1300 -0.8986
vn 0.2277 0.8425 -0.4883
vn 0.0918 -0.9761 -0.1969
vn 0.4127 -0.2157 -0.8850
vn 0.2579 0.7922 -0.5530
vn 0.0554 -0.9914 -0.1187
vn 0.4032 -0.2997 -0.8647
vn 0.2861 0.7360 -0.6136
vn 0.0185 -0.9990 -0.0397
vn 0.3907 -0.3814 -0.8378
vn 0.3121 0.6742 -0.6694
vn 0.3752 -0.4604 -0.8046
vn 0.3358 0.6073 -0.7200
vn 0.3568 -0.5358 -0.7652
vn 0.3568 0.5358 -0.7652
vn 0.3358 -0.6073 -0.7200
vn 0.3752 0.4604 -0.8046
vn 0.1246 -0.9761 -0.1779
vn 0.5601 -0.2157 -0.7999
vn 0.3500 0.7922 -0.4999
vn 0.0751 -0.9914 -0.1073
vn 0.5472 -0.2997 -0.7815
vn 0.3883 0.7360 -0.5546
vn 0.0251 -0.9990 -0.0359
vn 0.5302 -0.3814 -0.7572
vn 0.4236 0.6742 -0.6050
vn 0.5092 -0.4604 -0.7272
vn 0.4557 0.6073 -0.6508
vn 0.4843 -0.5358 -0.6916
vn 0.4843 0.5358 -0.6916
vn 0.4557 -0.6073 -0.6508
vn 0.5092 0.4604 -0.7272
vn 0.4236 -0.6742 -0.6050
vn 0.5302 0.3814 -0.7572
vn 0.0251 0.9990 -0.0359
vn 0.3883 -0.7360 -0.5546
vn 0.5472 0.2997 -0.7815
vn 0.0751 0.9914 -0.1073
vn 0.3500 -0.7922 -0.4999
vn 0.5601 0.2157 -0.7999
vn 0.1246 0.9761 -0.1779
vn 0.3090 -0.8425 -0.4413
vn 0.5687 0.1300 -0.8122
vn 0.1731 0.9534 -0.2472
vn 0.2656 -0.8863 -0.3794
vn 0.5730 0.0435 -0.8184
vn 0.2202 0.9234 -0.3145
vn 0.2202 -0.9234 -0.3145
vn 0.5730 -0.0435 -0.8184
vn 0.2656 0.8863 -0.3794
vn 0.1731 -0.9534 -0.2472
vn 0.5687 -0.1300 -0.8122
vn 0.3090 0.8425 -0.4413
vn 0.4787 -0.7360 -0.4787
vn 0.6746 0.2997 -0.6746
vn 0.0926 0.9914 -0.0926
vn 0.4315 -0.7922 -0.4315
vn 0.6905 0.2157 -0.6905
vn 0.1536 0.9761 -0.1536
vn 0.3810 -0.8425 -0.3810
vn 0.7011 0.1300 -0.7011
vn 0.2134 0.9534 -0.2134
vn 0.3275 -0.8863 -0.3275
vn 0.7064 0.0435 -0.7064
vn 0.2715 0.9234 -0.2715
vn 0.2715 -0.9234 -0.2715
vn 0.7064 -0.0435 -0.7064
vn 0.3275 0.8863 -0.3275
vn 0.2134 -0.9534 -0.2134
vn 0.7011 -0.1300 -0.7011
vn 0.3810 0.8425 -0.3810
vn 0.1536 -0.9761 -0.1536
vn 0.6905 -0.2157 -0.6905
vn 0.4315 0.7922 -0.4315
vn 0.0926 -0.9914 -0.0926
vn 0.6746 -0.2997 -0.6746
vn 0.4787 0.7360 -0.4787
vn 0.0310 -0.9990 -0.0310
vn 0.6536 -0.3814 -0.6536
vn 0.5222 0.6742 -0.5222
vn 0.6277 -0.4604 -0.6277
vn 0.5618 0.6073 -0.5618
vn 0.5970 -0.5358 -0.5970
vn 0.5970 0.5358 -0.5970
vn 0.5618 -0.6073 -0.5618
vn 0.6277 0.4604 -0.6277
vn 0.5222 -0.6742 -0.5222
vn 0.6536 0.3814 -0.6536
vn 0.0310 0.9990 -0.0310
vn 0.7815 -0.2997 -0.5472
vn 0.5546 0.7360 -0.3883
vn 0.0359 -0.9990 -0.0251
vn 0.7572 -0.3814 -0.5302
vn 0.6050 0.6742 -0.4236
vn 0.7272 -0.4604 -0.5092
vn 0.6508 0.6073 -0.4557
vn 0.6916 -0.5358 -0.4843
vn 0.6916 0.5358 -0.4843
vn 0.6508 -0.6073 -0.4557
vn 0.7272 0.4604 -0.5092
vn 0.6050 -0.6742 -0.4236
vn 0.7572 0.3814 -0.5302
vn 0.0359 0.9990 -0.0251
vn 0.5546 -0.7360 -0.3883
vn 0.7815 0.2997 -0.5472
vn 0.1073 0.9914 -0.0751
vn 0.4999 -0.7922 -0.3500
vn 0.7999 0.2157 -0.5601
vn 0.1779 0.9761 -0.1246
vn 0.4413 -0.8425 -0.3090
vn 0.8122 0.1300 -0.5687
vn 0.2472 0.9534 -0.1731
vn 0.3794 -0.8863 -0.2656
vn 0.8184 0.0435 -0.5730
vn 0.3145 0.9234 -0.2202
vn 0.3145 -0.9234 -0.2202
vn 0.8184 -0.0435 -0.5730
vn 0.3794 0.8863 -0.2656
vn 0.2472 -0.9534 -0.1731
vn 0.8122 -0.1300 -0.5687
vn 0.4413 0.8425 -0.3090
vn 0.1779 -0.9761 -0.1246
vn 0.7999 -0.2157 -0.5601
vn 0.4999 0.7922 -0.3500
vn 0.1073 -0.9914 -0.0751
vn 0.8850 0.2157 -0.4127
vn 0.1969 0.9761 -0.0918
vn 0.4883 -0.8425 -0.2277
vn 0.8986 0.1300 -0.4190
vn 0.2735 0.9534 -0.1275
vn 0.4197 -0.8863 -0.1957
vn 0.9055 0.0435 -0.4222
vn 0.3480 0.9234 -0.1623
vn 0.3480 -0.9234 -0.1623
vn 0.9055 -0.0435 -0.4222
vn 0.4197 0.8863 -0.1957
vn 0.2735 -0.9534 -0.1275
vn 0.8986 -0.1300 -0.4190
vn 0.4883 0.8425 -0.2277
vn 0.1969 -0.9761 -0.0918
vn 0.8850 -0.2157 -0.4127
vn 0.5531 0.7922 -0.2579
vn 0.1187 -0.9914 -0.0554
vn 0.8647 -0.2997 -0.4032
vn 0.6136 0.7360 -0.2861
vn 0.0397 -0.9990 -0.0185
vn 0.8378 -0.3814 -0.3907
vn 0.6694 0.6742 -0.3121
vn 0.8046 -0.4604 -0.3752
vn 0.7200 0.6073 -0.3358
vn 0.7652 -0.5358 -0.3568
vn 0.7652 0.5358 -0.3568
vn 0.7200 -0.6073 -0.3358
vn 0.8046 0.4604 -0.3752
vn 0.6694 -0.6742 -0.3121
vn 0.8378 0.3814 -0.3907
vn 0.0397 0.9990 -0.0185
vn 0.6136 -0.7360 -0.2861
vn 0.8647 0.2997 -0.4032
vn 0.1187 0.9914 -0.0554
vn 0.5530 -0.7922 -0.2579
vn 0.7134 0.6742 -0.1912
vn 0.8575 -0.4604 -0.2298
vn 0.7674 0.6073 -0.2056
vn 0.8155 -0.5358 -0.2185
vn 0.8155 0.5358 -0.2185
vn 0.7674 -0.6073 -0.2056
vn 0.8575 0.4604 -0.2298
vn 0.7134 -0.6742 -0.1912
vn 0.8929 0.3814 -0.2393
vn 0.0423 0.9990 -0.0113
vn 0.6539 -0.7360 -0.1752
vn 0.9215 0.2997 -0.2469
vn 0.1266 0.9914 -0.0339
vn 0.5894 -0.7922 -0.1579
vn 0.9432 0.2157 -0.2527
vn 0.2098 0.9761 -0.0562
vn 0.5204 -0.8425 -0.1394
vn 0.9577 0.1300 -0.2566
vn 0.2915 0.9534 -0.0781
vn 0.4474 -0.8863 -0.1199
vn 0.9650 0.0435 -0.2586
vn 0.3708 0.9234 -0.0994
vn 0.3708 -0.9234 -0.0994
vn 0.9650 -0.0435 -0.2586
vn 0.4474 0.8863 -0.1199
vn 0.2915 -0.9534 -0.0781
vn 0.9577 -0.1300 -0.2566
vn 0.5204 0.8425 -0.1394
vn 0.2098 -0.9761 -0.0562
vn 0.9432 -0.2157 -0.2527
vn 0.5894 0.7922 -0.1579
vn 0.1266 -0.9914 -0.0339
vn 0.9215 -0.2997 -0.2469
vn 0.6539 0.7360 -0.1752
vn 0.0423 -0.9990 -0.0113
vn 0.8929 -0.3814 -0.2393
vn 0.3006 0.9534 -0.0263
vn 0.4614 -0.8863 -0.0404
vn 0.9953 0.0435 -0.0871
vn 0.3825 0.9234 -0.0335
vn 0.3825 -0.9234 -0.0335
vn 0.9953 -0.0435 -0.0871
vn 0.4614 0.8863 -0.0404
vn 0.3006 -0.9534 -0.0263
vn 0.9877 -0.1300 -0.0864
vn 0.5367 0.8425 -0.0470
vn 0.2164 -0.9761 -0.0189
vn 0.9728 -0.2157 -0.0851
vn 0.6079 0.7922 -0.0532
vn 0.1305 -0.9914 -0.0114
vn 0.9504 -0.2997 -0.0832
vn 0.6744 0.7360 -0.0590
vn 0.0436 -0.9990 -0.0038
vn 0.9209 -0.3814 -0.0806
vn 0.7357 0.6742 -0.0644
vn 0.8844 -0.4604 -0.0774
vn 0.7914 0.6073 -0.0692
vn 0.8411 -0.5358 -0.0736
vn 0.8411 0.5358 -0.0736
vn 0.7914 -0.6073 -0.0692
vn 0.8844 0.4604 -0.0774
vn 0.7357 -0.6742 -0.0644
vn 0.9209 0.3814 -0.0806
vn 0.0436 0.9990 -0.0038
vn 0.6744 -0.7360 -0.0590
vn 0.9504 0.2997 -0.0832
vn 0.1305 0.9914 -0.0114
vn 0.6079 -0.7922 -0.0532
vn 0.9728 0.2157 -0.0851
vn 0.2164 0.9761 -0.0189
vn 0.5367 -0.8425 -0.0470
vn 0.9877 0.1300 -0.0864
vn 0.8411 -0.5358 0.0736
vn 0.8411 0.5358 0.0736
vn 0.7914 -0.6073 0.0692
vn 0.8844 0.4604 0.0774
vn 0.7357 -0.6742 0.0644
vn 0.9209 0.3814 0.0806
vn 0.0436 0.9990 0.0038
vn 0.6744 -0.7360 0.0590
vn 0.9504 0.2997 0.0832
vn 0.1305 0.9914 0.0114
vn 0.6079 -0.7922 0.0532
vn 0.9728 0.2157 0.0851
vn 0.2164 0.9761 0.0189
vn 0.5367 -0.8425 0.0470
vn 0.9877 0.1300 0.0864
vn 0.3006 0.9534 0.0263
vn 0.4614 -0.8863 0.0404
vn 0.9953 0.0435 0.0871
vn 0.3825 0.9234 0.0335
vn 0.3825 -0.9234 0.0335
vn 0.9953 -0.0435 0.0871
vn 0.4614 0.8863 0.0404
vn 0.3006 -0.9534 0.0263
vn 0.9877 -0.1300 0.0864
vn 0.5367 0.8425 0.0470
vn 0.2164 -0.9761 0.0189
vn 0.9728 -0.2157 0.0851
vn 0.6079 0.7922 0.0532
vn 0.1305 -0.9914 0.0114
vn 0.9504 -0.2997 0.0832
vn 0.6744 0.7360 0.0590
vn 0.0436 -0.9990 0.0038
vn 0.9209 -0.3814 0.0806
vn 0.7357 0.6742 0.0644
vn 0.8844 -0.4604 0.0774
vn 0.7914 0.6073 0.0692
vn 0.9650 -0.0435 0.2586
vn 0.4474 0.8863 0.1199
vn 0.2915 -0.9534 0.0781
vn 0.9577 -0.1300 0.2566
vn 0.5204 0.8425 0.1394
vn 0.2098 -0.9761 0.0562
vn 0.9432 -0.2157 0.2527
vn 0.5894 0.7922 0.1579
vn 0.1266 -0.9914 0.0339
vn 0.9215 -0.2997 0.2469
vn 0.6539 0.7360 0.1752
vn 0.0423 -0.9990 0.0113
vn 0.8929 -0.3814 0.2393
vn 0.7134 0.6742 0.1912
vn 0.8575 -0.4604 0.2298
vn 0.7674 0.6073 0.2056
vn 0.8155 -0.5358 0.2185
vn 0.8155 0.5358 0.2185
vn 0.7674 -0.6073 0.2056
vn 0.8575 0.4604 0.2298
vn 0.7134 -0.6742 0.1912
vn 0.8929 0.3814 0.2393
vn 0.0423 0.9990 0.0113
vn 0.6539 -0.7360 0.1752
vn 0.9215 0.2997 0.2469
vn 0.1266 0.9914 0.0339
vn 0.5894 -0.7922 0.1579
vn 0.9432 0.2157 0.2527
vn 0.2098 0.9761 0.0562
vn 0.5204 -0.8425 0.1394
vn 0.9577 0.1300 0.2566
vn 0.2915 0.9534 0.0781
vn 0.4474 -0.8863 0.1199
vn 0.9650 0.0435 0.2586
vn 0.3708 0.9234 0.0994
vn 0.3708 -0.9234 0.0994
vn 0.8046 0.4604 0.3752
vn 0.6694 -0.6742 0.3121
vn 0.8378 0.3814 0.3907
vn 0.0397 0.9990 0.0185
vn 0.6136 -0.7360 0.2861
vn 0.8647 0.2997 0.4032
vn 0.1187 0.9914 0.0554
vn 0.5530 -0.7922 0.2579
vn 0.8850 0.2157 0.4127
vn 0.1969 0.9761 0.0918
vn 0.4883 -0.8425 0.2277
vn 0.8986 0.1300 0.4190
vn 0.2735 0.9534 0.1275
vn 0.4197 -0.8863 0.1957
vn 0.9055 0.0435 0.4222
vn 0.3480 0.9234 0.1623
vn 0.3480 -0.9234 0.1623
vn 0.9055 -0.0435 0.4222
vn 0.4197 0.8863 0.1957
vn 0.2735 -0.9534 0.1275
vn 0.8986 -0.1300 0.4190
vn 0.4883 0.8425 0.2277
vn 0.1969 -0.9761 0.0918
vn 0.8850 -0.2157 0.4127
vn 0.5530 0.7922 0.2579
vn 0.1187 -0.9914 0.0554
vn 0.8647 -0.2997 0.4032
vn 0.6136 0.7360 0.2861
vn 0.0397 -0.9990 0.0185
vn 0.8378 -0.3814 0.3907
vn 0.6694 0.6742 0.3121
vn 0.8046 -0.4604 0.3752
vn 0.7200 0.6073 0.3358
vn 0.7652 -0.5358 0.3568
vn 0.7652 0.5358 0.3568
vn 0.7200 -0.6073 0.3358
vn 0.4413 0.8425 0.3090
vn 0.1779 -0.9761 0.1246
vn 0.7999 -0.2157 0.5601
vn 0.4999 0.7922 0.3500
vn 0.1073 -0.9914 0.0751
vn 0.7815 -0.2997 0.5472
vn 0.5546 0.7360 0.3883
vn 0.0359 -0.9990 0.0251
vn 0.7572 -0.3814 0.5302
vn 0.6050 0.6742 0.4236
vn 0.7272 -0.4604 0.5092
vn 0.6508 0.6073 0.4557
vn 0.6916 -0.5358 0.4843
vn 0.6916 0.5358 0.4843
vn 0.6508 -0.6073 0.4557
vn 0.7272 0.4604 0.5092
vn 0.6050 -0.6742 0.4236
vn 0.7572 0.3814 0.5302
vn 0.0359 0.9990 0.0251
vn 0.5546 -0.7360 0.3883
vn 0.7815 0.2997 0.5472
vn 0.1073 0.9914 0.0751
vn 0.4999 -0.7922 0.3500
vn 0.7999 0.2157 0.5601
vn 0.1779 0.9761 0.1246
vn 0.4413 -0.8425 0.3090
vn 0.8122 0.1300 0.5687
vn 0.2472 0.9534 0.1731
vn 0.3794 -0.8863 0.2656
vn 0.8184 0.0435 0.5730
vn 0.3145 0.9234 0.2202
vn 0.3145 -0.9234 0.2202
vn 0.8184 -0.0435 0.5730
vn 0.3794 0.8863 0.2656
vn 0.2472 -0.9534 0.1731
vn 0.8122 -0.1300 0.5687
vn 0.0310 0.9990 0.0310
vn 0.4787 -0.7360 0.4787
vn 0.6746 0.2997 0.6746
vn 0.0926 0.9914 0.0926
vn 0.4315 -0.7922 0.4315
vn 0.6905 0.2157 0.6905
vn 0.1536 0.9761 0.1536
vn 0.3810 -0.8425 0.3810
vn 0.7011 0.1300 0.7011
vn 0.2134 0.9534 0.2134
vn 0.3275 -0.8863 0.3275
vn 0.7064 0.0435 0.7064
vn 0.2715 0.9234 0.2715
vn 0.2715 -0.9234 0.2715
vn 0.7064 -0.0435 0.7064
vn 0.3275 0.8863 0.3275
vn 0.2134 -0.9534 0.2134
vn 0.7011 -0.1300 0.7011
vn 0.3810 0.8425 0.3810
vn 0.1536 -0.9761 0.1536
vn 0.6905 -0.2157 0.6905
vn 0.4315 0.7922 0.4315
vn 0.0926 -0.9914 0.0926
vn 0.6746 -0.2997 0.6746
vn 0.4787 0.7360 0.4787
vn 0.0310 -0.9990 0.0310
vn 0.6536 -0.3814 0.6536
vn 0.5222 0.6742 0.5222
vn 0.6277 -0.4604 0.6277
vn 0.5618 0.6073 0.5618
vn 0.5970 -0.5358 0.5970
vn 0.5970 0.5358 0.5970
vn 0.5618 -0.6073 0.5618
vn 0.6277 0.4604 0.6277
vn 0.5222 -0.6742 0.5222
vn 0.6536 0.3814 0.6536
vn 0.0751 -0.9914 0.1073
vn 0.5472 -0.2997 0.7815
vn 0.3883 0.7360 0.5546
vn 0.0251 -0.9990 0.0359
vn 0.5302 -0.3814 0.7572
vn 0.4236 0.6742 0.6050
vn 0.5092 -0.4604 0.7272
vn 0.4557 0.6073 0.6508
vn 0.4843 -0.5358 0.6916
vn 0.4843 0.5358 0.6916
vn 0.4557 -0.6073 0.6508
vn 0.5092 0.4604 0.7272
vn 0.4236 -0.6742 0.6050
vn 0.5302 0.3814 0.7572
vn 0.0251 0.9990 0.0359
vn 0.3883 -0.7360 0.5546
vn 0.5472 0.2997 0.7815
vn 0.0751 0.9914 0.1073
vn 0.3500 -0.7922 0.4999
vn 0.5601 0.2157 0.7999
vn 0.1246 0.9761 0.1779
vn 0.3090 -0.8425 0.4413
vn 0.5687 0.1300 0.8122
vn 0.1731 0.9534 0.2472
vn 0.2656 -0.8863 0.3794
vn 0.5730 0.0435 0.8184
vn 0.2202 0.9234 0.3145
vn 0.2202 -0.9234 0.3145
vn 0.5730 -0.0435 0.8184
vn 0.2656 0.8863 0.3794
vn 0.1731 -0.9534 0.2472
vn 0.5687 -0.1300 0.8122
vn 0.3090 0.8425 0.4413
vn 0.1246 -0.9761 0.1779
vn 0.5601 -0.2157 0.7999
vn 0.3500 0.7922 0.4999
vn 0.2579 -0.7922 0.5530
vn 0.4127 0.2157 0.8850
vn 0.0918 0.9761 0.1969
vn 0.2277 -0.8425 0.4883
vn 0.4190 0.1300 0.8986
vn 0.1275 0.9534 0.2735
vn 0.1957 -0.8863 0.4197
vn 0.4222 0.0435 0.9055
vn 0.1623 0.9234 0.3480
vn 0.1623 -0.9234 0.3480
vn 0.4222 -0.0435 0.9055
vn 0.1957 0.8863 0.4197
vn 0.1275 -0.9534 0.2735
vn 0.4190 -0.1300 0.8986
vn 0.2277 0.8425 0.4883
vn 0.0918 -0.9761 0.1969
vn 0.4127 -0.2157 0.8850
vn 0.2579 0.7922 0.5531
vn 0.0554 -0.9914 0.1187
vn 0.4032 -0.2997 0.8647
vn 0.2861 0.7360 0.6136
vn 0.0185 -0.9990 0.0397
vn 0.3907 -0.3814 0.8378
vn 0.3121 0.6742 0.6694
vn 0.3752 -0.4604 0.8046
vn 0.3358 0.6073 0.7200
vn 0.3568 -0.5358 0.7652
vn 0.3568 0.5358 0.7652
vn 0.3358 -0.6073 0.7200
vn 0.3752 0.4604 0.8046
vn 0.3121 -0.6742 0.6694
vn 0.3907 0.3814 0.8378
vn 0.0185 0.9990 0.0397
vn 0.2861 -0.7360 0.6136
vn 0.4032 0.2997 0.8647
vn 0.0554 0.9914 0.1187
vn 0.2393 -0.3814 0.8929
vn 0.1912 0.6742 0.7134
vn 0.2298 -0.4604 0.8575
vn 0.2056 0.6073 0.7674
vn 0.2185 -0.5358 0.8155
vn 0.2185 0.5358 0.8155
vn 0.2056 -0.6073 0.7674
vn 0.2298 0.4604 0.8575
vn 0.1912 -0.6742 0.7134
vn 0.2393 0.3814 0.8929
vn 0.0113 0.9990 0.0423
vn 0.1752 -0.7360 0.6539
vn 0.2469 0.2997 0.9215
vn 0.0339 0.9914 0.1266
vn 0.1579 -0.7922 0.5894
vn 0.2527 0.2157 0.9432
vn 0.0562 0.9761 0.2098
vn 0.1394 -0.8425 0.5204
vn 0.2566 0.1300 0.9577
vn 0.0781 0.9534 0.2915
vn 0.1199 -0.8863 0.4474
vn 0.2586 0.0435 0.9650
vn 0.0994 0.9234 0.3708
vn 0.0994 -0.9234 0.3708
vn 0.2586 -0.0435 0.9650
vn 0.1199 0.8863 0.4474
vn 0.0781 -0.9534 0.2915
vn 0.2566 -0.1300 0.9577
vn 0.1394 0.8425 0.5204
vn 0.0562 -0.9761 0.2098
vn 0.2527 -0.2157 0.9432
vn 0.1579 0.7922 0.5894
vn 0.0339 -0.9914 0.1266
vn 0.2469 -0.2997 0.9215
vn 0.1752 0.7360 0.6539
vn 0.0113 -0.9990 0.0423
vn 0.0864 0.1300 0.9877
vn 0.0263 0.9534 0.3006
vn 0.0404 -0.8863 0.4614
vn 0.0871 0.0435 0.9953
vn 0.0335 0.9234 0.3825
vn 0.0335 -0.9234 0.3825
vn 0.0871 -0.0435 0.9953
vn 0.0404 0.8863 0.4614
vn 0.0263 -0.9534 0.3006
vn 0.0864 -0.1300 0.9877
vn 0.0470 0.8425 0.5367
vn 0.0189 -0.9761 0.2164
vn 0.0851 -0.2157 0.9728
vn 0.0532 0.7922 0.6079
vn 0.0114 -0.9914 0.1305
vn 0.0831 -0.2997 0.9504
vn 0.0590 0.7360 0.6744
vn 0.0038 -0.9990 0.0436
vn 0.0806 -0.3814 0.9209
vn 0.0644 0.6742 0.7357
vn 0.0774 -0.4604 0.8844
vn 0.0692 0.6073 0.7915
vn 0.0736 -0.5358 0.8411
vn 0.0736 0.5358 0.8411
vn 0.0692 -0.6073 0.7914
vn 0.0774 0.4604 0.8844
vn 0.0644 -0.6742 0.7357
vn 0.0806 0.3814 0.9209
vn 0.0038 0.9990 0.0436
vn 0.0590 -0.7360 0.6744
vn 0.0831 0.2997 0.9504
vn 0.0114 0.9914 0.1305
vn 0.0532 -0.7922 0.6079
vn 0.0851 0.2157 0.9728
vn 0.0189 0.9761 0.2164
vn 0.0470 -0.8425 0.5367
vn -0.0692 0.6073 0.7915
vn -0.0736 -0.5358 0.8411
vn -0.0736 0.5358 0.8411
vn -0.0692 -0.6073 0.7914
vn -0.0774 0.4604 0.8844
vn -0.0644 -0.6742 0.7357
vn -0.0806 0.3814 0.9209
vn -0.0038 0.9990 0.0436
vn -0.0590 -0.7360 0.6744
vn -0.0831 0.2997 0.9504
vn -0.0114 0.9914 0.1305
vn -0.0532 -0.7922 0.6079
vn -0.0851 0.2157 0.9728
vn -0.0189 0.9761 0.2164
vn -0.0470 -0.8425 0.5367
vn -0.0864 0.1300 0.9877
vn -0.0263 0.9534 0.3006
vn -0.0404 -0.8863 0.4614
vn -0.0871 0.0435 0.9953
vn -0.0335 0.9234 0.3825
vn -0.0335 -0.9234 0.3825
vn -0.0871 -0.0435 0.9953
vn -0.0404 0.8863 0.4614
vn -0.0263 -0.9534 0.3006
vn -0.0864 -0.1300 0.9877
vn -0.0470 0.8425 0.5367
vn -0.0189 -0.9761 0.2164
vn -0.0851 -0.2157 0.9728
vn -0.0532 0.7922 0.6079
vn -0.0114 -0.9914 0.1305
vn -0.0832 -0.2997 0.9504
vn -0.0590 0.7360 0.6744
vn -0.0038 -0.9990 0.0436
vn -0.0806 -0.3814 0.9209
vn -0.0644 0.6742 0.7357
vn -0.0774 -0.4604 0.8844
vn -0.0994 0.9234 0.3709
vn -0.0994 -0.9234 0.3708
vn -0.2586 -0.0435 0.9650
vn -0.1199 0.8863 0.4474
vn -0.0781 -0.9534 0.2915
vn -0.2566 -0.1300 0.9577
vn -0.1394 0.8425 0.5204
vn -0.0562 -0.9761 0.2098
vn -0.2527 -0.2157 0.9432
vn -0.1579 0.7922 0.5894
vn -0.0339 -0.9914 0.1266
vn -0.2469 -0.2997 0.9215
vn -0.1752 0.7360 0.6539
vn -0.0113 -0.9990 0.0423
vn -0.2393 -0.3814 0.8929
vn -0.1912 0.6742 0.7134
vn -0.2298 -0.4604 0.8575
vn -0.2056 0.6073 0.7674
vn -0.2185 -0.5358 0.8155
vn -0.2185 0.5358 0.8155
vn -0.2056 -0.6073 0.7674
vn -0.2298 0.4604 0.8575
vn -0.1912 -0.6742 0.7134
vn -0.2393 0.3814 0.8929
vn -0.0113 0.9990 0.0423
vn -0.1752 -0.7360 0.6539
vn -0.2469 0.2997 0.9215
vn -0.0339 0.9914 0.1266
vn -0.1579 -0.7922 0.5894
vn -0.2527 0.2157 0.9432
vn -0.0562 0.9761 0.2098
vn -0.1394 -0.8425 0.5204
vn -0.2566 0.1300 0.9577
vn -0.0781 0.9534 0.2915
vn -0.1199 -0.8863 0.4474
vn -0.2586 0.0435 0.9650
vn -0.3358 -0.6073 0.7200
vn -0.3752 0.4604 0.8046
vn -0.3121 -0.6742 0.6694
vn -0.3907 0.3814 0.8378
vn -0.0185 0.9990 0.0397
vn -0.2861 -0.7360 0.6136
vn -0.4032 0.2997 0.8647
vn -0.0554 0.9914 0.1187
vn -0.2579 -0.7922 0.5530
vn -0.4127 0.2157 0.8850
vn -0.0918 0.9761 0.1969
vn -0.2277 -0.8425 0.4883
vn -0.4190 0.1300 0.8986
vn -0.1275 0.9534 0.2735
vn -0.1957 -0.8863 0.4197
vn -0.4222 0.0435 0.9055
vn -0.1623 0.9234 0.3480
vn -0.1623 -0.9234 0.3480
vn -0.4222 -0.0435 0.9055
vn -0.1957 0.8863 0.4197
vn -0.1275 -0.9534 0.2735
vn -0.4190 -0.1300 0.8986
vn -0.2277 0.8425 0.4883
vn -0.0918 -0.9761 0.1969
vn -0.4127 -0.2157 0.8850
vn -0.2579 0.7922 0.5531
vn -0.0554 -0.9914 0.1187
vn -0.4032 -0.2997 0.8647
vn -0.2861 0.7360 0.6136
vn -0.0185 -0.9990 0.0397
vn -0.3907 -0.3814 0.8378
vn -0.3121 0.6742 0.6694
vn -0.3752 -0.4604 0.8046
vn -0.3358 0.6073 0.7200
vn -0.3568 -0.5358 0.7652
vn -0.3568 0.5358 0.7652
vn -0.5687 -0.1300 0.8122
vn -0.3090 0.8425 0.4413
vn -0.1246 -0.9761 0.1779
vn -0.5601 -0.2157 0.7999
vn -0.3500 0.7922 0.4999
vn -0.0751 -0.9914 0.1073
vn -0.5472 -0.2997 0.7815
vn -0.3883 0.7360 0.5546
vn -0.0251 -0.9990 0.0359
vn -0.5302 -0.3814 0.7572
vn -0.4236 0.6742 0.6050
vn -0.5092 -0.4604 0.7272
vn -0.4557 0.6073 0.6508
vn -0.4843 -0.5358 0.6916
vn -0.4843 0.5358 0.6916
vn -0.4557 -0.6073 0.6508
vn -0.5092 0.4604 0.7272
vn -0.4236 -0.6742 0.6050
vn -0.5302 0.3814 0.7572
vn -0.0251 0.9990 0.0359
vn -0.3883 -0.7360 0.5546
vn -0.5472 0.2997 0.7815
vn -0.0751 0.9914 0.1073
vn -0.3500 -0.7922 0.4999
vn -0.5601 0.2157 0.7999
vn -0.1246 0.9761 0.1779
vn -0.3090 -0.8425 0.4413
vn -0.5687 0.1300 0.8122
vn -0.1731 0.9534 0.2472
vn -0.2656 -0.8863 0.3794
vn -0.5730 0.0435 0.8184
vn -0.2202 0.9234 0.3145
vn -0.2202 -0.9234 0.3145
vn -0.5730 -0.0435 0.8184
vn -0.2656 0.8863 0.3794
vn -0.1731 -0.9534 0.2472
vn -0.6536 0.3814 0.6536
vn -0.0310 0.9990 0.0310
vn -0.4787 -0.7360 0.4787
vn -0.6746 0.2997 0.6746
vn -0.0926 0.9914 0.0926
vn -0.4315 -0.7922 0.4315
vn -0.6905 0.2157 0.6905
vn -0.1536 0.9761 0.1536
vn -0.3810 -0.8425 0.3810
vn -0.7011 0.1300 0.7011
vn -0.2134 0.9534 0.2134
vn -0.3275 -0.8863 0.3275
vn -0.7064 0.0435 0.7064
vn -0.2715 0.9234 0.2715
vn -0.2715 -0.9234 0.2715
vn -0.7064 -0.0435 0.7064
vn -0.3275 0.8863 0.3275
vn -0.2134 -0.9534 0.2134
vn -0.7011 -0.1300 0.7011
vn -0.3810 0.8425 0.3810
vn -0.1536 -0.9761 0.1536
vn -0.6905 -0.2157 0.6905
vn -0.4315 0.7922 0.4315
vn -0.0926 -0.9914 0.0926
vn -0.6746 -0.2997 0.6746
vn -0.4787 0.7360 0.4787
vn -0.0310 -0.9990 0.0310
vn -0.6536 -0.3814 0.6536
vn -0.5222 0.6742 0.5222
vn -0.6277 -0.4604 0.6277
vn -0.5618 0.6073 0.5618
vn -0.5970 -0.5358 0.5970
vn -0.5970 0.5358 0.5970
vn -0.5618 -0.6073 0.5618
vn -0.6277 0.4604 0.6277
vn -0.5222 -0.6742 0.5222
vn -0.3145 0.9234 0.2202
vn -0.3145 -0.9234 0.2202
vn -0.8184 -0.0435 0.5730
vn -0.3794 0.8863 0.2656
vn -0.2472 -0.9534 0.1731
vn -0.8122 -0.1300 0.5687
vn -0.4413 0.8425 0.3090
vn -0.1779 -0.9761 0.1246
vn -0.7999 -0.2157 0.5601
vn -0.4999 0.7922 0.3500
vn -0.1073 -0.9914 0.0751
vn -0.7815 -0.2997 0.5472
vn -0.5546 0.7360 0.3883
vn -0.0359 -0.9990 0.0251
vn -0.7572 -0.3814 0.5302
vn -0.6050 0.6742 0.4236
vn -0.7272 -0.4604 0.5092
vn -0.6508 0.6073 0.4557
vn -0.6916 -0.5358 0.4843
vn -0.6916 0.5358 0.4843
vn -0.6508 -0.6073 0.4557
vn -0.7272 0.4604 0.5092
vn -0.6050 -0.6742 0.4236
vn -0.7572 0.3814 0.5302
vn -0.0359 0.9990 0.0251
vn -0.5546 -0.7360 0.3883
vn -0.7815 0.2997 0.5472
vn -0.1073 0.9914 0.0751
vn -0.4999 -0.7922 0.3500
vn -0.7999 0.2157 0.5601
vn -0.1779 0.9761 0.1246
vn -0.4413 -0.8425 0.3090
vn -0.8122 0.1300 0.5687
vn -0.2472 0.9534 0.1731
vn -0.3794 -0.8863 0.2656
vn -0.8184 0.0435 0.5730
vn -0.7200 -0.6073 0.3358
vn -0.8046 0.4604 0.3752
vn -0.6694 -0.6742 0.3121
vn -0.8378 0.3814 0.3907
vn -0.0397 0.9990 0.0185
vn -0.6136 -0.7360 0.2861
vn -0.8647 0.2997 0.4032
vn -0.1187 0.9914 0.0554
vn -0.5530 -0.7922 0.2579
vn -0.8850 0.2157 0.4127
vn -0.1969 0.9761 0.0918
vn -0.4883 -0.8425 0.2277
vn -0.8986 0.1300 0.4190
vn -0.2735 0.9534 0.1275
vn -0.4197 -0.8863 0.1957
vn -0.9055 0.0435 0.4222
vn -0.3480 0.9234 0.1623
vn -0.3480 -0.9234 0.1623
vn -0.9055 -0.0435 0.4222
vn -0.4197 0.8863 0.1957
vn -0.2735 -0.9534 0.1275
vn -0.8986 -0.1300 0.4190
vn -0.4883 0.8425 0.2277
vn -0.1969 -0.9761 0.0918
vn -0.8850 -0.2157 0.4127
vn -0.5530 0.7922 0.2579
vn -0.1187 -0.9914 0.0554
vn -0.8647 -0.2997 0.4032
vn -0.6136 0.7360 0.2861
vn -0.0397 -0.9990 0.0185
vn -0.8378 -0.3814 0.3907
vn -0.6694 0.6742 0.3121
vn -0.8046 -0.4604 0.3752
vn -0.7200 0.6073 0.3358
vn -0.7652 -0.5358 0.3568
vn -0.7652 0.5358 0.3568
vn -0.2915 -0.9534 0.0781
vn -0.9577 -0.1300 0.2566
vn -0.5204 0.8425 0.1394
vn -0.2098 -0.9761 0.0562
vn -0.9432 -0.2157 0.2527
vn -0.5894 0.7922 0.1579
vn -0.1266 -0.9914 0.0339
vn -0.9215 -0.2997 0.2469
vn -0.6539 0.7360 0.1752
vn -0.0423 -0.9990 0.0113
vn -0.8929 -0.3814 0.2393
vn -0.7134 0.6742 0.1912
vn -0.8575 -0.4604 0.2298
vn -0.7674 0.6073 0.2056
vn -0.8155 -0.5358 0.2185
vn -0.8155 0.5358 0.2185
vn -0.7674 -0.6073 0.2056
vn -0.8575 0.4604 0.2298
vn -0.7134 -0.6742 0.1912
vn -0.8929 0.3814 0.2393
vn -0.0423 0.9990 0.0113
vn -0.6539 -0.7360 0.1752
vn -0.9215 0.2997 0.2469
vn -0.1266 0.9914 0.0339
vn -0.5894 -0.7922 0.1579
vn -0.9432 0.2157 0.2527
vn -0.2098 0.9761 0.0562
vn -0.5204 -0.8425 0.1394
vn -0.9577 0.1300 0.2566
vn -0.2915 0.9534 0.0781
vn -0.4474 -0.8863 0.1199
vn -0.9650 0.0435 0.2586
vn -0.3708 0.9234 0.0994
vn -0.3708 -0.9234 0.0994
vn -0.9650 -0.0435 0.2586
vn -0.4474 0.8863 0.1199
vn -0.7357 -0.6742 0.0644
vn -0.9209 0.3814 0.0806
vn -0.0436 0.9990 0.0038
vn -0.6744 -0.7360 0.0590
vn -0.9504 0.2997 0.0831
vn -0.1305 0.9914 0.0114
vn -0.6079 -0.7922 0.0532
vn -0.9728 0.2157 0.0851
vn -0.2164 0.9761 0.0189
vn -0.5367 -0.8425 0.0470
vn -0.9877 0.1300 0.0864
vn -0.3006 0.9534 0.0263
vn -0.4614 -0.8863 0.0404
vn -0.9953 0.0435 0.0871
vn -0.3825 0.9234 0.0335
vn -0.3825 -0.9234 0.0335
vn -0.9953 -0.0435 0.0871
vn -0.4614 0.8863 0.0404
vn -0.3006 -0.9534 0.0263
vn -0.9877 -0.1300 0.0864
vn -0.5367 0.8425 0.0470
vn -0.2164 -0.9761 0.0189
vn -0.9728 -0.2157 0.0851
vn -0.6079 0.7922 0.0532
vn -0.1305 -0.9914 0.0114
vn -0.9504 -0.2997 0.0832
vn -0.6744 0.7360 0.0590
vn -0.0436 -0.9990 0.0038
vn -0.9209 -0.3814 0.0806
vn -0.7357 0.6742 0.0644
vn -0.8844 -0.4604 0.0774
vn -0.7915 0.6073 0.0692
vn -0.8411 -0.5358 0.0736
vn -0.8411 0.5358 0.0736
vn -0.7915 -0.6073 0.0692
vn -0.8844 0.4604 0.0774
vn -0.9728 -0.2157 -0.0851
vn -0.6079 0.7922 -0.0532
vn -0.1305 -0.9914 -0.0114
vn -0.9504 -0.2997 -0.0832
vn -0.6744 0.7360 -0.0590
vn -0.0436 -0.9990 -0.0038
vn -0.9209 -0.3814 -0.0806
vn -0.7357 0.6742 -0.0644
vn -0.8844 -0.4604 -0.0774
vn -0.7914 0.6073 -0.0692
vn -0.8411 -0.5358 -0.0736
vn -0.8411 0.5358 -0.0736
vn -0.7914 -0.6073 -0.0692
vn -0.8844 0.4604 -0.0774
vn -0.7357 -0.6742 -0.0644
vn -0.9209 0.3814 -0.0806
vn -0.0436 0.9990 -0.0038
vn -0.6744 -0.7360 -0.0590
vn -0.9504 0.2997 -0.0832
vn -0.1305 0.9914 -0.0114
vn -0.6079 -0.7922 -0.0532
vn -0.9728 0.2157 -0.0851
vn -0.2164 0.9761 -0.0189
vn -0.5367 -0.8425 -0.0470
vn -0.9877 0.1300 -0.0864
vn -0.3006 0.9534 -0.0263
vn -0.4614 -0.8863 -0.0404
vn -0.9953 0.0435 -0.0871
vn -0.3825 0.9234 -0.0335
vn -0.3825 -0.9234 -0.0335
vn -0.9953 -0.0435 -0.0871
vn -0.4614 0.8863 -0.0404
vn -0.3006 -0.9534 -0.0263
vn -0.9877 -0.1300 -0.0864
vn -0.5367 0.8425 -0.0470
vn -0.2164 -0.9761 -0.0189
vn -0.9215 0.2997 -0.2469
vn -0.1266 0.9914 -0.0339
vn -0.5894 -0.7922 -0.1579
vn -0.9432 0.2157 -0.2527
vn -0.2098 0.9761 -0.0562
vn -0.5204 -0.8425 -0.1394
vn -0.9577 0.1300 -0.2566
vn -0.2915 0.9534 -0.0781
vn -0.4474 -0.8863 -0.1199
vn -0.9650 0.0435 -0.2586
vn -0.3708 0.9234 -0.0994
vn -0.3708 -0.9234 -0.0994
vn -0.9650 -0.0435 -0.2586
vn -0.4474 0.8863 -0.1199
vn -0.2915 -0.9534 -0.0781
vn -0.9577 -0.1300 -0.2566
vn -0.5204 0.8425 -0.1394
vn -0.2098 -0.9761 -0.0562
vn -0.9432 -0.2157 -0.2527
vn -0.5894 0.7922 -0.1579
vn -0.1266 -0.9914 -0.0339
vn -0.9215 -0.2997 -0.2469
vn -0.6539 0.7360 -0.1752
vn -0.0423 -0.9990 -0.0113
vn -0.8929 -0.3814 -0.2393
vn -0.7134 0.6742 -0.1912
vn -0.8575 -0.4604 -0.2298
vn -0.7674 0.6073 -0.2056
vn -0.8155 -0.5358 -0.2185
vn -0.8155 0.5358 -0.2185
vn -0.7674 -0.6073 -0.2056
vn -0.8575 0.4604 -0.2298
vn -0.7134 -0.6742 -0.1912
vn -0.8929 0.3814 -0.2393
vn -0.0423 0.9990 -0.0113
vn -0.6539 -0.7360 -0.1752
vn -0.6136 0.7360 -0.2861
vn -0.0397 -0.9990 -0.0185
vn -0.8378 -0.3814 -0.3907
vn -0.6694 0.6742 -0.3121
vn -0.8046 -0.4604 -0.3752
vn -0.7200 0.6073 -0.3358
vn -0.7652 -0.5358 -0.3568
vn -0.7652 0.5358 -0.3568
vn -0.7200 -0.6073 -0.3358
vn -0.8046 0.4604 -0.3752
vn -0.6694 -0.6742 -0.3121
vn -0.8378 0.3814 -0.3907
vn -0.0397 0.9990 -0.0185
vn -0.6136 -0.7360 -0.2861
vn -0.8647 0.2997 -0.4032
vn -0.1187 0.9914 -0.0554
vn -0.5530 -0.7922 -0.2579
vn -0.8850 0.2157 -0.4127
vn -0.1969 0.9761 -0.0918
vn -0.4883 -0.8425 -0.2277
vn -0.8986 0.1300 -0.4190
vn -0.2735 0.9534 -0.1275
vn -0.4197 -0.8863 -0.1957
vn -0.9055 0.0435 -0.4222
vn -0.3480 0.9234 -0.1623
vn -0.3480 -0.9234 -0.1623
vn -0.9055 -0.0435 -0.4222
vn -0.4197 0.8863 -0.1957
vn -0.2735 -0.9534 -0.1275
vn -0.8986 -0.1300 -0.4190
vn -0.4883 0.8425 -0.2277
vn -0.1969 -0.9761 -0.0918
vn -0.8850 -0.2157 -0.4127
vn -0.5531 0.7922 -0.2579
vn -0.1187 -0.9914 -0.0554
vn -0.8647 -0.2997 -0.4032
vn -0.1779 0.9761 -0.1246
vn -0.4413 -0.8425 -0.3090
vn -0.8122 0.1300 -0.5687
vn -0.2472 0.9534 -0.1731
vn -0.3794 -0.8863 -0.2656
vn -0.8184 0.0435 -0.5730
vn -0.3145 0.9234 -0.2202
vn -0.3145 -0.9234 -0.2202
vn -0.8184 -0.0435 -0.5730
vn -0.3794 0.8863 -0.2656
vn -0.2472 -0.9534 -0.1731
vn -0.8122 -0.1300 -0.5687
vn -0.4413 0.8425 -0.3090
vn -0.1779 -0.9761 -0.1246
vn -0.7999 -0.2157 -0.5601
vn -0.4999 0.7922 -0.3500
vn -0.1073 -0.9914 -0.0751
vn -0.7815 -0.2997 -0.5472
vn -0.5546 0.7360 -0.3883
vn -0.0359 -0.9990 -0.0251
vn -0.7572 -0.3814 -0.5302
vn -0.6050 0.6742 -0.4236
vn -0.7272 -0.4604 -0.5092
vn -0.6508 0.6073 -0.4557
vn -0.6916 -0.5358 -0.4843
vn -0.6916 0.5358 -0.4843
vn -0.6508 -0.6073 -0.4557
vn -0.7272 0.4604 -0.5092
vn -0.6050 -0.6742 -0.4236
vn -0.7572 0.3814 -0.5302
vn -0.0359 0.9990 -0.0251
vn -0.5546 -0.7360 -0.3883
vn -0.7815 0.2997 -0.5472
vn -0.1073 0.9914 -0.0751
vn -0.4999 -0.7922 -0.3500
vn -0.7999 0.2157 -0.5601
vn -0.6277 -0.4604 -0.6277
vn -0.5618 0.6073 -0.5618
vn -0.5970 -0.5358 -0.5970
vn -0.5970 0.5358 -0.5970
vn -0.5618 -0.6073 -0.5618
vn -0.6277 0.4604 -0.6277
vn -0.5222 -0.6742 -0.5222
vn -0.6536 0.3814 -0.6536
vn -0.0310 0.9990 -0.0310
vn -0.4787 -0.7360 -0.4787
vn -0.6746 0.2997 -0.6746
vn -0.0926 0.9914 -0.0926
vn -0.4315 -0.7922 -0.4315
vn -0.6905 0.2157 -0.6905
vn -0.1536 0.9761 -0.1536
vn -0.3810 -0.8425 -0.3810
vn -0.7011 0.1300 -0.7011
vn -0.2134 0.9534 -0.2134
vn -0.3275 -0.8863 -0.3275
vn -0.7064 0.0435 -0.7064
vn -0.2715 0.9234 -0.2715
vn -0.2715 -0.9234 -0.2715
vn -0.7064 -0.0435 -0.7064
vn -0.3275 0.8863 -0.3275
vn -0.2134 -0.9534 -0.2134
vn -0.7011 -0.1300 -0.7011
vn -0.3810 0.8425 -0.3810
vn -0.1536 -0.9761 -0.1536
vn -0.6905 -0.2157 -0.6905
vn -0.4315 0.7922 -0.4315
vn -0.0926 -0.9914 -0.0926
vn -0.6746 -0.2997 -0.6746
vn -0.4787 0.7360 -0.4787
vn -0.0310 -0.9990 -0.0310
vn -0.6536 -0.3814 -0.6536
vn -0.5222 0.6742 -0.5222
vn -0.5730 0.0435 -0.8184
vn -0.2202 0.9234 -0.3145
vn -0.2202 -0.9234 -0.3145
vn -0.5730 -0.0435 -0.8184
vn -0.2656 0.8863 -0.3794
vn -0.1731 -0.9534 -0.2472
vn -0.5687 -0.1300 -0.8122
vn -0.3090 0.8425 -0.4413
vn -0.1246 -0.9761 -0.1779
vn -0.5601 -0.2157 -0.7999
vn -0.3500 0.7922 -0.4999
vn -0.0751 -0.9914 -0.1073
vn -0.5472 -0.2997 -0.7815
vn -0.3883 0.7360 -0.5546
vn -0.0251 -0.9990 -0.0359
vn -0.5302 -0.3814 -0.7572
vn -0.4236 0.6742 -0.6050
vn -0.5092 -0.4604 -0.7272
vn -0.4557 0.6073 -0.6508
vn -0.4843 -0.5358 -0.6916
vn -0.4843 0.5358 -0.6916
vn -0.4557 -0.6073 -0.6508
vn -0.5092 0.4604 -0.7272
vn -0.4236 -0.6742 -0.6050
vn -0.5302 0.3814 -0.7572
vn -0.0251 0.9990 -0.0359
vn -0.3883 -0.7360 -0.5546
vn -0.5472 0.2997 -0.7815
vn -0.0751 0.9914 -0.1073
vn -0.3500 -0.7922 -0.4999
vn -0.5601 0.2157 -0.7999
vn -0.1246 0.9761 -0.1779
vn -0.3090 -0.8425 -0.4413
vn -0.5687 0.1300 -0.8122
vn -0.1731 0.9534 -0.2472
vn -0.2656 -0.8863 -0.3794
vn -0.3568 0.5358 -0.7652
vn -0.3358 -0.6073 -0.7200
vn -0.3752 0.4604 -0.8046
vn -0.3121 -0.6742 -0.6694
vn -0.3907 0.3814 -0.8378
vn -0.0185 0.9990 -0.0397
vn -0.2861 -0.7360 -0.6136
vn -0.4032 0.2997 -0.8647
vn -0.0554 0.9914 -0.1187
vn -0.2579 -0.7922 -0.5530
vn -0.4127 0.2157 -0.8850
vn -0.0918 0.9761 -0.1969
vn -0.2277 -0.8425 -0.4883
vn -0.4190 0.1300 -0.8986
vn -0.1275 0.9534 -0.2735
vn -0.1957 -0.8863 -0.4197
vn -0.4222 0.0435 -0.9055
vn -0.1623 0.9234 -0.3480
vn -0.1623 -0.9234 -0.3480
vn -0.4222 -0.0435 -0.9055
vn -0.1957 0.8863 -0.4197
vn -0.1275 -0.9534 -0.2735
vn -0.4190 -0.1300 -0.8986
vn -0.2277 0.8425 -0.4883
vn -0.0918 -0.9761 -0.1969
vn -0.4127 -0.2157 -0.8850
vn -0.2579 0.7922 -0.5531
vn -0.0554 -0.9914 -0.1187
vn -0.4032 -0.2997 -0.8647
vn -0.2861 0.7360 -0.6136
vn -0.0185 -0.9990 -0.0397
vn -0.3907 -0.3814 -0.8378
vn -0.3121 0.6742 -0.6694
vn -0.3752 -0.4604 -0.8046
vn -0.3358 0.6073 -0.7200
vn -0.3568 -0.5358 -0.7652
vn -0.1199 0.8863 -0.4474
vn -0.0781 -0.9534 -0.2915
vn -0.2566 -0.1300 -0.9577
vn -0.1394 0.8425 -0.5204
vn -0.0562 -0.9761 -0.2098
vn -0.2527 -0.2157 -0.9432
vn -0.1579 0.7922 -0.5894
vn -0.0339 -0.9914 -0.1266
vn -0.2469 -0.2997 -0.9215
vn -0.1752 0.7360 -0.6539
vn -0.0113 -0.9990 -0.0423
vn -0.2393 -0.3814 -0.8929
vn -0.1912 0.6742 -0.7134
vn -0.2298 -0.4604 -0.8575
vn -0.2056 0.6073 -0.7674
vn -0.2185 -0.5358 -0.8155
vn -0.2185 0.5358 -0.8155
vn -0.2056 -0.6073 -0.7674
vn -0.2298 0.4604 -0.8575
vn -0.1912 -0.6742 -0.7134
vn -0.2393 0.3814 -0.8929
vn -0.0113 0.9990 -0.0423
vn -0.1752 -0.7360 -0.6539
vn -0.2469 0.2997 -0.9215
vn -0.0339 0.9914 -0.1266
vn -0.1579 -0.7922 -0.5894
vn -0.2527 0.2157 -0.9432
vn -0.0562 0.9761 -0.2098
vn -0.1394 -0.8425 -0.5204
vn -0.2566 0.1300 -0.9577
vn -0.0781 0.9534 -0.2915
vn -0.1199 -0.8863 -0.4474
vn -0.2586 0.0435 -0.9650
vn -0.0994 0.9234 -0.3708
vn -0.0994 -0.9234 -0.3708
vn -0.2586 -0.0435 -0.9650
vn -0.0644 -0.6742 -0.7357
vn -0.0806 0.3814 -0.9209
vn -0.0038 0.9990 -0.0436
vn -0.0590 -0.7360 -0.6744
vn -0.0831 0.2997 -0.9504
vn -0.0114 0.9914 -0.1305
vn -0.0532 -0.7922 -0.6079
vn -0.0851 0.2157 -0.9728
vn -0.0189 0.9761 -0.2164
vn -0.0470 -0.8425 -0.5367
vn -0.0864 0.1300 -0.9877
vn -0.0263 0.9534 -0.3006
vn -0.0404 -0.8863 -0.4614
vn -0.0871 0.0434 -0.9953
vn -0.0335 0.9234 -0.3825
vn -0.0335 -0.9234 -0.3825
vn -0.0871 -0.0435 -0.9953
vn -0.0404 0.8863 -0.4614
vn -0.0263 -0.9534 -0.3006
vn -0.0864 -0.1300 -0.9877
vn -0.0470 0.8425 -0.5367
vn -0.0189 -0.9761 -0.2164
vn -0.0851 -0.2157 -0.9728
vn -0.0532 0.7922 -0.6079
vn -0.0114 -0.9914 -0.1305
vn -0.0832 -0.2997 -0.9504
vn -0.0590 0.7360 -0.6744
vn -0.0038 -0.9990 -0.0436
vn -0.0806 -0.3814 -0.9209
vn -0.0644 0.6742 -0.7357
vn -0.0774 -0.4604 -0.8844
vn -0.0692 0.6073 -0.7914
vn -0.0736 -0.5358 -0.8411
vn -0.0736 0.5358 -0.8411
vn -0.0692 -0.6073 -0.7915
vn -0.0774 0.4604 -0.8844
vn 0.0832 0.2997 -0.9504
vn 0.0871 0.0434 -0.9953
vn 0.0871 -0.0435 -0.9953
vn 0.0339 -0.9914 -0.1266
vn 0.1073 -0.9914 -0.0752
vn 0.5530 0.7922 -0.2579
vn 0.1073 -0.9914 0.0752
vn 0.2579 -0.7922 0.5531
vn 0.2579 0.7922 0.5530
vn 0.2392 0.3814 0.8929
vn 0.0994 -0.9234 0.3709
vn 0.0832 -0.2997 0.9504
vn 0.0692 0.6073 0.7914
vn -0.0692 0.6073 0.7914
vn -0.0832 0.2997 0.9504
vn -0.0994 0.9234 0.3708
vn -0.2579 0.7922 0.5530
vn -0.5531 0.7922 0.2579
vn -0.9504 0.2997 0.0832
vn -0.7914 0.6073 0.0692
vn -0.7914 -0.6073 0.0692
vn -0.5531 -0.7922 -0.2579
vn -0.2392 -0.3814 -0.8929
vn -0.0832 0.2997 -0.9504
vn -0.0871 0.0435 -0.9953
vn -0.0871 -0.0434 -0.9953
vn -0.0692 -0.6073 -0.7914
usemtl None
s off
vt 0.250000 0.972222
vt 0.250000 0.944445
vt 0.250000 0.888889
vt 0.250000 0.833333
vt 0.250000 0.805556
vt 0.250000 0.750000
vt 0.250000 0.722222
vt 0.250000 0.694445
vt 0.250000 0.666667
vt 0.250000 0.638889
vt 0.250000 0.611111
vt 0.250000 0.555555
vt 0.250000 0.527778
vt 0.250000 0.472222
vt 0.250000 0.444445
vt 0.250000 0.416667
vt 0.250000 0.388889
vt 0.250000 0.361111
vt 0.250000 0.333333
vt 0.250000 0.305556
vt 0.250000 0.277778
vt 0.250000 0.250000
vt 0.250000 0.222222
vt 0.250000 0.194445
vt 0.250000 0.166667
vt 0.250000 0.138889
vt 0.250000 0.111111
vt 0.250000 0.083333
vt 0.250000 0.055556
vt 0.250000 0.027778
vt 0.500000 0.000000
vt 0.277777 0.972222
vt 0.277778 0.944444
vt 0.277778 0.916667
vt 0.277778 0.888889
vt 0.277778 0.861111
vt 0.277778 0.833333
vt 0.277778 0.805555
vt 0.277778 0.777778
vt 0.277778 0.750000
vt 0.277778 0.722222
vt 0.277778 0.694445
vt 0.277778 0.666667
vt 0.277778 0.638889
vt 0.277778 0.611111
vt 0.277778 0.583333
vt 0.277778 0.555556
vt 0.277778 0.527778
vt 0.277778 0.500000
vt 0.277778 0.472222
vt 0.277778 0.444444
vt 0.277778 0.416667
vt 0.277778 0.388889
vt 0.277778 0.361111
vt 0.277778 0.333333
vt 0.277778 0.305556
vt 0.277778 0.277778
vt 0.277778 0.250000
vt 0.277778 0.222222
vt 0.277778 0.194445
vt 0.277778 0.166667
vt 0.277778 0.138889
vt 0.277778 0.111111
vt 0.277778 0.083333
vt 0.277778 0.055556
vt 0.277777 0.027778
vt 0.305555 0.972222
vt 0.305555 0.944444
vt 0.305555 0.916667
vt 0.305556 0.888889
vt 0.305556 0.861111
vt 0.305556 0.833333
vt 0.305556 0.805555
vt 0.305555 0.777778
vt 0.305556 0.750000
vt 0.305555 0.722222
vt 0.305555 0.694445
vt 0.305556 0.666667
vt 0.305555 0.638889
vt 0.305556 0.611111
vt 0.305556 0.583333
vt 0.305556 0.555555
vt 0.305556 0.527778
vt 0.305556 0.500000
vt 0.305556 0.472222
vt 0.305556 0.444445
vt 0.305556 0.416667
vt 0.305556 0.388889
vt 0.305555 0.361111
vt 0.305556 0.333333
vt 0.305555 0.305556
vt 0.305556 0.277778
vt 0.305556 0.250000
vt 0.305555 0.222222
vt 0.305556 0.194445
vt 0.305555 0.166667
vt 0.305555 0.138889
vt 0.305556 0.111111
vt 0.305555 0.083333
vt 0.305555 0.055556
vt 0.305555 0.027778
vt 0.333334 0.972222
vt 0.333333 0.944444
vt 0.333333 0.916667
vt 0.333333 0.888889
vt 0.333333 0.861111
vt 0.333333 0.833333
vt 0.333333 0.805556
vt 0.333333 0.777778
vt 0.333333 0.750000
vt 0.333333 0.722222
vt 0.333333 0.694445
vt 0.333333 0.666667
vt 0.333333 0.638889
vt 0.333333 0.611111
vt 0.333333 0.583333
vt 0.333333 0.555556
vt 0.333333 0.527778
vt 0.333333 0.500000
vt 0.333333 0.472222
vt 0.333333 0.444445
vt 0.333333 0.416667
vt 0.333333 0.388889
vt 0.333333 0.361111
vt 0.333333 0.333333
vt 0.333333 0.305556
vt 0.333333 0.277778
vt 0.333333 0.250000
vt 0.333333 0.222222
vt 0.333333 0.194444
vt 0.333333 0.166667
vt 0.333333 0.138889
vt 0.333333 0.111111
vt 0.333333 0.083333
vt 0.333333 0.055556
vt 0.333334 0.027778
vt 0.361110 0.972222
vt 0.361111 0.944444
vt 0.361111 0.916667
vt 0.361111 0.888889
vt 0.361111 0.861111
vt 0.361111 0.833333
vt 0.361111 0.805556
vt 0.361111 0.777778
vt 0.361111 0.750000
vt 0.361111 0.722222
vt 0.361111 0.694445
vt 0.361111 0.666667
vt 0.361111 0.638889
vt 0.361111 0.611111
vt 0.361111 0.583333
vt 0.361111 0.555556
vt 0.361111 0.527778
vt 0.361111 0.500000
vt 0.361111 0.472222
vt 0.361111 0.444445
vt 0.361111 0.416667
vt 0.361111 0.388889
vt 0.361111 0.361111
vt 0.361111 0.333333
vt 0.361111 0.305556
vt 0.361111 0.277778
vt 0.361111 0.250000
vt 0.361111 0.222222
vt 0.361111 0.194444
vt 0.361111 0.166667
vt 0.361111 0.138889
vt 0.361111 0.111111
vt 0.361111 0.083333
vt 0.361111 0.055556
vt 0.361111 0.027778
vt 0.388888 0.972222
vt 0.388889 0.944444
vt 0.388889 0.916667
vt 0.388889 0.888889
vt 0.388889 0.861111
vt 0.388889 0.833333
vt 0.388889 0.805556
vt 0.388889 0.777778
vt 0.388889 0.750000
vt 0.388889 0.722222
vt 0.388889 0.694445
vt 0.388889 0.666667
vt 0.388889 0.638889
vt 0.388889 0.611111
vt 0.388889 0.583333
vt 0.388889 0.555556
vt 0.388889 0.527778
vt 0.388889 0.500000
vt 0.388889 0.472222
vt 0.388889 0.444444
vt 0.388889 0.416667
vt 0.388889 0.388889
vt 0.388889 0.361111
vt 0.388889 0.333333
vt 0.388889 0.305556
vt 0.388889 0.277778
vt 0.388889 0.250000
vt 0.388889 0.222222
vt 0.388889 0.194444
vt 0.388889 0.166667
vt 0.388889 0.138889
vt 0.388889 0.111111
vt 0.388889 0.083333
vt 0.388889 0.055556
vt 0.388888 0.027778
vt 0.416666 0.972222
vt 0.416666 0.944445
vt 0.416666 0.916667
vt 0.416667 0.888889
vt 0.416667 0.861111
vt 0.416667 0.833333
vt 0.416667 0.805556
vt 0.416667 0.777778
vt 0.416667 0.750000
vt 0.416667 0.722222
vt 0.416667 0.694445
vt 0.416667 0.666667
vt 0.416667 0.638889
vt 0.416667 0.611111
vt 0.416667 0.583333
vt 0.416667 0.555556
vt 0.416667 0.527778
vt 0.416667 0.500000
vt 0.416667 0.472222
vt 0.416667 0.444444
vt 0.416667 0.416667
vt 0.416667 0.388889
vt 0.416667 0.361111
vt 0.416667 0.333333
vt 0.416667 0.305556
vt 0.416667 0.277778
vt 0.416666 0.250000
vt 0.416667 0.222222
vt 0.416667 0.194444
vt 0.416667 0.166667
vt 0.416667 0.138889
vt 0.416667 0.111111
vt 0.416666 0.083333
vt 0.416667 0.055556
vt 0.416666 0.027778
vt 0.444444 0.972222
vt 0.444444 0.944445
vt 0.444444 0.916667
vt 0.444444 0.888889
vt 0.444444 0.861111
vt 0.444444 0.833333
vt 0.444444 0.805556
vt 0.444444 0.777778
vt 0.444444 0.750000
vt 0.444444 0.722222
vt 0.444444 0.694445
vt 0.444444 0.666667
vt 0.444444 0.638889
vt 0.444444 0.611111
vt 0.444444 0.583333
vt 0.444444 0.555556
vt 0.444444 0.527778
vt 0.444444 0.500000
vt 0.444444 0.472222
vt 0.444444 0.444444
vt 0.444444 0.416667
vt 0.444444 0.388889
vt 0.444444 0.361111
vt 0.444444 0.333333
vt 0.444444 0.305556
vt 0.444444 0.277778
vt 0.444444 0.250000
vt 0.444444 0.222222
vt 0.444444 0.194444
vt 0.444444 0.166667
vt 0.444444 0.138889
vt 0.444444 0.111111
vt 0.444444 0.083333
vt 0.444444 0.055556
vt 0.444445 0.027778
vt 0.000000 1.000000
vt 0.472221 0.972222
vt 0.472222 0.944444
vt 0.472222 0.916667
vt 0.472222 0.888889
vt 0.472222 0.861111
vt 0.472222 0.833334
vt 0.472222 0.805556
vt 0.472222 0.777778
vt 0.472222 0.750000
vt 0.472222 0.722222
vt 0.472222 0.694445
vt 0.472222 0.666667
vt 0.472222 0.638889
vt 0.472222 0.611111
vt 0.472222 0.583333
vt 0.472222 0.555556
vt 0.472222 0.527778
vt 0.472222 0.500000
vt 0.472222 0.472222
vt 0.472222 0.444444
vt 0.472222 0.416667
vt 0.472222 0.388889
vt 0.472222 0.361111
vt 0.472222 0.333333
vt 0.472222 0.305556
vt 0.472222 0.277778
vt 0.472222 0.250000
vt 0.472222 0.222222
vt 0.472222 0.194444
vt 0.472222 0.166667
vt 0.472222 0.138889
vt 0.472222 0.111111
vt 0.472222 0.083333
vt 0.472222 0.055556
vt 0.472221 0.027778
vt 0.500000 0.972222
vt 0.500000 0.944445
vt 0.500000 0.916667
vt 0.500000 0.888889
vt 0.500000 0.861111
vt 0.500000 0.833333
vt 0.500000 0.805556
vt 0.500000 0.777778
vt 0.500000 0.750000
vt 0.500000 0.722222
vt 0.500000 0.694445
vt 0.500000 0.666667
vt 0.500000 0.638889
vt 0.500000 0.611111
vt 0.500000 0.583333
vt 0.500000 0.555556
vt 0.500000 0.527778
vt 0.500000 0.500000
vt 0.500000 0.472222
vt 0.500000 0.444444
vt 0.500000 0.416667
vt 0.500000 0.388889
vt 0.500000 0.361111
vt 0.500000 0.333333
vt 0.500000 0.305556
vt 0.500000 0.277778
vt 0.500000 0.250000
vt 0.500000 0.222222
vt 0.500000 0.194444
vt 0.500000 0.166667
vt 0.500000 0.138889
vt 0.500000 0.111111
vt 0.500000 0.083333
vt 0.500000 0.055555
vt 0.500000 0.027778
vt 0.527777 0.972222
vt 0.527777 0.944445
vt 0.527778 0.916667
vt 0.527778 0.888889
vt 0.527777 0.861111
vt 0.527778 0.833334
vt 0.527778 0.805556
vt 0.527778 0.777778
vt 0.527778 0.750000
vt 0.527778 0.722222
vt 0.527778 0.694445
vt 0.527778 0.666667
vt 0.527778 0.638889
vt 0.527778 0.611111
vt 0.527778 0.583333
vt 0.527778 0.555556
vt 0.527778 0.527778
vt 0.527778 0.500000
vt 0.527778 0.472222
vt 0.527778 0.444444
vt 0.527778 0.416667
vt 0.527778 0.388889
vt 0.527778 0.361111
vt 0.527778 0.333333
vt 0.527778 0.305556
vt 0.527778 0.277778
vt 0.527778 0.250000
vt 0.527778 0.222222
vt 0.527778 0.194444
vt 0.527778 0.166667
vt 0.527778 0.138889
vt 0.527778 0.111111
vt 0.527778 0.083333
vt 0.527777 0.055555
vt 0.527777 0.027778
vt 0.555556 0.972222
vt 0.555556 0.944445
vt 0.555555 0.916667
vt 0.555555 0.888889
vt 0.555555 0.861111
vt 0.555556 0.833333
vt 0.555555 0.805556
vt 0.555556 0.777778
vt 0.555555 0.750000
vt 0.555555 0.722222
vt 0.555556 0.694445
vt 0.555556 0.666667
vt 0.555556 0.638889
vt 0.555555 0.611111
vt 0.555556 0.583333
vt 0.555556 0.555556
vt 0.555556 0.527778
vt 0.555556 0.500000
vt 0.555556 0.472222
vt 0.555556 0.444444
vt 0.555556 0.416667
vt 0.555555 0.388889
vt 0.555556 0.361111
vt 0.555556 0.333333
vt 0.555555 0.305556
vt 0.555555 0.277778
vt 0.555555 0.250000
vt 0.555555 0.222222
vt 0.555555 0.194444
vt 0.555556 0.166667
vt 0.555556 0.138889
vt 0.555555 0.111111
vt 0.555555 0.083333
vt 0.555555 0.055556
vt 0.555555 0.027778
vt 0.583332 0.972222
vt 0.583333 0.944445
vt 0.583333 0.916667
vt 0.583333 0.888889
vt 0.583333 0.861111
vt 0.583333 0.833334
vt 0.583333 0.805556
vt 0.583333 0.777778
vt 0.583333 0.750000
vt 0.583333 0.722223
vt 0.583333 0.694445
vt 0.583333 0.666667
vt 0.583333 0.638889
vt 0.583333 0.611111
vt 0.583333 0.583333
vt 0.583333 0.555556
vt 0.583333 0.527778
vt 0.583333 0.500000
vt 0.583333 0.472222
vt 0.583333 0.444444
vt 0.583333 0.416667
vt 0.583333 0.388889
vt 0.583333 0.361111
vt 0.583333 0.333333
vt 0.583333 0.305556
vt 0.583333 0.277778
vt 0.583333 0.250000
vt 0.583333 0.222222
vt 0.583333 0.194444
vt 0.583333 0.166667
vt 0.583333 0.138889
vt 0.583333 0.111111
vt 0.583333 0.083333
vt 0.583333 0.055556
vt 0.583332 0.027778
vt 0.611110 0.972222
vt 0.611111 0.944445
vt 0.611111 0.916667
vt 0.611111 0.888889
vt 0.611111 0.861111
vt 0.611111 0.833333
vt 0.611111 0.805556
vt 0.611111 0.777778
vt 0.611111 0.750000
vt 0.611111 0.722222
vt 0.611111 0.694445
vt 0.611111 0.666667
vt 0.611111 0.638889
vt 0.611111 0.611111
vt 0.611111 0.583333
vt 0.611111 0.555556
vt 0.611111 0.527778
vt 0.611111 0.500000
vt 0.611111 0.472222
vt 0.611111 0.444444
vt 0.611111 0.416667
vt 0.611111 0.388889
vt 0.611111 0.361111
vt 0.611111 0.333333
vt 0.611111 0.305555
vt 0.611111 0.277778
vt 0.611111 0.250000
vt 0.611111 0.222222
vt 0.611111 0.194444
vt 0.611111 0.166667
vt 0.611111 0.138889
vt 0.611111 0.111111
vt 0.611111 0.083333
vt 0.611111 0.055555
vt 0.611110 0.027778
vt 0.638888 0.972223
vt 0.638888 0.944445
vt 0.638889 0.916667
vt 0.638889 0.888889
vt 0.638889 0.861111
vt 0.638889 0.833333
vt 0.638889 0.805556
vt 0.638889 0.777778
vt 0.638889 0.750000
vt 0.638889 0.722223
vt 0.638889 0.694445
vt 0.638889 0.666667
vt 0.638889 0.638889
vt 0.638889 0.611111
vt 0.638889 0.583333
vt 0.638889 0.555556
vt 0.638889 0.527778
vt 0.638889 0.500000
vt 0.638889 0.472222
vt 0.638889 0.444444
vt 0.638889 0.416667
vt 0.638889 0.388889
vt 0.638889 0.361111
vt 0.638889 0.333333
vt 0.638889 0.305555
vt 0.638889 0.277778
vt 0.638889 0.250000
vt 0.638889 0.222222
vt 0.638889 0.194444
vt 0.638889 0.166667
vt 0.638889 0.138889
vt 0.638889 0.111111
vt 0.638889 0.083333
vt 0.638889 0.055556
vt 0.638888 0.027778
vt 0.666665 0.972223
vt 0.666666 0.944445
vt 0.666667 0.916667
vt 0.666666 0.888889
vt 0.666666 0.861111
vt 0.666667 0.833333
vt 0.666667 0.805556
vt 0.666667 0.777778
vt 0.666667 0.750000
vt 0.666667 0.722223
vt 0.666667 0.694445
vt 0.666667 0.666667
vt 0.666667 0.638889
vt 0.666667 0.611111
vt 0.666667 0.583333
vt 0.666667 0.555556
vt 0.666667 0.527778
vt 0.666667 0.500000
vt 0.666667 0.472222
vt 0.666667 0.444444
vt 0.666667 0.416667
vt 0.666667 0.388889
vt 0.666667 0.361111
vt 0.666667 0.333333
vt 0.666667 0.305556
vt 0.666667 0.277778
vt 0.666667 0.250000
vt 0.666667 0.222222
vt 0.666667 0.194444
vt 0.666667 0.166667
vt 0.666667 0.138889
vt 0.666667 0.111111
vt 0.666667 0.083333
vt 0.666666 0.055555
vt 0.666666 0.027778
vt 0.694444 0.972222
vt 0.694444 0.944445
vt 0.694444 0.916667
vt 0.694444 0.888889
vt 0.694444 0.861111
vt 0.694444 0.833333
vt 0.694445 0.805556
vt 0.694444 0.777778
vt 0.694445 0.750000
vt 0.694444 0.722223
vt 0.694444 0.694445
vt 0.694444 0.666667
vt 0.694444 0.638889
vt 0.694445 0.611111
vt 0.694444 0.583333
vt 0.694444 0.555556
vt 0.694444 0.527778
vt 0.694444 0.500000
vt 0.694444 0.472222
vt 0.694444 0.444444
vt 0.694444 0.416667
vt 0.694445 0.388889
vt 0.694444 0.361111
vt 0.694444 0.333333
vt 0.694444 0.305555
vt 0.694445 0.277778
vt 0.694444 0.250000
vt 0.694444 0.222222
vt 0.694444 0.194444
vt 0.694444 0.166667
vt 0.694444 0.138889
vt 0.694444 0.111111
vt 0.694445 0.083333
vt 0.694444 0.055555
vt 0.694444 0.027778
vt 0.722223 0.972222
vt 0.722222 0.944445
vt 0.722222 0.916667
vt 0.722222 0.888889
vt 0.722222 0.861111
vt 0.722222 0.833334
vt 0.722222 0.805556
vt 0.722222 0.777778
vt 0.722222 0.750000
vt 0.722222 0.722222
vt 0.722222 0.694445
vt 0.722222 0.666667
vt 0.722222 0.638889
vt 0.722222 0.611111
vt 0.722222 0.583333
vt 0.722222 0.555556
vt 0.722222 0.527778
vt 0.722222 0.500000
vt 0.722222 0.472222
vt 0.722222 0.444444
vt 0.722222 0.416667
vt 0.722222 0.388889
vt 0.722222 0.361111
vt 0.722222 0.333333
vt 0.722222 0.305555
vt 0.722222 0.277778
vt 0.722222 0.250000
vt 0.722222 0.222222
vt 0.722222 0.194444
vt 0.722222 0.166666
vt 0.722222 0.138889
vt 0.722222 0.111111
vt 0.722222 0.083333
vt 0.722222 0.055555
vt 0.722223 0.027778
vt 0.750000 0.972222
vt 0.750000 0.944445
vt 0.750000 0.916667
vt 0.750000 0.888889
vt 0.750000 0.861112
vt 0.750000 0.833334
vt 0.750000 0.805556
vt 0.750000 0.777778
vt 0.750000 0.750000
vt 0.750000 0.722223
vt 0.750000 0.694445
vt 0.750000 0.666667
vt 0.750000 0.638889
vt 0.750000 0.611111
vt 0.750000 0.583333
vt 0.750000 0.555556
vt 0.750000 0.527778
vt 0.750000 0.500000
vt 0.750000 0.472222
vt 0.750000 0.444444
vt 0.750000 0.416667
vt 0.750000 0.388889
vt 0.750000 0.361111
vt 0.750000 0.333333
vt 0.750000 0.305555
vt 0.750000 0.277778
vt 0.750000 0.250000
vt 0.750000 0.222222
vt 0.750000 0.194444
vt 0.750000 0.166666
vt 0.750000 0.138889
vt 0.750000 0.111111
vt 0.750000 0.083333
vt 0.750000 0.055555
vt 0.750000 0.027778
vt 0.777777 0.972222
vt 0.777778 0.944445
vt 0.777778 0.916667
vt 0.777778 0.888889
vt 0.777778 0.861111
vt 0.777778 0.833334
vt 0.777778 0.805556
vt 0.777778 0.777778
vt 0.777778 0.750000
vt 0.777778 0.722223
vt 0.777778 0.694445
vt 0.777778 0.666667
vt 0.777778 0.638889
vt 0.777778 0.611111
vt 0.777778 0.583333
vt 0.777778 0.555556
vt 0.777778 0.527778
vt 0.777778 0.500000
vt 0.777778 0.472222
vt 0.777778 0.444444
vt 0.777778 0.416667
vt 0.777778 0.388889
vt 0.777778 0.361111
vt 0.777778 0.333333
vt 0.777778 0.305555
vt 0.777778 0.277778
vt 0.777778 0.250000
vt 0.777778 0.222222
vt 0.777778 0.194444
vt 0.777778 0.166666
vt 0.777778 0.138889
vt 0.777778 0.111111
vt 0.777778 0.083333
vt 0.777778 0.055555
vt 0.777777 0.027778
vt 0.805556 0.972222
vt 0.805556 0.944445
vt 0.805556 0.916667
vt 0.805556 0.888889
vt 0.805556 0.861111
vt 0.805556 0.833334
vt 0.805556 0.805556
vt 0.805556 0.777778
vt 0.805556 0.750000
vt 0.805556 0.722223
vt 0.805556 0.694445
vt 0.805556 0.666667
vt 0.805556 0.638889
vt 0.805556 0.611111
vt 0.805556 0.583333
vt 0.805556 0.555556
vt 0.805556 0.527778
vt 0.805556 0.500000
vt 0.805556 0.472222
vt 0.805556 0.444444
vt 0.805556 0.416667
vt 0.805556 0.388889
vt 0.805556 0.361111
vt 0.805556 0.333333
vt 0.805556 0.305555
vt 0.805556 0.277778
vt 0.805556 0.250000
vt 0.805556 0.222222
vt 0.805556 0.194444
vt 0.805556 0.166667
vt 0.805556 0.138889
vt 0.805556 0.111111
vt 0.805555 0.083333
vt 0.805556 0.055555
vt 0.805556 0.027778
vt 0.833335 0.972223
vt 0.833334 0.944445
vt 0.833333 0.916667
vt 0.833334 0.888889
vt 0.833334 0.861111
vt 0.833333 0.833333
vt 0.833333 0.805556
vt 0.833334 0.777778
vt 0.833333 0.750000
vt 0.833333 0.722223
vt 0.833333 0.694445
vt 0.833333 0.666667
vt 0.833333 0.638889
vt 0.833333 0.611111
vt 0.833333 0.583333
vt 0.833333 0.555556
vt 0.833333 0.527778
vt 0.833333 0.500000
vt 0.833333 0.472222
vt 0.833333 0.444444
vt 0.833333 0.416667
vt 0.833333 0.388889
vt 0.833333 0.361111
vt 0.833333 0.333333
vt 0.833333 0.305556
vt 0.833333 0.277778
vt 0.833333 0.250000
vt 0.833333 0.222222
vt 0.833333 0.194444
vt 0.833333 0.166667
vt 0.833333 0.138889
vt 0.833333 0.111111
vt 0.833333 0.083333
vt 0.833334 0.055555
vt 0.833334 0.027778
vt 0.861112 0.972223
vt 0.861112 0.944445
vt 0.861111 0.916667
vt 0.861111 0.888889
vt 0.861111 0.861111
vt 0.861111 0.833333
vt 0.861111 0.805556
vt 0.861111 0.777778
vt 0.861111 0.750000
vt 0.861111 0.722222
vt 0.861111 0.694445
vt 0.861111 0.666667
vt 0.861111 0.638889
vt 0.861111 0.611111
vt 0.861111 0.583333
vt 0.861111 0.555556
vt 0.861111 0.527778
vt 0.861111 0.500000
vt 0.861111 0.472222
vt 0.861111 0.444444
vt 0.861111 0.416667
vt 0.861111 0.388889
vt 0.861111 0.361111
vt 0.861111 0.333333
vt 0.861111 0.305555
vt 0.861111 0.277778
vt 0.861111 0.250000
vt 0.861111 0.222222
vt 0.861111 0.194444
vt 0.861111 0.166667
vt 0.861111 0.138889
vt 0.861111 0.111111
vt 0.861112 0.083333
vt 0.861111 0.055556
vt 0.861112 0.027778
vt 0.888890 0.972222
vt 0.888889 0.944445
vt 0.888889 0.916667
vt 0.888889 0.888889
vt 0.888889 0.861111
vt 0.888889 0.833333
vt 0.888889 0.805556
vt 0.888889 0.777778
vt 0.888889 0.750000
vt 0.888889 0.722222
vt 0.888889 0.694445
vt 0.888889 0.666667
vt 0.888889 0.638889
vt 0.888889 0.611111
vt 0.888889 0.583333
vt 0.888889 0.555556
vt 0.888889 0.527778
vt 0.888889 0.500000
vt 0.888889 0.472222
vt 0.888889 0.444444
vt 0.888889 0.416667
vt 0.888889 0.388889
vt 0.888889 0.361111
vt 0.888889 0.333333
vt 0.888889 0.305555
vt 0.888889 0.277778
vt 0.888889 0.250000
vt 0.888889 0.222222
vt 0.888889 0.194444
vt 0.888889 0.166667
vt 0.888889 0.138889
vt 0.888889 0.111111
vt 0.888889 0.083333
vt 0.888889 0.055555
vt 0.888890 0.027778
vt 0.916668 0.972222
vt 0.916667 0.944445
vt 0.916667 0.916667
vt 0.916667 0.888889
vt 0.916667 0.861111
vt 0.916667 0.833334
vt 0.916667 0.805556
vt 0.916667 0.777778
vt 0.916667 0.750000
vt 0.916667 0.722223
vt 0.916667 0.694445
vt 0.916667 0.666667
vt 0.916667 0.638889
vt 0.916667 0.611111
vt 0.916667 0.583333
vt 0.916667 0.555556
vt 0.916667 0.527778
vt 0.916667 0.500000
vt 0.916667 0.472222
vt 0.916667 0.444444
vt 0.916667 0.416667
vt 0.916667 0.388889
vt 0.916667 0.361111
vt 0.916667 0.333333
vt 0.916667 0.305556
vt 0.916667 0.277778
vt 0.916667 0.250000
vt 0.916667 0.222222
vt 0.916667 0.194444
vt 0.916667 0.166667
vt 0.916667 0.138889
vt 0.916667 0.111111
vt 0.916667 0.083333
vt 0.916667 0.055556
vt 0.916668 0.027778
vt 0.944446 0.972223
vt 0.944444 0.944445
vt 0.944445 0.916667
vt 0.944445 0.888889
vt 0.944445 0.861111
vt 0.944445 0.833333
vt 0.944445 0.805556
vt 0.944444 0.777778
vt 0.944445 0.750000
vt 0.944445 0.722222
vt 0.944444 0.694445
vt 0.944445 0.666667
vt 0.944444 0.638889
vt 0.944445 0.611111
vt 0.944445 0.583333
vt 0.944445 0.555556
vt 0.944444 0.527778
vt 0.944445 0.500000
vt 0.944444 0.472222
vt 0.944445 0.444444
vt 0.944444 0.416667
vt 0.944445 0.388889
vt 0.944444 0.361111
vt 0.944445 0.333333
vt 0.944445 0.305556
vt 0.944445 0.277778
vt 0.944445 0.250000
vt 0.944444 0.222222
vt 0.944445 0.194444
vt 0.944444 0.166667
vt 0.944445 0.138889
vt 0.944445 0.111111
vt 0.944445 0.083333
vt 0.944445 0.055556
vt 0.944445 0.027778
vt 0.972223 0.972222
vt 0.972223 0.944445
vt 0.972222 0.916667
vt 0.972222 0.888889
vt 0.972223 0.861111
vt 0.972223 0.833334
vt 0.972222 0.805556
vt 0.972222 0.777778
vt 0.972222 0.750000
vt 0.972222 0.722222
vt 0.972222 0.694445
vt 0.972222 0.666667
vt 0.972222 0.638889
vt 0.972222 0.611111
vt 0.972222 0.583333
vt 0.972222 0.555556
vt 0.972222 0.527778
vt 0.972222 0.500000
vt 0.972222 0.472222
vt 0.972222 0.444444
vt 0.972222 0.416667
vt 0.972222 0.388889
vt 0.972222 0.361111
vt 0.972222 0.333333
vt 0.972222 0.305556
vt 0.972222 0.277778
vt 0.972222 0.250000
vt 0.972222 0.222222
vt 0.972222 0.194444
vt 0.972222 0.166667
vt 0.972223 0.138889
vt 0.972222 0.111111
vt 0.972222 0.083333
vt 0.972223 0.055555
vt 0.972223 0.027778
vt 0.000000 0.972222
vt 0.000000 0.944445
vt 0.000000 0.916667
vt 0.000000 0.888889
vt 0.000000 0.861111
vt 0.000000 0.833334
vt 0.000000 0.805556
vt 0.000000 0.777778
vt 0.000000 0.750000
vt 0.000000 0.722222
vt 0.000000 0.694445
vt 0.000000 0.666667
vt 0.000000 0.638889
vt 0.000000 0.611111
vt 0.000000 0.583333
vt 0.000000 0.555556
vt 0.000000 0.527778
vt 0.000000 0.500000
vt 0.000000 0.472222
vt 0.000000 0.444444
vt 0.000000 0.416667
vt 0.000000 0.388889
vt 0.000000 0.361111
vt 0.000000 0.333333
vt 0.000000 0.305555
vt 0.000000 0.277778
vt 0.000000 0.250000
vt 0.000000 0.222222
vt 0.000000 0.194444
vt 0.000000 0.166667
vt 0.000000 0.138889
vt 0.000000 0.111111
vt 0.000000 0.083333
vt 0.000000 0.055555
vt 0.000000 0.027778
vt 0.027779 0.972222
vt 0.027778 0.944444
vt 0.027778 0.916667
vt 0.027778 0.888889
vt 0.027778 0.861111
vt 0.027778 0.833334
vt 0.027778 0.805556
vt 0.027778 0.777778
vt 0.027778 0.750000
vt 0.027778 0.722222
vt 0.027778 0.694445
vt 0.027778 0.666667
vt 0.027778 0.638889
vt 0.027778 0.611111
vt 0.027778 0.583333
vt 0.027778 0.555556
vt 0.027778 0.527778
vt 0.027778 0.500000
vt 0.027778 0.472222
vt 0.027778 0.444444
vt 0.027778 0.416667
vt 0.027778 0.388889
vt 0.027778 0.361111
vt 0.027778 0.333333
vt 0.027778 0.305555
vt 0.027778 0.277778
vt 0.027778 0.250000
vt 0.027778 0.222222
vt 0.027778 0.194444
vt 0.027778 0.166667
vt 0.027778 0.138889
vt 0.027778 0.111111
vt 0.027778 0.083333
vt 0.027778 0.055556
vt 0.027779 0.027778
vt 0.055556 0.972222
vt 0.055556 0.944445
vt 0.055556 0.916667
vt 0.055556 0.888889
vt 0.055556 0.861111
vt 0.055556 0.833333
vt 0.055556 0.805556
vt 0.055556 0.777778
vt 0.055556 0.750000
vt 0.055556 0.722222
vt 0.055556 0.694445
vt 0.055556 0.666667
vt 0.055556 0.638889
vt 0.055556 0.611111
vt 0.055556 0.583333
vt 0.055556 0.555556
vt 0.055556 0.527778
vt 0.055556 0.500000
vt 0.055556 0.472222
vt 0.055556 0.444444
vt 0.055556 0.416667
vt 0.055556 0.388889
vt 0.055556 0.361111
vt 0.055556 0.333333
vt 0.055556 0.305556
vt 0.055556 0.277778
vt 0.055556 0.250000
vt 0.055556 0.222222
vt 0.055556 0.194444
vt 0.055556 0.166667
vt 0.055556 0.138889
vt 0.055556 0.111111
vt 0.055556 0.083333
vt 0.055556 0.055556
vt 0.055555 0.027778
vt 0.083334 0.972222
vt 0.083334 0.944445
vt 0.083334 0.916667
vt 0.083333 0.888889
vt 0.083333 0.861111
vt 0.083333 0.833333
vt 0.083333 0.805556
vt 0.083333 0.777778
vt 0.083334 0.750000
vt 0.083333 0.722223
vt 0.083333 0.694445
vt 0.083333 0.666667
vt 0.083333 0.638889
vt 0.083333 0.611111
vt 0.083333 0.583333
vt 0.083333 0.555556
vt 0.083333 0.527778
vt 0.083333 0.500000
vt 0.083333 0.472222
vt 0.083333 0.444444
vt 0.083333 0.416667
vt 0.083333 0.388889
vt 0.083333 0.361111
vt 0.083333 0.333333
vt 0.083333 0.305556
vt 0.083333 0.277778
vt 0.083334 0.250000
vt 0.083333 0.222222
vt 0.083333 0.194444
vt 0.083333 0.166667
vt 0.083333 0.138889
vt 0.083333 0.111111
vt 0.083334 0.083333
vt 0.083333 0.055556
vt 0.083334 0.027778
vt 0.111112 0.972222
vt 0.111111 0.944444
vt 0.111112 0.916667
vt 0.111111 0.888889
vt 0.111111 0.861111
vt 0.111111 0.833333
vt 0.111111 0.805556
vt 0.111111 0.777778
vt 0.111111 0.750000
vt 0.111111 0.722222
vt 0.111111 0.694445
vt 0.111111 0.666667
vt 0.111111 0.638889
vt 0.111111 0.611111
vt 0.111111 0.583333
vt 0.111111 0.555556
vt 0.111111 0.527778
vt 0.111111 0.500000
vt 0.111111 0.472222
vt 0.111111 0.444444
vt 0.111111 0.416667
vt 0.111111 0.388889
vt 0.111111 0.361111
vt 0.111111 0.333333
vt 0.111111 0.305556
vt 0.111111 0.277778
vt 0.111111 0.250000
vt 0.111111 0.222222
vt 0.111111 0.194444
vt 0.111111 0.166667
vt 0.111111 0.138889
vt 0.111112 0.111111
vt 0.111111 0.083333
vt 0.111111 0.055556
vt 0.111112 0.027778
vt 0.138890 0.972222
vt 0.138889 0.944444
vt 0.138889 0.916667
vt 0.138889 0.888889
vt 0.138889 0.861111
vt 0.138889 0.833333
vt 0.138889 0.805556
vt 0.138889 0.777778
vt 0.138889 0.750000
vt 0.138889 0.722222
vt 0.138889 0.694445
vt 0.138889 0.666667
vt 0.138889 0.638889
vt 0.138889 0.611111
vt 0.138889 0.583333
vt 0.138889 0.555556
vt 0.138889 0.527778
vt 0.138889 0.500000
vt 0.138889 0.472222
vt 0.138889 0.444444
vt 0.138889 0.416667
vt 0.138889 0.388889
vt 0.138889 0.361111
vt 0.138889 0.333333
vt 0.138889 0.305556
vt 0.138889 0.277778
vt 0.138889 0.250000
vt 0.138889 0.222222
vt 0.138889 0.194444
vt 0.138889 0.166667
vt 0.138889 0.138889
vt 0.138889 0.111111
vt 0.138889 0.083333
vt 0.138889 0.055556
vt 0.138889 0.027778
vt 0.166666 0.972222
vt 0.166667 0.944444
vt 0.166667 0.916667
vt 0.166667 0.888889
vt 0.166667 0.861111
vt 0.166667 0.833333
vt 0.166667 0.805556
vt 0.166667 0.777778
vt 0.166667 0.750000
vt 0.166667 0.722222
vt 0.166667 0.694445
vt 0.166667 0.666667
vt 0.166667 0.638889
vt 0.166667 0.611111
vt 0.166667 0.583333
vt 0.166667 0.555556
vt 0.166667 0.527778
vt 0.166667 0.500000
vt 0.166667 0.472222
vt 0.166667 0.444444
vt 0.166667 0.416667
vt 0.166667 0.388889
vt 0.166667 0.361111
vt 0.166667 0.333333
vt 0.166667 0.305556
vt 0.166667 0.277778
vt 0.166667 0.250000
vt 0.166667 0.222222
vt 0.166667 0.194444
vt 0.166667 0.166667
vt 0.166667 0.138889
vt 0.166667 0.111111
vt 0.166667 0.083333
vt 0.166667 0.055556
vt 0.166666 0.027778
vt 0.194445 0.972222
vt 0.194445 0.944444
vt 0.194445 0.916667
vt 0.194445 0.888889
vt 0.194444 0.861111
vt 0.194444 0.833333
vt 0.194445 0.805556
vt 0.194444 0.777778
vt 0.194445 0.750000
vt 0.194445 0.722222
vt 0.194445 0.694445
vt 0.194444 0.666667
vt 0.194444 0.638889
vt 0.194445 0.611111
vt 0.194444 0.583333
vt 0.194444 0.555556
vt 0.194444 0.527778
vt 0.194444 0.500000
vt 0.194444 0.472222
vt 0.194444 0.444444
vt 0.194444 0.416667
vt 0.194445 0.388889
vt 0.194444 0.361111
vt 0.194444 0.333333
vt 0.194445 0.305556
vt 0.194445 0.277778
vt 0.194445 0.250000
vt 0.194445 0.222222
vt 0.194445 0.194445
vt 0.194444 0.166667
vt 0.194444 0.138889
vt 0.194444 0.111111
vt 0.194445 0.083333
vt 0.194445 0.055556
vt 0.194445 0.027778
vt 0.222223 0.972222
vt 0.222222 0.944444
vt 0.222222 0.916667
vt 0.222222 0.888889
vt 0.222222 0.861111
vt 0.222222 0.833333
vt 0.222222 0.805556
vt 0.222222 0.777778
vt 0.222222 0.750000
vt 0.222222 0.722222
vt 0.222222 0.694445
vt 0.222222 0.666667
vt 0.222222 0.638889
vt 0.222222 0.611111
vt 0.222222 0.583333
vt 0.222222 0.555556
vt 0.222222 0.527778
vt 0.222222 0.500000
vt 0.222222 0.472222
vt 0.222222 0.444444
vt 0.222222 0.416667
vt 0.222222 0.388889
vt 0.222222 0.361111
vt 0.222222 0.333333
vt 0.222222 0.305556
vt 0.222222 0.277778
vt 0.222222 0.250000
vt 0.222222 0.222222
vt 0.222222 0.194444
vt 0.222222 0.166667
vt 0.222222 0.138889
vt 0.222222 0.111111
vt 0.222222 0.083333
vt 0.222222 0.055556
vt 0.222223 0.027778
vt 0.250000 0.916667
vt 0.250000 0.861111
vt 0.250000 0.777778
vt 0.250000 0.583333
vt 0.250000 0.500000
f 1261/1261/1 45/45/1 46/46/1
f 1/1/2 33/33/2 2/2/2
f 23/23/3 60/60/3 24/24/3
f 1261/1261/4 47/47/4 12/12/4
f 1258/1258/5 33/33/5 34/34/5
f 25/25/6 60/60/6 61/61/6
f 12/12/7 48/48/7 13/13/7
f 3/3/8 34/34/8 35/35/8
f 25/25/9 62/62/9 26/26/9
f 1262/1262/10 48/48/10 49/49/10
f 1259/1259/11 35/35/11 36/36/11
f 26/26/12 63/63/12 27/27/12
f 1262/1262/13 50/50/13 14/14/13
f 4/4/14 36/36/14 37/37/14
f 27/27/15 64/64/15 28/28/15
f 14/14/16 51/51/16 15/15/16
f 4/4/17 38/38/17 5/5/17
f 29/29/18 64/64/18 65/65/18
f 15/15/19 52/52/19 16/16/19
f 1260/1260/20 38/38/20 39/39/20
f 29/29/21 66/66/21 30/30/21
f 17/17/22 52/52/22 53/53/22
f 6/6/23 39/39/23 40/40/23
f 31/31/24 30/30/24 66/66/24
f 18/18/25 53/53/25 54/54/25
f 6/6/26 41/41/26 7/7/26
f 18/18/27 55/55/27 19/19/27
f 7/7/28 42/42/28 8/8/28
f 19/19/29 56/56/29 20/20/29
f 8/8/30 43/43/30 9/9/30
f 21/21/31 56/56/31 57/57/31
f 9/9/32 44/44/32 10/10/32
f 22/22/33 57/57/33 58/58/33
f 11/11/34 44/44/34 45/45/34
f 1/1/35 277/277/35 32/32/35
f 22/22/36 59/59/36 23/23/36
f 36/36/37 72/72/37 37/37/37
f 63/63/38 99/99/38 64/64/38
f 50/50/39 86/86/39 51/51/39
f 37/37/40 73/73/40 38/38/40
f 64/64/41 100/100/41 65/65/41
f 51/51/42 87/87/42 52/52/42
f 38/38/43 74/74/43 39/39/43
f 66/66/44 100/100/44 101/101/44
f 52/52/45 88/88/45 53/53/45
f 39/39/46 75/75/46 40/40/46
f 31/31/47 66/66/47 101/101/47
f 54/54/48 88/88/48 89/89/48
f 40/40/49 76/76/49 41/41/49
f 54/54/50 90/90/50 55/55/50
f 41/41/51 77/77/51 42/42/51
f 55/55/52 91/91/52 56/56/52
f 42/42/53 78/78/53 43/43/53
f 57/57/54 91/91/54 92/92/54
f 43/43/55 79/79/55 44/44/55
f 58/58/56 92/92/56 93/93/56
f 44/44/57 80/80/57 45/45/57
f 32/32/58 277/277/58 67/67/58
f 59/59/59 93/93/59 94/94/59
f 46/46/60 80/80/60 81/81/60
f 32/32/61 68/68/61 33/33/61
f 59/59/62 95/95/62 60/60/62
f 46/46/63 82/82/63 47/47/63
f 33/33/64 69/69/64 34/34/64
f 60/60/65 96/96/65 61/61/65
f 47/47/66 83/83/66 48/48/66
f 34/34/67 70/70/67 35/35/67
f 62/62/68 96/96/68 97/97/68
f 48/48/69 84/84/69 49/49/69
f 35/35/70 71/71/70 36/36/70
f 63/63/71 97/97/71 98/98/71
f 50/50/72 84/84/72 85/85/72
f 92/92/73 128/128/73 93/93/73
f 79/79/74 115/115/74 80/80/74
f 67/67/75 277/277/75 102/102/75
f 93/93/76 129/129/76 94/94/76
f 81/81/77 115/115/77 116/116/77
f 68/68/78 102/102/78 103/103/78
f 95/95/79 129/129/79 130/130/79
f 81/81/80 117/117/80 82/82/80
f 68/68/81 104/104/81 69/69/81
f 96/96/82 130/130/82 131/131/82
f 83/83/83 117/117/83 118/118/83
f 69/69/84 105/105/84 70/70/84
f 96/96/85 132/132/85 97/97/85
f 84/84/86 118/118/86 119/119/86
f 70/70/87 106/106/87 71/71/87
f 98/98/88 132/132/88 133/133/88
f 84/84/89 120/120/89 85/85/89
f 71/71/90 107/107/90 72/72/90
f 98/98/91 134/134/91 99/99/91
f 86/86/92 120/120/92 121/121/92
f 72/72/93 108/108/93 73/73/93
f 99/99/94 135/135/94 100/100/94
f 87/87/95 121/121/95 122/122/95
f 73/73/96 109/109/96 74/74/96
f 100/100/97 136/136/97 101/101/97
f 87/87/98 123/123/98 88/88/98
f 75/75/99 109/109/99 110/110/99
f 31/31/100 101/101/100 136/136/100
f 89/89/101 123/123/101 124/124/101
f 75/75/102 111/111/102 76/76/102
f 89/89/103 125/125/103 90/90/103
f 76/76/104 112/112/104 77/77/104
f 90/90/105 126/126/105 91/91/105
f 77/77/106 113/113/106 78/78/106
f 91/91/107 127/127/107 92/92/107
f 78/78/108 114/114/108 79/79/108
f 135/135/109 169/169/109 170/170/109
f 121/121/110 157/157/110 122/122/110
f 108/108/111 144/144/111 109/109/111
f 136/136/112 170/170/112 171/171/112
f 122/122/113 158/158/113 123/123/113
f 110/110/114 144/144/114 145/145/114
f 31/31/115 136/136/115 171/171/115
f 124/124/116 158/158/116 159/159/116
f 110/110/117 146/146/117 111/111/117
f 124/124/118 160/160/118 125/125/118
f 111/111/119 147/147/119 112/112/119
f 125/125/120 161/161/120 126/126/120
f 113/113/121 147/147/121 148/148/121
f 127/127/122 161/161/122 162/162/122
f 113/113/123 149/149/123 114/114/123
f 127/127/124 163/163/124 128/128/124
f 115/115/125 149/149/125 150/150/125
f 102/102/126 277/277/126 137/137/126
f 128/128/127 164/164/127 129/129/127
f 115/115/128 151/151/128 116/116/128
f 103/103/129 137/137/129 138/138/129
f 129/129/130 165/165/130 130/130/130
f 116/116/131 152/152/131 117/117/131
f 103/103/132 139/139/132 104/104/132
f 130/130/133 166/166/133 131/131/133
f 117/117/134 153/153/134 118/118/134
f 104/104/135 140/140/135 105/105/135
f 131/131/136 167/167/136 132/132/136
f 118/118/137 154/154/137 119/119/137
f 105/105/138 141/141/138 106/106/138
f 132/132/139 168/168/139 133/133/139
f 119/119/140 155/155/140 120/120/140
f 106/106/141 142/142/141 107/107/141
f 134/134/142 168/168/142 169/169/142
f 120/120/143 156/156/143 121/121/143
f 107/107/144 143/143/144 108/108/144
f 164/164/145 198/198/145 199/199/145
f 150/150/146 186/186/146 151/151/146
f 138/138/147 172/172/147 173/173/147
f 165/165/148 199/199/148 200/200/148
f 152/152/149 186/186/149 187/187/149
f 138/138/150 174/174/150 139/139/150
f 166/166/151 200/200/151 201/201/151
f 153/153/152 187/187/152 188/188/152
f 139/139/153 175/175/153 140/140/153
f 166/166/154 202/202/154 167/167/154
f 153/153/155 189/189/155 154/154/155
f 141/141/156 175/175/156 176/176/156
f 167/167/157 203/203/157 168/168/157
f 154/154/158 190/190/158 155/155/158
f 141/141/159 177/177/159 142/142/159
f 169/169/160 203/203/160 204/204/160
f 155/155/161 191/191/161 156/156/161
f 142/142/162 178/178/162 143/143/162
f 170/170/163 204/204/163 205/205/163
f 156/156/164 192/192/164 157/157/164
f 143/143/165 179/179/165 144/144/165
f 170/170/166 206/206/166 171/171/166
f 157/157/167 193/193/167 158/158/167
f 145/145/168 179/179/168 180/180/168
f 31/31/169 171/171/169 206/206/169
f 159/159/170 193/193/170 194/194/170
f 146/146/171 180/180/171 181/181/171
f 159/159/172 195/195/172 160/160/172
f 146/146/173 182/182/173 147/147/173
f 160/160/174 196/196/174 161/161/174
f 148/148/175 182/182/175 183/183/175
f 162/162/176 196/196/176 197/197/176
f 148/148/177 184/184/177 149/149/177
f 162/162/178 198/198/178 163/163/178
f 149/149/179 185/185/179 150/150/179
f 137/137/180 277/277/180 172/172/180
f 192/192/181 228/228/181 193/193/181
f 180/180/182 214/214/182 215/215/182
f 31/31/183 206/206/183 241/241/183
f 194/194/184 228/228/184 229/229/184
f 180/180/185 216/216/185 181/181/185
f 194/194/186 230/230/186 195/195/186
f 181/181/187 217/217/187 182/182/187
f 195/195/188 231/231/188 196/196/188
f 183/183/189 217/217/189 218/218/189
f 197/197/190 231/231/190 232/232/190
f 183/183/191 219/219/191 184/184/191
f 197/197/192 233/233/192 198/198/192
f 184/184/193 220/220/193 185/185/193
f 172/172/194 277/277/194 207/207/194
f 198/198/195 234/234/195 199/199/195
f 185/185/196 221/221/196 186/186/196
f 172/172/197 208/208/197 173/173/197
f 200/200/198 234/234/198 235/235/198
f 186/186/199 222/222/199 187/187/199
f 173/173/200 209/209/200 174/174/200
f 201/201/201 235/235/201 236/236/201
f 187/187/202 223/223/202 188/188/202
f 174/174/203 210/210/203 175/175/203
f 201/201/204 237/237/204 202/202/204
f 188/188/205 224/224/205 189/189/205
f 175/175/206 211/211/206 176/176/206
f 202/202/207 238/238/207 203/203/207
f 190/190/208 224/224/208 225/225/208
f 176/176/209 212/212/209 177/177/209
f 204/204/210 238/238/210 239/239/210
f 190/190/211 226/226/211 191/191/211
f 177/177/212 213/213/212 178/178/212
f 205/205/213 239/239/213 240/240/213
f 191/191/214 227/227/214 192/192/214
f 178/178/215 214/214/215 179/179/215
f 206/206/216 240/240/216 241/241/216
f 222/222/217 256/256/217 257/257/217
f 208/208/218 244/244/218 209/209/218
f 236/236/219 270/270/219 271/271/219
f 222/222/220 258/258/220 223/223/220
f 209/209/221 245/245/221 210/210/221
f 236/236/222 272/272/222 237/237/222
f 223/223/223 259/259/223 224/224/223
f 211/211/224 245/245/224 246/246/224
f 237/237/225 273/273/225 238/238/225
f 225/225/226 259/259/226 260/260/226
f 212/212/227 246/246/227 247/247/227
f 238/238/228 274/274/228 239/239/228
f 226/226/229 260/260/229 261/261/229
f 212/212/230 248/248/230 213/213/230
f 240/240/231 274/274/231 275/275/231
f 226/226/232 262/262/232 227/227/232
f 213/213/233 249/249/233 214/214/233
f 240/240/234 276/276/234 241/241/234
f 227/227/235 263/263/235 228/228/235
f 215/215/236 249/249/236 250/250/236
f 31/31/237 241/241/237 276/276/237
f 229/229/238 263/263/238 264/264/238
f 215/215/239 251/251/239 216/216/239
f 230/230/240 264/264/240 265/265/240
f 216/216/241 252/252/241 217/217/241
f 230/230/242 266/266/242 231/231/242
f 218/218/243 252/252/243 253/253/243
f 232/232/244 266/266/244 267/267/244
f 218/218/245 254/254/245 219/219/245
f 232/232/246 268/268/246 233/233/246
f 219/219/247 255/255/247 220/220/247
f 207/207/248 277/277/248 242/242/248
f 233/233/249 269/269/249 234/234/249
f 220/220/250 256/256/250 221/221/250
f 208/208/251 242/242/251 243/243/251
f 235/235/252 269/269/252 270/270/252
f 250/250/253 287/287/253 251/251/253
f 264/264/254 301/301/254 265/265/254
f 251/251/255 288/288/255 252/252/255
f 265/265/256 302/302/256 266/266/256
f 253/253/257 288/288/257 289/289/257
f 267/267/258 302/302/258 303/303/258
f 253/253/259 290/290/259 254/254/259
f 267/267/260 304/304/260 268/268/260
f 255/255/261 290/290/261 291/291/261
f 242/242/262 277/277/262 278/278/262
f 268/268/263 305/305/263 269/269/263
f 255/255/264 292/292/264 256/256/264
f 243/243/265 278/278/265 279/279/265
f 270/270/266 305/305/266 306/306/266
f 256/256/267 293/293/267 257/257/267
f 244/244/268 279/279/268 280/280/268
f 270/270/269 307/307/269 271/271/269
f 257/257/270 294/294/270 258/258/270
f 245/245/271 280/280/271 281/281/271
f 271/271/272 308/308/272 272/272/272
f 258/258/273 295/295/273 259/259/273
f 246/246/274 281/281/274 282/282/274
f 272/272/275 309/309/275 273/273/275
f 260/260/276 295/295/276 296/296/276
f 246/246/277 283/283/277 247/247/277
f 274/274/278 309/309/278 310/310/278
f 261/261/279 296/296/279 297/297/279
f 248/248/280 283/283/280 284/284/280
f 275/275/281 310/310/281 311/311/281
f 261/261/282 298/298/282 262/262/282
f 248/248/283 285/285/283 249/249/283
f 275/275/284 312/312/284 276/276/284
f 262/262/285 299/299/285 263/263/285
f 250/250/286 285/285/286 286/286/286
f 31/31/287 276/276/287 312/312/287
f 264/264/288 299/299/288 300/300/288
f 280/280/289 316/316/289 281/281/289
f 307/307/290 343/343/290 308/308/290
f 294/294/291 330/330/291 295/295/291
f 282/282/292 316/316/292 317/317/292
f 308/308/293 344/344/293 309/309/293
f 296/296/294 330/330/294 331/331/294
f 282/282/295 318/318/295 283/283/295
f 309/309/296 345/345/296 310/310/296
f 296/296/297 332/332/297 297/297/297
f 284/284/298 318/318/298 319/319/298
f 311/311/299 345/345/299 346/346/299
f 297/297/300 333/333/300 298/298/300
f 284/284/301 320/320/301 285/285/301
f 312/312/302 346/346/302 347/347/302
f 298/298/303 334/334/303 299/299/303
f 286/286/304 320/320/304 321/321/304
f 31/31/305 312/312/305 347/347/305
f 300/300/306 334/334/306 335/335/306
f 286/286/307 322/322/307 287/287/307
f 300/300/308 336/336/308 301/301/308
f 287/287/309 323/323/309 288/288/309
f 302/302/310 336/336/310 337/337/310
f 289/289/311 323/323/311 324/324/311
f 303/303/312 337/337/312 338/338/312
f 289/289/313 325/325/313 290/290/313
f 303/303/314 339/339/314 304/304/314
f 291/291/315 325/325/315 326/326/315
f 278/278/316 277/277/316 313/313/316
f 304/304/317 340/340/317 305/305/317
f 291/291/318 327/327/318 292/292/318
f 278/278/319 314/314/319 279/279/319
f 306/306/320 340/340/320 341/341/320
f 293/293/321 327/327/321 328/328/321
f 279/279/322 315/315/322 280/280/322
f 306/306/323 342/342/323 307/307/323
f 294/294/324 328/328/324 329/329/324
f 337/337/325 371/371/325 372/372/325
f 324/324/326 358/358/326 359/359/326
f 338/338/327 372/372/327 373/373/327
f 324/324/328 360/360/328 325/325/328
f 338/338/329 374/374/329 339/339/329
f 326/326/330 360/360/330 361/361/330
f 313/313/331 277/277/331 348/348/331
f 339/339/332 375/375/332 340/340/332
f 326/326/333 362/362/333 327/327/333
f 313/313/334 349/349/334 314/314/334
f 341/341/335 375/375/335 376/376/335
f 328/328/336 362/362/336 363/363/336
f 314/314/337 350/350/337 315/315/337
f 341/341/338 377/377/338 342/342/338
f 329/329/339 363/363/339 364/364/339
f 316/316/340 350/350/340 351/351/340
f 342/342/341 378/378/341 343/343/341
f 329/329/342 365/365/342 330/330/342
f 317/317/343 351/351/343 352/352/343
f 343/343/344 379/379/344 344/344/344
f 331/331/345 365/365/345 366/366/345
f 318/318/346 352/352/346 353/353/346
f 345/345/347 379/379/347 380/380/347
f 332/332/348 366/366/348 367/367/348
f 319/319/349 353/353/349 354/354/349
f 345/345/350 381/381/350 346/346/350
f 332/332/351 368/368/351 333/333/351
f 319/319/352 355/355/352 320/320/352
f 346/346/353 382/382/353 347/347/353
f 333/333/354 369/369/354 334/334/354
f 321/321/355 355/355/355 356/356/355
f 31/31/356 347/347/356 382/382/356
f 335/335/357 369/369/357 370/370/357
f 321/321/358 357/357/358 322/322/358
f 335/335/359 371/371/359 336/336/359
f 322/322/360 358/358/360 323/323/360
f 366/366/361 400/400/361 401/401/361
f 352/352/362 388/388/362 353/353/362
f 380/380/363 414/414/363 415/415/363
f 366/366/364 402/402/364 367/367/364
f 353/353/365 389/389/365 354/354/365
f 381/381/366 415/415/366 416/416/366
f 367/367/367 403/403/367 368/368/367
f 354/354/368 390/390/368 355/355/368
f 382/382/369 416/416/369 417/417/369
f 368/368/370 404/404/370 369/369/370
f 356/356/371 390/390/371 391/391/371
f 31/31/372 382/382/372 417/417/372
f 370/370/373 404/404/373 405/405/373
f 356/356/374 392/392/374 357/357/374
f 370/370/375 406/406/375 371/371/375
f 357/357/376 393/393/376 358/358/376
f 372/372/377 406/406/377 407/407/377
f 359/359/378 393/393/378 394/394/378
f 373/373/379 407/407/379 408/408/379
f 359/359/380 395/395/380 360/360/380
f 373/373/381 409/409/381 374/374/381
f 361/361/382 395/395/382 396/396/382
f 348/348/383 277/277/383 383/383/383
f 374/374/384 410/410/384 375/375/384
f 361/361/385 397/397/385 362/362/385
f 348/348/386 384/384/386 349/349/386
f 376/376/387 410/410/387 411/411/387
f 362/362/388 398/398/388 363/363/388
f 349/349/389 385/385/389 350/350/389
f 376/376/390 412/412/390 377/377/390
f 364/364/391 398/398/391 399/399/391
f 351/351/392 385/385/392 386/386/392
f 378/378/393 412/412/393 413/413/393
f 364/364/394 400/400/394 365/365/394
f 351/351/395 387/387/395 352/352/395
f 378/378/396 414/414/396 379/379/396
f 394/394/397 430/430/397 395/395/397
f 408/408/398 444/444/398 409/409/398
f 396/396/399 430/430/399 431/431/399
f 383/383/400 277/277/400 418/418/400
f 409/409/401 445/445/401 410/410/401
f 396/396/402 432/432/402 397/397/402
f 383/383/403 419/419/403 384/384/403
f 411/411/404 445/445/404 446/446/404
f 397/397/405 433/433/405 398/398/405
f 384/384/406 420/420/406 385/385/406
f 411/411/407 447/447/407 412/412/407
f 399/399/408 433/433/408 434/434/408
f 386/386/409 420/420/409 421/421/409
f 412/412/410 448/448/410 413/413/410
f 399/399/411 435/435/411 400/400/411
f 386/386/412 422/422/412 387/387/412
f 413/413/413 449/449/413 414/414/413
f 401/401/414 435/435/414 436/436/414
f 387/387/415 423/423/415 388/388/415
f 415/415/416 449/449/416 450/450/416
f 401/401/417 437/437/417 402/402/417
f 388/388/418 424/424/418 389/389/418
f 415/415/419 451/451/419 416/416/419
f 403/403/420 437/437/420 438/438/420
f 389/389/421 425/425/421 390/390/421
f 416/416/422 452/452/422 417/417/422
f 403/403/423 439/439/423 404/404/423
f 391/391/424 425/425/424 426/426/424
f 31/31/425 417/417/425 452/452/425
f 405/405/426 439/439/426 440/440/426
f 391/391/427 427/427/427 392/392/427
f 405/405/428 441/441/428 406/406/428
f 392/392/429 428/428/429 393/393/429
f 407/407/430 441/441/430 442/442/430
f 394/394/431 428/428/431 429/429/431
f 408/408/432 442/442/432 443/443/432
f 423/423/433 459/459/433 424/424/433
f 450/450/434 486/486/434 451/451/434
f 437/437/435 473/473/435 438/438/435
f 424/424/436 460/460/436 425/425/436
f 451/451/437 487/487/437 452/452/437
f 439/439/438 473/473/438 474/474/438
f 426/426/439 460/460/439 461/461/439
f 31/31/440 452/452/440 487/487/440
f 440/440/441 474/474/441 475/475/441
f 426/426/442 462/462/442 427/427/442
f 440/440/443 476/476/443 441/441/443
f 427/427/444 463/463/444 428/428/444
f 442/442/445 476/476/445 477/477/445
f 429/429/446 463/463/446 464/464/446
f 443/443/447 477/477/447 478/478/447
f 429/429/448 465/465/448 430/430/448
f 443/443/449 479/479/449 444/444/449
f 431/431/450 465/465/450 466/466/450
f 418/418/451 277/277/451 453/453/451
f 444/444/452 480/480/452 445/445/452
f 431/431/453 467/467/453 432/432/453
f 418/418/454 454/454/454 419/419/454
f 446/446/455 480/480/455 481/481/455
f 432/432/456 468/468/456 433/433/456
f 419/419/457 455/455/457 420/420/457
f 446/446/458 482/482/458 447/447/458
f 434/434/459 468/468/459 469/469/459
f 420/420/460 456/456/460 421/421/460
f 448/448/461 482/482/461 483/483/461
f 434/434/462 470/470/462 435/435/462
f 422/422/463 456/456/463 457/457/463
f 448/448/464 484/484/464 449/449/464
f 436/436/465 470/470/465 471/471/465
f 422/422/466 458/458/466 423/423/466
f 450/450/467 484/484/467 485/485/467
f 436/436/468 472/472/468 437/437/468
f 453/453/469 277/277/469 488/488/469
f 480/480/470 514/514/470 515/515/470
f 466/466/471 502/502/471 467/467/471
f 453/453/472 489/489/472 454/454/472
f 481/481/473 515/515/473 516/516/473
f 467/467/474 503/503/474 468/468/474
f 454/454/475 490/490/475 455/455/475
f 481/481/476 517/517/476 482/482/476
f 468/468/477 504/504/477 469/469/477
f 455/455/478 491/491/478 456/456/478
f 483/483/479 517/517/479 518/518/479
f 469/469/480 505/505/480 470/470/480
f 457/457/481 491/491/481 492/492/481
f 483/483/482 519/519/482 484/484/482
f 471/471/483 505/505/483 506/506/483
f 458/458/484 492/492/484 493/493/484
f 485/485/485 519/519/485 520/520/485
f 471/471/486 507/507/486 472/472/486
f 458/458/487 494/494/487 459/459/487
f 485/485/488 521/521/488 486/486/488
f 472/472/489 508/508/489 473/473/489
f 459/459/490 495/495/490 460/460/490
f 486/486/491 522/522/491 487/487/491
f 474/474/492 508/508/492 509/509/492
f 461/461/493 495/495/493 496/496/493
f 31/31/494 487/487/494 522/522/494
f 475/475/495 509/509/495 510/510/495
f 461/461/496 497/497/496 462/462/496
f 475/475/497 511/511/497 476/476/497
f 462/462/498 498/498/498 463/463/498
f 477/477/499 511/511/499 512/512/499
f 464/464/500 498/498/500 499/499/500
f 478/478/501 512/512/501 513/513/501
f 464/464/502 500/500/502 465/465/502
f 478/478/503 514/514/503 479/479/503
f 466/466/504 500/500/504 501/501/504
f 521/521/505 557/557/505 522/522/505
f 509/509/506 543/543/506 544/544/506
f 496/496/507 530/530/507 531/531/507
f 31/31/508 522/522/508 557/557/508
f 510/510/509 544/544/509 545/545/509
f 496/496/510 532/532/510 497/497/510
f 510/510/511 546/546/511 511/511/511
f 497/497/512 533/533/512 498/498/512
f 512/512/513 546/546/513 547/547/513
f 499/499/514 533/533/514 534/534/514
f 513/513/515 547/547/515 548/548/515
f 499/499/516 535/535/516 500/500/516
f 513/513/517 549/549/517 514/514/517
f 500/500/518 536/536/518 501/501/518
f 488/488/519 277/277/519 523/523/519
f 514/514/520 550/550/520 515/515/520
f 501/501/521 537/537/521 502/502/521
f 488/488/522 524/524/522 489/489/522
f 516/516/523 550/550/523 551/551/523
f 502/502/524 538/538/524 503/503/524
f 489/489/525 525/525/525 490/490/525
f 516/516/526 552/552/526 517/517/526
f 503/503/527 539/539/527 504/504/527
f 490/490/528 526/526/528 491/491/528
f 517/517/529 553/553/529 518/518/529
f 504/504/530 540/540/530 505/505/530
f 492/492/531 526/526/531 527/527/531
f 518/518/532 554/554/532 519/519/532
f 506/506/533 540/540/533 541/541/533
f 492/492/534 528/528/534 493/493/534
f 519/519/535 555/555/535 520/520/535
f 507/507/536 541/541/536 542/542/536
f 493/493/537 529/529/537 494/494/537
f 520/520/538 556/556/538 521/521/538
f 507/507/539 543/543/539 508/508/539
f 494/494/540 530/530/540 495/495/540
f 551/551/541 585/585/541 586/586/541
f 537/537/542 573/573/542 538/538/542
f 524/524/543 560/560/543 525/525/543
f 551/551/544 587/587/544 552/552/544
f 538/538/545 574/574/545 539/539/545
f 525/525/546 561/561/546 526/526/546
f 552/552/547 588/588/547 553/553/547
f 539/539/548 575/575/548 540/540/548
f 526/526/549 562/562/549 527/527/549
f 554/554/550 588/588/550 589/589/550
f 541/541/551 575/575/551 576/576/551
f 527/527/552 563/563/552 528/528/552
f 555/555/553 589/589/553 590/590/553
f 541/541/554 577/577/554 542/542/554
f 528/528/555 564/564/555 529/529/555
f 555/555/556 591/591/556 556/556/556
f 542/542/557 578/578/557 543/543/557
f 529/529/558 565/565/558 530/530/558
f 556/556/559 592/592/559 557/557/559
f 544/544/560 578/578/560 579/579/560
f 531/531/561 565/565/561 566/566/561
f 31/31/562 557/557/562 592/592/562
f 545/545/563 579/579/563 580/580/563
f 531/531/564 567/567/564 532/532/564
f 545/545/565 581/581/565 546/546/565
f 532/532/566 568/568/566 533/533/566
f 547/547/567 581/581/567 582/582/567
f 534/534/568 568/568/568 569/569/568
f 548/548/569 582/582/569 583/583/569
f 534/534/570 570/570/570 535/535/570
f 548/548/571 584/584/571 549/549/571
f 536/536/572 570/570/572 571/571/572
f 523/523/573 277/277/573 558/558/573
f 549/549/574 585/585/574 550/550/574
f 536/536/575 572/572/575 537/537/575
f 524/524/576 558/558/576 559/559/576
f 580/580/577 614/614/577 615/615/577
f 566/566/578 602/602/578 567/567/578
f 580/580/579 616/616/579 581/581/579
f 567/567/580 603/603/580 568/568/580
f 582/582/581 616/616/581 617/617/581
f 569/569/582 603/603/582 604/604/582
f 583/583/583 617/617/583 618/618/583
f 569/569/584 605/605/584 570/570/584
f 583/583/585 619/619/585 584/584/585
f 570/570/586 606/606/586 571/571/586
f 558/558/587 277/277/587 593/593/587
f 585/585/588 619/619/588 620/620/588
f 571/571/589 607/607/589 572/572/589
f 559/559/590 593/593/590 594/594/590
f 586/586/591 620/620/591 621/621/591
f 572/572/592 608/608/592 573/573/592
f 559/559/593 595/595/593 560/560/593
f 586/586/594 622/622/594 587/587/594
f 573/573/595 609/609/595 574/574/595
f 561/561/596 595/595/596 596/596/596
f 588/588/597 622/622/597 623/623/597
f 574/574/598 610/610/598 575/575/598
f 562/562/599 596/596/599 597/597/599
f 588/588/600 624/624/600 589/589/600
f 576/576/601 610/610/601 611/611/601
f 563/563/602 597/597/602 598/598/602
f 590/590/603 624/624/603 625/625/603
f 576/576/604 612/612/604 577/577/604
f 563/563/605 599/599/605 564/564/605
f 590/590/606 626/626/606 591/591/606
f 577/577/607 613/613/607 578/578/607
f 564/564/608 600/600/608 565/565/608
f 591/591/609 627/627/609 592/592/609
f 579/579/610 613/613/610 614/614/610
f 566/566/611 600/600/611 601/601/611
f 31/31/612 592/592/612 627/627/612
f 608/608/613 644/644/613 609/609/613
f 596/596/614 630/630/614 631/631/614
f 623/623/615 657/657/615 658/658/615
f 609/609/616 645/645/616 610/610/616
f 597/597/617 631/631/617 632/632/617
f 623/623/618 659/659/618 624/624/618
f 611/611/619 645/645/619 646/646/619
f 598/598/620 632/632/620 633/633/620
f 625/625/621 659/659/621 660/660/621
f 611/611/622 647/647/622 612/612/622
f 598/598/623 634/634/623 599/599/623
f 625/625/624 661/661/624 626/626/624
f 612/612/625 648/648/625 613/613/625
f 599/599/626 635/635/626 600/600/626
f 626/626/627 662/662/627 627/627/627
f 614/614/628 648/648/628 649/649/628
f 601/601/629 635/635/629 636/636/629
f 31/31/630 627/627/630 662/662/630
f 615/615/631 649/649/631 650/650/631
f 601/601/632 637/637/632 602/602/632
f 615/615/633 651/651/633 616/616/633
f 602/602/634 638/638/634 603/603/634
f 617/617/635 651/651/635 652/652/635
f 604/604/636 638/638/636 639/639/636
f 618/618/637 652/652/637 653/653/637
f 604/604/638 640/640/638 605/605/638
f 618/618/639 654/654/639 619/619/639
f 605/605/640 641/641/640 606/606/640
f 593/593/641 277/277/641 628/628/641
f 620/620/642 654/654/642 655/655/642
f 606/606/643 642/642/643 607/607/643
f 594/594/644 628/628/644 629/629/644
f 621/621/645 655/655/645 656/656/645
f 607/607/646 643/643/646 608/608/646
f 594/594/647 630/630/647 595/595/647
f 621/621/648 657/657/648 622/622/648
f 637/637/649 673/673/649 638/638/649
f 652/652/650 686/686/650 687/687/650
f 639/639/651 673/673/651 674/674/651
f 653/653/652 687/687/652 688/688/652
f 639/639/653 675/675/653 640/640/653
f 653/653/654 689/689/654 654/654/654
f 641/641/655 675/675/655 676/676/655
f 628/628/656 277/277/656 663/663/656
f 654/654/657 690/690/657 655/655/657
f 641/641/658 677/677/658 642/642/658
f 629/629/659 663/663/659 664/664/659
f 656/656/660 690/690/660 691/691/660
f 643/643/661 677/677/661 678/678/661
f 629/629/662 665/665/662 630/630/662
f 656/656/663 692/692/663 657/657/663
f 643/643/664 679/679/664 644/644/664
f 631/631/665 665/665/665 666/666/665
f 657/657/666 693/693/666 658/658/666
f 644/644/667 680/680/667 645/645/667
f 631/631/668 667/667/668 632/632/668
f 658/658/669 694/694/669 659/659/669
f 646/646/670 680/680/670 681/681/670
f 632/632/671 668/668/671 633/633/671
f 660/660/672 694/694/672 695/695/672
f 646/646/673 682/682/673 647/647/673
f 633/633/674 669/669/674 634/634/674
f 660/660/675 696/696/675 661/661/675
f 647/647/676 683/683/676 648/648/676
f 634/634/677 670/670/677 635/635/677
f 662/662/678 696/696/678 697/697/678
f 649/649/679 683/683/679 684/684/679
f 636/636/680 670/670/680 671/671/680
f 31/31/681 662/662/681 697/697/681
f 650/650/682 684/684/682 685/685/682
f 637/637/683 671/671/683 672/672/683
f 650/650/684 686/686/684 651/651/684
f 666/666/685 702/702/685 667/667/685
f 693/693/686 729/729/686 694/694/686
f 681/681/687 715/715/687 716/716/687
f 667/667/688 703/703/688 668/668/688
f 695/695/689 729/729/689 730/730/689
f 681/681/690 717/717/690 682/682/690
f 668/668/691 704/704/691 669/669/691
f 695/695/692 731/731/692 696/696/692
f 682/682/693 718/718/693 683/683/693
f 669/669/694 705/705/694 670/670/694
f 696/696/695 732/732/695 697/697/695
f 684/684/696 718/718/696 719/719/696
f 671/671/697 705/705/697 706/706/697
f 31/31/698 697/697/698 732/732/698
f 685/685/699 719/719/699 720/720/699
f 671/671/700 707/707/700 672/672/700
f 685/685/701 721/721/701 686/686/701
f 672/672/702 708/708/702 673/673/702
f 687/687/703 721/721/703 722/722/703
f 674/674/704 708/708/704 709/709/704
f 688/688/705 722/722/705 723/723/705
f 674/674/706 710/710/706 675/675/706
f 688/688/707 724/724/707 689/689/707
f 675/675/708 711/711/708 676/676/708
f 663/663/709 277/277/709 698/698/709
f 690/690/710 724/724/710 725/725/710
f 676/676/711 712/712/711 677/677/711
f 664/664/712 698/698/712 699/699/712
f 691/691/713 725/725/713 726/726/713
f 677/677/714 713/713/714 678/678/714
f 665/665/715 699/699/715 700/700/715
f 691/691/716 727/727/716 692/692/716
f 678/678/717 714/714/717 679/679/717
f 665/665/718 701/701/718 666/666/718
f 693/693/719 727/727/719 728/728/719
f 679/679/720 715/715/720 680/680/720
f 723/723/721 757/757/721 758/758/721
f 709/709/722 745/745/722 710/710/722
f 723/723/723 759/759/723 724/724/723
f 711/711/724 745/745/724 746/746/724
f 698/698/725 277/277/725 733/733/725
f 725/725/726 759/759/726 760/760/726
f 711/711/727 747/747/727 712/712/727
f 698/698/728 734/734/728 699/699/728
f 725/725/729 761/761/729 726/726/729
f 712/712/730 748/748/730 713/713/730
f 699/699/731 735/735/731 700/700/731
f 726/726/732 762/762/732 727/727/732
f 713/713/733 749/749/733 714/714/733
f 701/701/734 735/735/734 736/736/734
f 728/728/735 762/762/735 763/763/735
f 714/714/736 750/750/736 715/715/736
f 702/702/737 736/736/737 737/737/737
f 728/728/738 764/764/738 729/729/738
f 716/716/739 750/750/739 751/751/739
f 703/703/740 737/737/740 738/738/740
f 730/730/741 764/764/741 765/765/741
f 716/716/742 752/752/742 717/717/742
f 703/703/743 739/739/743 704/704/743
f 730/730/744 766/766/744 731/731/744
f 717/717/745 753/753/745 718/718/745
f 704/704/746 740/740/746 705/705/746
f 731/731/747 767/767/747 732/732/747
f 719/719/748 753/753/748 754/754/748
f 706/706/749 740/740/749 741/741/749
f 31/31/750 732/732/750 767/767/750
f 720/720/751 754/754/751 755/755/751
f 706/706/752 742/742/752 707/707/752
f 720/720/753 756/756/753 721/721/753
f 707/707/754 743/743/754 708/708/754
f 722/722/755 756/756/755 757/757/755
f 709/709/756 743/743/756 744/744/756
f 751/751/757 787/787/757 752/752/757
f 738/738/758 774/774/758 739/739/758
f 765/765/759 801/801/759 766/766/759
f 752/752/760 788/788/760 753/753/760
f 739/739/761 775/775/761 740/740/761
f 766/766/762 802/802/762 767/767/762
f 754/754/763 788/788/763 789/789/763
f 741/741/764 775/775/764 776/776/764
f 31/31/765 767/767/765 802/802/765
f 755/755/766 789/789/766 790/790/766
f 741/741/767 777/777/767 742/742/767
f 755/755/768 791/791/768 756/756/768
f 742/742/769 778/778/769 743/743/769
f 757/757/770 791/791/770 792/792/770
f 744/744/771 778/778/771 779/779/771
f 758/758/772 792/792/772 793/793/772
f 744/744/773 780/780/773 745/745/773
f 758/758/774 794/794/774 759/759/774
f 746/746/775 780/780/775 781/781/775
f 733/733/776 277/277/776 768/768/776
f 759/759/777 795/795/777 760/760/777
f 746/746/778 782/782/778 747/747/778
f 733/733/779 769/769/779 734/734/779
f 761/761/780 795/795/780 796/796/780
f 748/748/781 782/782/781 783/783/781
f 734/734/782 770/770/782 735/735/782
f 761/761/783 797/797/783 762/762/783
f 748/748/784 784/784/784 749/749/784
f 736/736/785 770/770/785 771/771/785
f 763/763/786 797/797/786 798/798/786
f 749/749/787 785/785/787 750/750/787
f 736/736/788 772/772/788 737/737/788
f 764/764/789 798/798/789 799/799/789
f 751/751/790 785/785/790 786/786/790
f 737/737/791 773/773/791 738/738/791
f 765/765/792 799/799/792 800/800/792
f 781/781/793 815/815/793 816/816/793
f 768/768/794 277/277/794 803/803/794
f 794/794/795 830/830/795 795/795/795
f 781/781/796 817/817/796 782/782/796
f 768/768/797 804/804/797 769/769/797
f 796/796/798 830/830/798 831/831/798
f 783/783/799 817/817/799 818/818/799
f 769/769/800 805/805/800 770/770/800
f 796/796/801 832/832/801 797/797/801
f 783/783/802 819/819/802 784/784/802
f 770/770/803 806/806/803 771/771/803
f 798/798/804 832/832/804 833/833/804
f 785/785/805 819/819/805 820/820/805
f 771/771/806 807/807/806 772/772/806
f 798/798/807 834/834/807 799/799/807
f 786/786/808 820/820/808 821/821/808
f 772/772/809 808/808/809 773/773/809
f 800/800/810 834/834/810 835/835/810
f 786/786/811 822/822/811 787/787/811
f 773/773/812 809/809/812 774/774/812
f 800/800/813 836/836/813 801/801/813
f 787/787/814 823/823/814 788/788/814
f 774/774/815 810/810/815 775/775/815
f 801/801/816 837/837/816 802/802/816
f 789/789/817 823/823/817 824/824/817
f 776/776/818 810/810/818 811/811/818
f 31/31/819 802/802/819 837/837/819
f 790/790/820 824/824/820 825/825/820
f 776/776/821 812/812/821 777/777/821
f 790/790/822 826/826/822 791/791/822
f 777/777/823 813/813/823 778/778/823
f 792/792/824 826/826/824 827/827/824
f 779/779/825 813/813/825 814/814/825
f 793/793/826 827/827/826 828/828/826
f 779/779/827 815/815/827 780/780/827
f 793/793/828 829/829/828 794/794/828
f 806/806/829 842/842/829 807/807/829
f 833/833/830 869/869/830 834/834/830
f 821/821/831 855/855/831 856/856/831
f 807/807/832 843/843/832 808/808/832
f 835/835/833 869/869/833 870/870/833
f 822/822/834 856/856/834 857/857/834
f 808/808/835 844/844/835 809/809/835
f 835/835/836 871/871/836 836/836/836
f 822/822/837 858/858/837 823/823/837
f 809/809/838 845/845/838 810/810/838
f 836/836/839 872/872/839 837/837/839
f 824/824/840 858/858/840 859/859/840
f 811/811/841 845/845/841 846/846/841
f 31/31/842 837/837/842 872/872/842
f 825/825/843 859/859/843 860/860/843
f 811/811/844 847/847/844 812/812/844
f 825/825/845 861/861/845 826/826/845
f 812/812/846 848/848/846 813/813/846
f 827/827/847 861/861/847 862/862/847
f 814/814/848 848/848/848 849/849/848
f 828/828/849 862/862/849 863/863/849
f 814/814/850 850/850/850 815/815/850
f 828/828/851 864/864/851 829/829/851
f 816/816/852 850/850/852 851/851/852
f 803/803/853 277/277/853 838/838/853
f 829/829/854 865/865/854 830/830/854
f 816/816/855 852/852/855 817/817/855
f 804/804/856 838/838/856 839/839/856
f 831/831/857 865/865/857 866/866/857
f 818/818/858 852/852/858 853/853/858
f 804/804/859 840/840/859 805/805/859
f 831/831/860 867/867/860 832/832/860
f 818/818/861 854/854/861 819/819/861
f 805/805/862 841/841/862 806/806/862
f 833/833/863 867/867/863 868/868/863
f 820/820/864 854/854/864 855/855/864
f 863/863/865 897/897/865 898/898/865
f 849/849/866 885/885/866 850/850/866
f 863/863/867 899/899/867 864/864/867
f 850/850/868 886/886/868 851/851/868
f 838/838/869 277/277/869 873/873/869
f 864/864/870 900/900/870 865/865/870
f 851/851/871 887/887/871 852/852/871
f 839/839/872 873/873/872 874/874/872
f 866/866/873 900/900/873 901/901/873
f 853/853/874 887/887/874 888/888/874
f 840/840/875 874/874/875 875/875/875
f 867/867/876 901/901/876 902/902/876
f 853/853/877 889/889/877 854/854/877
f 840/840/878 876/876/878 841/841/878
f 868/868/879 902/902/879 903/903/879
f 855/855/880 889/889/880 890/890/880
f 841/841/881 877/877/881 842/842/881
f 868/868/882 904/904/882 869/869/882
f 856/856/883 890/890/883 891/891/883
f 842/842/884 878/878/884 843/843/884
f 870/870/885 904/904/885 905/905/885
f 857/857/886 891/891/886 892/892/886
f 843/843/887 879/879/887 844/844/887
f 870/870/888 906/906/888 871/871/888
f 857/857/889 893/893/889 858/858/889
f 844/844/890 880/880/890 845/845/890
f 872/872/891 906/906/891 907/907/891
f 859/859/892 893/893/892 894/894/892
f 846/846/893 880/880/893 881/881/893
f 31/31/894 872/872/894 907/907/894
f 860/860/895 894/894/895 895/895/895
f 846/846/896 882/882/896 847/847/896
f 860/860/897 896/896/897 861/861/897
f 847/847/898 883/883/898 848/848/898
f 862/862/899 896/896/899 897/897/899
f 849/849/900 883/883/900 884/884/900
f 905/905/901 939/939/901 940/940/901
f 891/891/902 927/927/902 892/892/902
f 878/878/903 914/914/903 879/879/903
f 905/905/904 941/941/904 906/906/904
f 892/892/905 928/928/905 893/893/905
f 879/879/906 915/915/906 880/880/906
f 906/906/907 942/942/907 907/907/907
f 894/894/908 928/928/908 929/929/908
f 881/881/909 915/915/909 916/916/909
f 31/31/910 907/907/910 942/942/910
f 895/895/911 929/929/911 930/930/911
f 881/881/912 917/917/912 882/882/912
f 895/895/913 931/931/913 896/896/913
f 882/882/914 918/918/914 883/883/914
f 897/897/915 931/931/915 932/932/915
f 884/884/916 918/918/916 919/919/916
f 898/898/917 932/932/917 933/933/917
f 884/884/918 920/920/918 885/885/918
f 898/898/919 934/934/919 899/899/919
f 886/886/920 920/920/920 921/921/920
f 873/873/921 277/277/921 908/908/921
f 900/900/922 934/934/922 935/935/922
f 886/886/923 922/922/923 887/887/923
f 873/873/924 909/909/924 874/874/924
f 901/901/925 935/935/925 936/936/925
f 888/888/926 922/922/926 923/923/926
f 874/874/927 910/910/927 875/875/927
f 901/901/928 937/937/928 902/902/928
f 888/888/929 924/924/929 889/889/929
f 875/875/930 911/911/930 876/876/930
f 903/903/931 937/937/931 938/938/931
f 890/890/932 924/924/932 925/925/932
f 876/876/933 912/912/933 877/877/933
f 903/903/934 939/939/934 904/904/934
f 891/891/935 925/925/935 926/926/935
f 877/877/936 913/913/936 878/878/936
f 933/933/937 969/969/937 934/934/937
f 921/921/938 955/955/938 956/956/938
f 908/908/939 277/277/939 943/943/939
f 935/935/940 969/969/940 970/970/940
f 921/921/941 957/957/941 922/922/941
f 908/908/942 944/944/942 909/909/942
f 936/936/943 970/970/943 971/971/943
f 923/923/944 957/957/944 958/958/944
f 909/909/945 945/945/945 910/910/945
f 936/936/946 972/972/946 937/937/946
f 923/923/947 959/959/947 924/924/947
f 910/910/948 946/946/948 911/911/948
f 938/938/949 972/972/949 973/973/949
f 925/925/950 959/959/950 960/960/950
f 911/911/951 947/947/951 912/912/951
f 938/938/952 974/974/952 939/939/952
f 926/926/953 960/960/953 961/961/953
f 912/912/954 948/948/954 913/913/954
f 940/940/955 974/974/955 975/975/955
f 926/926/956 962/962/956 927/927/956
f 913/913/957 949/949/957 914/914/957
f 941/941/958 975/975/958 976/976/958
f 927/927/959 963/963/959 928/928/959
f 914/914/960 950/950/960 915/915/960
f 941/941/961 977/977/961 942/942/961
f 929/929/962 963/963/962 964/964/962
f 916/916/963 950/950/963 951/951/963
f 31/31/964 942/942/964 977/977/964
f 930/930/965 964/964/965 965/965/965
f 916/916/966 952/952/966 917/917/966
f 930/930/967 966/966/967 931/931/967
f 917/917/968 953/953/968 918/918/968
f 932/932/969 966/966/969 967/967/969
f 919/919/970 953/953/970 954/954/970
f 933/933/971 967/967/971 968/968/971
f 919/919/972 955/955/972 920/920/972
f 962/962/973 998/998/973 963/963/973
f 949/949/974 985/985/974 950/950/974
f 976/976/975 1012/1012/975 977/977/975
f 964/964/976 998/998/976 999/999/976
f 951/951/977 985/985/977 986/986/977
f 31/31/978 977/977/978 1012/1012/978
f 965/965/979 999/999/979 1000/1000/979
f 951/951/980 987/987/980 952/952/980
f 965/965/981 1001/1001/981 966/966/981
f 952/952/982 988/988/982 953/953/982
f 967/967/983 1001/1001/983 1002/1002/983
f 954/954/984 988/988/984 989/989/984
f 968/968/985 1002/1002/985 1003/1003/985
f 954/954/986 990/990/986 955/955/986
f 968/968/987 1004/1004/987 969/969/987
f 956/956/988 990/990/988 991/991/988
f 943/943/989 277/277/989 978/978/989
f 969/969/990 1005/1005/990 970/970/990
f 956/956/991 992/992/991 957/957/991
f 943/943/992 979/979/992 944/944/992
f 970/970/993 1006/1006/993 971/971/993
f 958/958/994 992/992/994 993/993/994
f 944/944/995 980/980/995 945/945/995
f 972/972/996 1006/1006/996 1007/1007/996
f 958/958/997 994/994/997 959/959/997
f 945/945/998 981/981/998 946/946/998
f 973/973/999 1007/1007/999 1008/1008/999
f 960/960/1000 994/994/1000 995/995/1000
f 946/946/1001 982/982/1001 947/947/1001
f 973/973/1002 1009/1009/1002 974/974/1002
f 961/961/1003 995/995/1003 996/996/1003
f 947/947/1004 983/983/1004 948/948/1004
f 975/975/1005 1009/1009/1005 1010/1010/1005
f 961/961/1006 997/997/1006 962/962/1006
f 948/948/1007 984/984/1007 949/949/1007
f 975/975/1008 1011/1011/1008 976/976/1008
f 991/991/1009 1027/1027/1009 992/992/1009
f 979/979/1010 1013/1013/1010 1014/1014/1010
f 1006/1006/1011 1040/1040/1011 1041/1041/1011
f 993/993/1012 1027/1027/1012 1028/1028/1012
f 979/979/1013 1015/1015/1013 980/980/1013
f 1007/1007/1014 1041/1041/1014 1042/1042/1014
f 993/993/1015 1029/1029/1015 994/994/1015
f 980/980/1016 1016/1016/1016 981/981/1016
f 1008/1008/1017 1042/1042/1017 1043/1043/1017
f 995/995/1018 1029/1029/1018 1030/1030/1018
f 981/981/1019 1017/1017/1019 982/982/1019
f 1008/1008/1020 1044/1044/1020 1009/1009/1020
f 996/996/1021 1030/1030/1021 1031/1031/1021
f 982/982/1022 1018/1018/1022 983/983/1022
f 1010/1010/1023 1044/1044/1023 1045/1045/1023
f 996/996/1024 1032/1032/1024 997/997/1024
f 983/983/1025 1019/1019/1025 984/984/1025
f 1010/1010/1026 1046/1046/1026 1011/1011/1026
f 997/997/1027 1033/1033/1027 998/998/1027
f 984/984/1028 1020/1020/1028 985/985/1028
f 1012/1012/1029 1046/1046/1029 1047/1047/1029
f 999/999/1030 1033/1033/1030 1034/1034/1030
f 986/986/1031 1020/1020/1031 1021/1021/1031
f 31/31/1032 1012/1012/1032 1047/1047/1032
f 1000/1000/1033 1034/1034/1033 1035/1035/1033
f 986/986/1034 1022/1022/1034 987/987/1034
f 1000/1000/1035 1036/1036/1035 1001/1001/1035
f 987/987/1036 1023/1023/1036 988/988/1036
f 1002/1002/1037 1036/1036/1037 1037/1037/1037
f 989/989/1038 1023/1023/1038 1024/1024/1038
f 1003/1003/1039 1037/1037/1039 1038/1038/1039
f 989/989/1040 1025/1025/1040 990/990/1040
f 1003/1003/1041 1039/1039/1041 1004/1004/1041
f 991/991/1042 1025/1025/1042 1026/1026/1042
f 978/978/1043 277/277/1043 1013/1013/1043
f 1005/1005/1044 1039/1039/1044 1040/1040/1044
f 1021/1021/1045 1055/1055/1045 1056/1056/1045
f 31/31/1046 1047/1047/1046 1082/1082/1046
f 1035/1035/1047 1069/1069/1047 1070/1070/1047
f 1021/1021/1048 1057/1057/1048 1022/1022/1048
f 1035/1035/1049 1071/1071/1049 1036/1036/1049
f 1022/1022/1050 1058/1058/1050 1023/1023/1050
f 1037/1037/1051 1071/1071/1051 1072/1072/1051
f 1024/1024/1052 1058/1058/1052 1059/1059/1052
f 1038/1038/1053 1072/1072/1053 1073/1073/1053
f 1024/1024/1054 1060/1060/1054 1025/1025/1054
f 1038/1038/1055 1074/1074/1055 1039/1039/1055
f 1026/1026/1056 1060/1060/1056 1061/1061/1056
f 1013/1013/1057 277/277/1057 1048/1048/1057
f 1040/1040/1058 1074/1074/1058 1075/1075/1058
f 1026/1026/1059 1062/1062/1059 1027/1027/1059
f 1013/1013/1060 1049/1049/1060 1014/1014/1060
f 1041/1041/1061 1075/1075/1061 1076/1076/1061
f 1028/1028/1062 1062/1062/1062 1063/1063/1062
f 1014/1014/1063 1050/1050/1063 1015/1015/1063
f 1042/1042/1064 1076/1076/1064 1077/1077/1064
f 1028/1028/1065 1064/1064/1065 1029/1029/1065
f 1016/1016/1066 1050/1050/1066 1051/1051/1066
f 1043/1043/1067 1077/1077/1067 1078/1078/1067
f 1030/1030/1068 1064/1064/1068 1065/1065/1068
f 1016/1016/1069 1052/1052/1069 1017/1017/1069
f 1043/1043/1070 1079/1079/1070 1044/1044/1070
f 1031/1031/1071 1065/1065/1071 1066/1066/1071
f 1017/1017/1072 1053/1053/1072 1018/1018/1072
f 1045/1045/1073 1079/1079/1073 1080/1080/1073
f 1031/1031/1074 1067/1067/1074 1032/1032/1074
f 1018/1018/1075 1054/1054/1075 1019/1019/1075
f 1045/1045/1076 1081/1081/1076 1046/1046/1076
f 1032/1032/1077 1068/1068/1077 1033/1033/1077
f 1019/1019/1078 1055/1055/1078 1020/1020/1078
f 1046/1046/1079 1082/1082/1079 1047/1047/1079
f 1034/1034/1080 1068/1068/1080 1069/1069/1080
f 1049/1049/1081 1085/1085/1081 1050/1050/1081
f 1077/1077/1082 1111/1111/1082 1112/1112/1082
f 1063/1063/1083 1099/1099/1083 1064/1064/1083
f 1051/1051/1084 1085/1085/1084 1086/1086/1084
f 1078/1078/1085 1112/1112/1085 1113/1113/1085
f 1064/1064/1086 1100/1100/1086 1065/1065/1086
f 1051/1051/1087 1087/1087/1087 1052/1052/1087
f 1078/1078/1088 1114/1114/1088 1079/1079/1088
f 1066/1066/1089 1100/1100/1089 1101/1101/1089
f 1052/1052/1090 1088/1088/1090 1053/1053/1090
f 1080/1080/1091 1114/1114/1091 1115/1115/1091
f 1066/1066/1092 1102/1102/1092 1067/1067/1092
f 1053/1053/1093 1089/1089/1093 1054/1054/1093
f 1080/1080/1094 1116/1116/1094 1081/1081/1094
f 1067/1067/1095 1103/1103/1095 1068/1068/1095
f 1054/1054/1096 1090/1090/1096 1055/1055/1096
f 1081/1081/1097 1117/1117/1097 1082/1082/1097
f 1069/1069/1098 1103/1103/1098 1104/1104/1098
f 1056/1056/1099 1090/1090/1099 1091/1091/1099
f 31/31/1100 1082/1082/1100 1117/1117/1100
f 1070/1070/1101 1104/1104/1101 1105/1105/1101
f 1056/1056/1102 1092/1092/1102 1057/1057/1102
f 1070/1070/1103 1106/1106/1103 1071/1071/1103
f 1058/1058/1104 1092/1092/1104 1093/1093/1104
f 1072/1072/1105 1106/1106/1105 1107/1107/1105
f 1059/1059/1106 1093/1093/1106 1094/1094/1106
f 1073/1073/1107 1107/1107/1107 1108/1108/1107
f 1059/1059/1108 1095/1095/1108 1060/1060/1108
f 1073/1073/1109 1109/1109/1109 1074/1074/1109
f 1061/1061/1110 1095/1095/1110 1096/1096/1110
f 1048/1048/1111 277/277/1111 1083/1083/1111
f 1074/1074/1112 1110/1110/1112 1075/1075/1112
f 1061/1061/1113 1097/1097/1113 1062/1062/1113
f 1048/1048/1114 1084/1084/1114 1049/1049/1114
f 1076/1076/1115 1110/1110/1115 1111/1111/1115
f 1063/1063/1116 1097/1097/1116 1098/1098/1116
f 1105/1105/1117 1141/1141/1117 1106/1106/1117
f 1092/1092/1118 1128/1128/1118 1093/1093/1118
f 1107/1107/1119 1141/1141/1119 1142/1142/1119
f 1094/1094/1120 1128/1128/1120 1129/1129/1120
f 1108/1108/1121 1142/1142/1121 1143/1143/1121
f 1094/1094/1122 1130/1130/1122 1095/1095/1122
f 1108/1108/1123 1144/1144/1123 1109/1109/1123
f 1096/1096/1124 1130/1130/1124 1131/1131/1124
f 1083/1083/1125 277/277/1125 1118/1118/1125
f 1109/1109/1126 1145/1145/1126 1110/1110/1126
f 1096/1096/1127 1132/1132/1127 1097/1097/1127
f 1083/1083/1128 1119/1119/1128 1084/1084/1128
f 1111/1111/1129 1145/1145/1129 1146/1146/1129
f 1098/1098/1130 1132/1132/1130 1133/1133/1130
f 1084/1084/1131 1120/1120/1131 1085/1085/1131
f 1111/1111/1132 1147/1147/1132 1112/1112/1132
f 1098/1098/1133 1134/1134/1133 1099/1099/1133
f 1085/1085/1134 1121/1121/1134 1086/1086/1134
f 1113/1113/1135 1147/1147/1135 1148/1148/1135
f 1099/1099/1136 1135/1135/1136 1100/1100/1136
f 1086/1086/1137 1122/1122/1137 1087/1087/1137
f 1113/1113/1138 1149/1149/1138 1114/1114/1138
f 1101/1101/1139 1135/1135/1139 1136/1136/1139
f 1087/1087/1140 1123/1123/1140 1088/1088/1140
f 1115/1115/1141 1149/1149/1141 1150/1150/1141
f 1102/1102/1142 1136/1136/1142 1137/1137/1142
f 1088/1088/1143 1124/1124/1143 1089/1089/1143
f 1115/1115/1144 1151/1151/1144 1116/1116/1144
f 1102/1102/1145 1138/1138/1145 1103/1103/1145
f 1089/1089/1146 1125/1125/1146 1090/1090/1146
f 1116/1116/1147 1152/1152/1147 1117/1117/1147
f 1104/1104/1148 1138/1138/1148 1139/1139/1148
f 1091/1091/1149 1125/1125/1149 1126/1126/1149
f 31/31/1150 1117/1117/1150 1152/1152/1150
f 1105/1105/1151 1139/1139/1151 1140/1140/1151
f 1091/1091/1152 1127/1127/1152 1092/1092/1152
f 1134/1134/1153 1170/1170/1153 1135/1135/1153
f 1121/1121/1154 1157/1157/1154 1122/1122/1154
f 1148/1148/1155 1184/1184/1155 1149/1149/1155
f 1136/1136/1156 1170/1170/1156 1171/1171/1156
f 1122/1122/1157 1158/1158/1157 1123/1123/1157
f 1150/1150/1158 1184/1184/1158 1185/1185/1158
f 1137/1137/1159 1171/1171/1159 1172/1172/1159
f 1123/1123/1160 1159/1159/1160 1124/1124/1160
f 1150/1150/1161 1186/1186/1161 1151/1151/1161
f 1137/1137/1162 1173/1173/1162 1138/1138/1162
f 1124/1124/1163 1160/1160/1163 1125/1125/1163
f 1151/1151/1164 1187/1187/1164 1152/1152/1164
f 1139/1139/1165 1173/1173/1165 1174/1174/1165
f 1126/1126/1166 1160/1160/1166 1161/1161/1166
f 31/31/1167 1152/1152/1167 1187/1187/1167
f 1140/1140/1168 1174/1174/1168 1175/1175/1168
f 1126/1126/1169 1162/1162/1169 1127/1127/1169
f 1140/1140/1170 1176/1176/1170 1141/1141/1170
f 1127/1127/1171 1163/1163/1171 1128/1128/1171
f 1142/1142/1172 1176/1176/1172 1177/1177/1172
f 1129/1129/1173 1163/1163/1173 1164/1164/1173
f 1143/1143/1174 1177/1177/1174 1178/1178/1174
f 1129/1129/1175 1165/1165/1175 1130/1130/1175
f 1143/1143/1176 1179/1179/1176 1144/1144/1176
f 1131/1131/1177 1165/1165/1177 1166/1166/1177
f 1118/1118/1178 277/277/1178 1153/1153/1178
f 1145/1145/1179 1179/1179/1179 1180/1180/1179
f 1131/1131/1180 1167/1167/1180 1132/1132/1180
f 1118/1118/1181 1154/1154/1181 1119/1119/1181
f 1146/1146/1182 1180/1180/1182 1181/1181/1182
f 1133/1133/1183 1167/1167/1183 1168/1168/1183
f 1119/1119/1184 1155/1155/1184 1120/1120/1184
f 1146/1146/1185 1182/1182/1185 1147/1147/1185
f 1133/1133/1186 1169/1169/1186 1134/1134/1186
f 1120/1120/1187 1156/1156/1187 1121/1121/1187
f 1148/1148/1188 1182/1182/1188 1183/1183/1188
f 1164/1164/1189 1198/1198/1189 1199/1199/1189
f 1178/1178/1190 1212/1212/1190 1213/1213/1190
f 1164/1164/1191 1200/1200/1191 1165/1165/1191
f 1178/1178/1192 1214/1214/1192 1179/1179/1192
f 1166/1166/1193 1200/1200/1193 1201/1201/1193
f 1153/1153/1194 277/277/1194 1188/1188/1194
f 1180/1180/1195 1214/1214/1195 1215/1215/1195
f 1166/1166/1196 1202/1202/1196 1167/1167/1196
f 1153/1153/1197 1189/1189/1197 1154/1154/1197
f 1180/1180/1198 1216/1216/1198 1181/1181/1198
f 1168/1168/1199 1202/1202/1199 1203/1203/1199
f 1154/1154/1200 1190/1190/1200 1155/1155/1200
f 1181/1181/1201 1217/1217/1201 1182/1182/1201
f 1168/1168/1202 1204/1204/1202 1169/1169/1202
f 1156/1156/1203 1190/1190/1203 1191/1191/1203
f 1183/1183/1204 1217/1217/1204 1218/1218/1204
f 1169/1169/1205 1205/1205/1205 1170/1170/1205
f 1157/1157/1206 1191/1191/1206 1192/1192/1206
f 1183/1183/1207 1219/1219/1207 1184/1184/1207
f 1171/1171/1208 1205/1205/1208 1206/1206/1208
f 1157/1157/1209 1193/1193/1209 1158/1158/1209
f 1185/1185/1210 1219/1219/1210 1220/1220/1210
f 1171/1171/1211 1207/1207/1211 1172/1172/1211
f 1158/1158/1212 1194/1194/1212 1159/1159/1212
f 1185/1185/1213 1221/1221/1213 1186/1186/1213
f 1172/1172/1214 1208/1208/1214 1173/1173/1214
f 1159/1159/1215 1195/1195/1215 1160/1160/1215
f 1187/1187/1216 1221/1221/1216 1222/1222/1216
f 1174/1174/1217 1208/1208/1217 1209/1209/1217
f 1161/1161/1218 1195/1195/1218 1196/1196/1218
f 31/31/1219 1187/1187/1219 1222/1222/1219
f 1175/1175/1220 1209/1209/1220 1210/1210/1220
f 1161/1161/1221 1197/1197/1221 1162/1162/1221
f 1175/1175/1222 1211/1211/1222 1176/1176/1222
f 1162/1162/1223 1198/1198/1223 1163/1163/1223
f 1177/1177/1224 1211/1211/1224 1212/1212/1224
f 1192/1192/1225 1228/1228/1225 1193/1193/1225
f 1220/1220/1226 1254/1254/1226 1255/1255/1226
f 1207/1207/1227 1241/1241/1227 1242/1242/1227
f 1193/1193/1228 1229/1229/1228 1194/1194/1228
f 1221/1221/1229 1255/1255/1229 1256/1256/1229
f 1207/1207/1230 1243/1243/1230 1208/1208/1230
f 1194/1194/1231 1230/1230/1231 1195/1195/1231
f 1221/1221/1232 1257/1257/1232 1222/1222/1232
f 1209/1209/1233 1243/1243/1233 1244/1244/1233
f 1196/1196/1234 1230/1230/1234 1231/1231/1234
f 31/31/1235 1222/1222/1235 1257/1257/1235
f 1210/1210/1236 1244/1244/1236 1245/1245/1236
f 1196/1196/1237 1232/1232/1237 1197/1197/1237
f 1210/1210/1238 1246/1246/1238 1211/1211/1238
f 1197/1197/1239 1233/1233/1239 1198/1198/1239
f 1212/1212/1240 1246/1246/1240 1247/1247/1240
f 1199/1199/1241 1233/1233/1241 1234/1234/1241
f 1213/1213/1242 1247/1247/1242 1248/1248/1242
f 1199/1199/1243 1235/1235/1243 1200/1200/1243
f 1213/1213/1244 1249/1249/1244 1214/1214/1244
f 1201/1201/1245 1235/1235/1245 1236/1236/1245
f 1188/1188/1246 277/277/1246 1223/1223/1246
f 1215/1215/1247 1249/1249/1247 1250/1250/1247
f 1201/1201/1248 1237/1237/1248 1202/1202/1248
f 1188/1188/1249 1224/1224/1249 1189/1189/1249
f 1215/1215/1250 1251/1251/1250 1216/1216/1250
f 1203/1203/1251 1237/1237/1251 1238/1238/1251
f 1189/1189/1252 1225/1225/1252 1190/1190/1252
f 1216/1216/1253 1252/1252/1253 1217/1217/1253
f 1203/1203/1254 1239/1239/1254 1204/1204/1254
f 1191/1191/1255 1225/1225/1255 1226/1226/1255
f 1218/1218/1256 1252/1252/1256 1253/1253/1256
f 1204/1204/1257 1240/1240/1257 1205/1205/1257
f 1191/1191/1258 1227/1227/1258 1192/1192/1258
f 1218/1218/1259 1254/1254/1259 1219/1219/1259
f 1206/1206/1260 1240/1240/1260 1241/1241/1260
f 1248/1248/1261 22/22/1261 1249/1249/1261
f 1236/1236/1262 10/10/1262 11/11/1262
f 1223/1223/1263 277/277/1263 1/1/1263
f 1249/1249/1264 23/23/1264 1250/1250/1264
f 1236/1236/1265 1261/1261/1265 1237/1237/1265
f 1224/1224/1266 1/1/1266 2/2/1266
f 1250/1250/1267 24/24/1267 1251/1251/1267
f 1238/1238/1268 1261/1261/1268 12/12/1268
f 1225/1225/1269 2/2/1269 1258/1258/1269
f 1251/1251/1270 25/25/1270 1252/1252/1270
f 1238/1238/1271 13/13/1271 1239/1239/1271
f 1226/1226/1272 1258/1258/1272 3/3/1272
f 1252/1252/1273 26/26/1273 1253/1253/1273
f 1240/1240/1274 13/13/1274 1262/1262/1274
f 1227/1227/1275 3/3/1275 1259/1259/1275
f 1253/1253/1276 27/27/1276 1254/1254/1276
f 1240/1240/1277 14/14/1277 1241/1241/1277
f 1228/1228/1278 1259/1259/1278 4/4/1278
f 1254/1254/1279 28/28/1279 1255/1255/1279
f 1241/1241/1280 15/15/1280 1242/1242/1280
f 1229/1229/1281 4/4/1281 5/5/1281
f 1255/1255/1282 29/29/1282 1256/1256/1282
f 1242/1242/1283 16/16/1283 1243/1243/1283
f 1230/1230/1284 5/5/1284 1260/1260/1284
f 1256/1256/1285 30/30/1285 1257/1257/1285
f 1243/1243/1286 17/17/1286 1244/1244/1286
f 1231/1231/1287 1260/1260/1287 6/6/1287
f 31/31/1288 1257/1257/1288 30/30/1288
f 1244/1244/1289 18/18/1289 1245/1245/1289
f 1232/1232/1290 6/6/1290 7/7/1290
f 1245/1245/1291 19/19/1291 1246/1246/1291
f 1233/1233/1292 7/7/1292 8/8/1292
f 1246/1246/1293 20/20/1293 1247/1247/1293
f 1234/1234/1294 8/8/1294 9/9/1294
f 1247/1247/1295 21/21/1295 1248/1248/1295
f 1235/1235/1296 9/9/1296 10/10/1296
f 1261/1261/1297 11/11/1297 45/45/1297
f 1/1/2 32/32/2 33/33/2
f 23/23/3 59/59/3 60/60/3
f 1261/1261/4 46/46/4 47/47/4
f 1258/1258/5 2/2/5 33/33/5
f 25/25/6 24/24/6 60/60/6
f 12/12/7 47/47/7 48/48/7
f 3/3/8 1258/1258/8 34/34/8
f 25/25/9 61/61/9 62/62/9
f 1262/1262/1298 13/13/1298 48/48/1298
f 1259/1259/11 3/3/11 35/35/11
f 26/26/12 62/62/12 63/63/12
f 1262/1262/1299 49/49/1299 50/50/1299
f 4/4/14 1259/1259/14 36/36/14
f 27/27/15 63/63/15 64/64/15
f 14/14/16 50/50/16 51/51/16
f 4/4/17 37/37/17 38/38/17
f 29/29/18 28/28/18 64/64/18
f 15/15/19 51/51/19 52/52/19
f 1260/1260/20 5/5/20 38/38/20
f 29/29/21 65/65/21 66/66/21
f 17/17/22 16/16/22 52/52/22
f 6/6/23 1260/1260/23 39/39/23
f 18/18/25 17/17/25 53/53/25
f 6/6/26 40/40/26 41/41/26
f 18/18/27 54/54/27 55/55/27
f 7/7/28 41/41/28 42/42/28
f 19/19/29 55/55/29 56/56/29
f 8/8/30 42/42/30 43/43/30
f 21/21/31 20/20/31 56/56/31
f 9/9/32 43/43/32 44/44/32
f 22/22/33 21/21/33 57/57/33
f 11/11/34 10/10/34 44/44/34
f 22/22/36 58/58/36 59/59/36
f 36/36/37 71/71/37 72/72/37
f 63/63/38 98/98/38 99/99/38
f 50/50/39 85/85/39 86/86/39
f 37/37/40 72/72/40 73/73/40
f 64/64/41 99/99/41 100/100/41
f 51/51/42 86/86/42 87/87/42
f 38/38/43 73/73/43 74/74/43
f 66/66/1300 65/65/1300 100/100/1300
f 52/52/45 87/87/45 88/88/45
f 39/39/46 74/74/46 75/75/46
f 54/54/48 53/53/48 88/88/48
f 40/40/49 75/75/49 76/76/49
f 54/54/50 89/89/50 90/90/50
f 41/41/51 76/76/51 77/77/51
f 55/55/52 90/90/52 91/91/52
f 42/42/53 77/77/53 78/78/53
f 57/57/54 56/56/54 91/91/54
f 43/43/55 78/78/55 79/79/55
f 58/58/56 57/57/56 92/92/56
f 44/44/57 79/79/57 80/80/57
f 59/59/59 58/58/59 93/93/59
f 46/46/60 45/45/60 80/80/60
f 32/32/61 67/67/61 68/68/61
f 59/59/62 94/94/62 95/95/62
f 46/46/63 81/81/63 82/82/63
f 33/33/64 68/68/64 69/69/64
f 60/60/65 95/95/65 96/96/65
f 47/47/66 82/82/66 83/83/66
f 34/34/67 69/69/67 70/70/67
f 62/62/68 61/61/68 96/96/68
f 48/48/69 83/83/69 84/84/69
f 35/35/70 70/70/70 71/71/70
f 63/63/71 62/62/71 97/97/71
f 50/50/72 49/49/72 84/84/72
f 92/92/73 127/127/73 128/128/73
f 79/79/74 114/114/74 115/115/74
f 93/93/76 128/128/76 129/129/76
f 81/81/77 80/80/77 115/115/77
f 68/68/78 67/67/78 102/102/78
f 95/95/79 94/94/79 129/129/79
f 81/81/80 116/116/80 117/117/80
f 68/68/81 103/103/81 104/104/81
f 96/96/82 95/95/82 130/130/82
f 83/83/83 82/82/83 117/117/83
f 69/69/84 104/104/84 105/105/84
f 96/96/85 131/131/85 132/132/85
f 84/84/86 83/83/86 118/118/86
f 70/70/87 105/105/87 106/106/87
f 98/98/88 97/97/88 132/132/88
f 84/84/89 119/119/89 120/120/89
f 71/71/90 106/106/90 107/107/90
f 98/98/91 133/133/91 134/134/91
f 86/86/92 85/85/92 120/120/92
f 72/72/93 107/107/93 108/108/93
f 99/99/94 134/134/94 135/135/94
f 87/87/95 86/86/95 121/121/95
f 73/73/96 108/108/96 109/109/96
f 100/100/97 135/135/97 136/136/97
f 87/87/98 122/122/98 123/123/98
f 75/75/99 74/74/99 109/109/99
f 89/89/101 88/88/101 123/123/101
f 75/75/102 110/110/102 111/111/102
f 89/89/103 124/124/103 125/125/103
f 76/76/104 111/111/104 112/112/104
f 90/90/105 125/125/105 126/126/105
f 77/77/106 112/112/106 113/113/106
f 91/91/107 126/126/107 127/127/107
f 78/78/108 113/113/108 114/114/108
f 135/135/109 134/134/109 169/169/109
f 121/121/110 156/156/110 157/157/110
f 108/108/111 143/143/111 144/144/111
f 136/136/112 135/135/112 170/170/112
f 122/122/113 157/157/113 158/158/113
f 110/110/114 109/109/114 144/144/114
f 124/124/116 123/123/116 158/158/116
f 110/110/117 145/145/117 146/146/117
f 124/124/118 159/159/118 160/160/118
f 111/111/119 146/146/119 147/147/119
f 125/125/120 160/160/120 161/161/120
f 113/113/121 112/112/121 147/147/121
f 127/127/122 126/126/122 161/161/122
f 113/113/123 148/148/123 149/149/123
f 127/127/124 162/162/124 163/163/124
f 115/115/125 114/114/125 149/149/125
f 128/128/127 163/163/127 164/164/127
f 115/115/128 150/150/128 151/151/128
f 103/103/129 102/102/129 137/137/129
f 129/129/130 164/164/130 165/165/130
f 116/116/131 151/151/131 152/152/131
f 103/103/132 138/138/132 139/139/132
f 130/130/133 165/165/133 166/166/133
f 117/117/134 152/152/134 153/153/134
f 104/104/135 139/139/135 140/140/135
f 131/131/136 166/166/136 167/167/136
f 118/118/137 153/153/137 154/154/137
f 105/105/138 140/140/138 141/141/138
f 132/132/139 167/167/139 168/168/139
f 119/119/140 154/154/140 155/155/140
f 106/106/141 141/141/141 142/142/141
f 134/134/142 133/133/142 168/168/142
f 120/120/143 155/155/143 156/156/143
f 107/107/144 142/142/144 143/143/144
f 164/164/145 163/163/145 198/198/145
f 150/150/146 185/185/146 186/186/146
f 138/138/147 137/137/147 172/172/147
f 165/165/148 164/164/148 199/199/148
f 152/152/149 151/151/149 186/186/149
f 138/138/150 173/173/150 174/174/150
f 166/166/151 165/165/151 200/200/151
f 153/153/152 152/152/152 187/187/152
f 139/139/153 174/174/153 175/175/153
f 166/166/154 201/201/154 202/202/154
f 153/153/155 188/188/155 189/189/155
f 141/141/156 140/140/156 175/175/156
f 167/167/157 202/202/157 203/203/157
f 154/154/158 189/189/158 190/190/158
f 141/141/159 176/176/159 177/177/159
f 169/169/160 168/168/160 203/203/160
f 155/155/161 190/190/161 191/191/161
f 142/142/162 177/177/162 178/178/162
f 170/170/163 169/169/163 204/204/163
f 156/156/164 191/191/164 192/192/164
f 143/143/165 178/178/165 179/179/165
f 170/170/166 205/205/166 206/206/166
f 157/157/167 192/192/167 193/193/167
f 145/145/168 144/144/168 179/179/168
f 159/159/170 158/158/170 193/193/170
f 146/146/171 145/145/171 180/180/171
f 159/159/172 194/194/172 195/195/172
f 146/146/173 181/181/173 182/182/173
f 160/160/174 195/195/174 196/196/174
f 148/148/175 147/147/175 182/182/175
f 162/162/176 161/161/176 196/196/176
f 148/148/177 183/183/177 184/184/177
f 162/162/178 197/197/178 198/198/178
f 149/149/179 184/184/179 185/185/179
f 192/192/181 227/227/181 228/228/181
f 180/180/182 179/179/182 214/214/182
f 194/194/184 193/193/184 228/228/184
f 180/180/185 215/215/185 216/216/185
f 194/194/186 229/229/186 230/230/186
f 181/181/187 216/216/187 217/217/187
f 195/195/188 230/230/188 231/231/188
f 183/183/189 182/182/189 217/217/189
f 197/197/190 196/196/190 231/231/190
f 183/183/191 218/218/191 219/219/191
f 197/197/192 232/232/192 233/233/192
f 184/184/193 219/219/193 220/220/193
f 198/198/195 233/233/195 234/234/195
f 185/185/196 220/220/196 221/221/196
f 172/172/197 207/207/197 208/208/197
f 200/200/198 199/199/198 234/234/198
f 186/186/199 221/221/199 222/222/199
f 173/173/200 208/208/200 209/209/200
f 201/201/201 200/200/201 235/235/201
f 187/187/202 222/222/202 223/223/202
f 174/174/203 209/209/203 210/210/203
f 201/201/204 236/236/204 237/237/204
f 188/188/205 223/223/205 224/224/205
f 175/175/206 210/210/206 211/211/206
f 202/202/207 237/237/207 238/238/207
f 190/190/208 189/189/208 224/224/208
f 176/176/209 211/211/209 212/212/209
f 204/204/210 203/203/210 238/238/210
f 190/190/211 225/225/211 226/226/211
f 177/177/212 212/212/212 213/213/212
f 205/205/213 204/204/213 239/239/213
f 191/191/214 226/226/214 227/227/214
f 178/178/215 213/213/215 214/214/215
f 206/206/1301 205/205/1301 240/240/1301
f 222/222/217 221/221/217 256/256/217
f 208/208/218 243/243/218 244/244/218
f 236/236/219 235/235/219 270/270/219
f 222/222/220 257/257/220 258/258/220
f 209/209/221 244/244/221 245/245/221
f 236/236/222 271/271/222 272/272/222
f 223/223/223 258/258/223 259/259/223
f 211/211/224 210/210/224 245/245/224
f 237/237/225 272/272/225 273/273/225
f 225/225/226 224/224/226 259/259/226
f 212/212/227 211/211/227 246/246/227
f 238/238/228 273/273/228 274/274/228
f 226/226/229 225/225/229 260/260/229
f 212/212/230 247/247/230 248/248/230
f 240/240/231 239/239/231 274/274/231
f 226/226/232 261/261/232 262/262/232
f 213/213/1302 248/248/1302 249/249/1302
f 240/240/234 275/275/234 276/276/234
f 227/227/235 262/262/235 263/263/235
f 215/215/236 214/214/236 249/249/236
f 229/229/238 228/228/238 263/263/238
f 215/215/239 250/250/239 251/251/239
f 230/230/240 229/229/240 264/264/240
f 216/216/241 251/251/241 252/252/241
f 230/230/242 265/265/242 266/266/242
f 218/218/243 217/217/243 252/252/243
f 232/232/244 231/231/244 266/266/244
f 218/218/245 253/253/245 254/254/245
f 232/232/246 267/267/246 268/268/246
f 219/219/247 254/254/247 255/255/247
f 233/233/249 268/268/249 269/269/249
f 220/220/250 255/255/250 256/256/250
f 208/208/251 207/207/251 242/242/251
f 235/235/252 234/234/252 269/269/252
f 250/250/253 286/286/253 287/287/253
f 264/264/254 300/300/254 301/301/254
f 251/251/255 287/287/255 288/288/255
f 265/265/256 301/301/256 302/302/256
f 253/253/257 252/252/257 288/288/257
f 267/267/258 266/266/258 302/302/258
f 253/253/259 289/289/259 290/290/259
f 267/267/260 303/303/260 304/304/260
f 255/255/261 254/254/261 290/290/261
f 268/268/263 304/304/263 305/305/263
f 255/255/264 291/291/264 292/292/264
f 243/243/265 242/242/265 278/278/265
f 270/270/266 269/269/266 305/305/266
f 256/256/267 292/292/267 293/293/267
f 244/244/268 243/243/268 279/279/268
f 270/270/269 306/306/269 307/307/269
f 257/257/270 293/293/270 294/294/270
f 245/245/271 244/244/271 280/280/271
f 271/271/272 307/307/272 308/308/272
f 258/258/273 294/294/273 295/295/273
f 246/246/274 245/245/274 281/281/274
f 272/272/275 308/308/275 309/309/275
f 260/260/276 259/259/276 295/295/276
f 246/246/277 282/282/277 283/283/277
f 274/274/278 273/273/278 309/309/278
f 261/261/279 260/260/279 296/296/279
f 248/248/280 247/247/280 283/283/280
f 275/275/281 274/274/281 310/310/281
f 261/261/282 297/297/282 298/298/282
f 248/248/283 284/284/283 285/285/283
f 275/275/284 311/311/284 312/312/284
f 262/262/285 298/298/285 299/299/285
f 250/250/286 249/249/286 285/285/286
f 264/264/288 263/263/288 299/299/288
f 280/280/289 315/315/289 316/316/289
f 307/307/290 342/342/290 343/343/290
f 294/294/291 329/329/291 330/330/291
f 282/282/292 281/281/292 316/316/292
f 308/308/293 343/343/293 344/344/293
f 296/296/294 295/295/294 330/330/294
f 282/282/295 317/317/295 318/318/295
f 309/309/296 344/344/296 345/345/296
f 296/296/297 331/331/297 332/332/297
f 284/284/298 283/283/298 318/318/298
f 311/311/299 310/310/299 345/345/299
f 297/297/300 332/332/300 333/333/300
f 284/284/301 319/319/301 320/320/301
f 312/312/302 311/311/302 346/346/302
f 298/298/303 333/333/303 334/334/303
f 286/286/304 285/285/304 320/320/304
f 300/300/306 299/299/306 334/334/306
f 286/286/307 321/321/307 322/322/307
f 300/300/308 335/335/308 336/336/308
f 287/287/309 322/322/309 323/323/309
f 302/302/310 301/301/310 336/336/310
f 289/289/311 288/288/311 323/323/311
f 303/303/312 302/302/312 337/337/312
f 289/289/313 324/324/313 325/325/313
f 303/303/314 338/338/314 339/339/314
f 291/291/315 290/290/315 325/325/315
f 304/304/317 339/339/317 340/340/317
f 291/291/318 326/326/318 327/327/318
f 278/278/319 313/313/319 314/314/319
f 306/306/320 305/305/320 340/340/320
f 293/293/321 292/292/321 327/327/321
f 279/279/322 314/314/322 315/315/322
f 306/306/323 341/341/323 342/342/323
f 294/294/324 293/293/324 328/328/324
f 337/337/325 336/336/325 371/371/325
f 324/324/326 323/323/326 358/358/326
f 338/338/327 337/337/327 372/372/327
f 324/324/328 359/359/328 360/360/328
f 338/338/329 373/373/329 374/374/329
f 326/326/330 325/325/330 360/360/330
f 339/339/332 374/374/332 375/375/332
f 326/326/333 361/361/333 362/362/333
f 313/313/334 348/348/334 349/349/334
f 341/341/335 340/340/335 375/375/335
f 328/328/336 327/327/336 362/362/336
f 314/314/337 349/349/337 350/350/337
f 341/341/338 376/376/338 377/377/338
f 329/329/339 328/328/339 363/363/339
f 316/316/340 315/315/340 350/350/340
f 342/342/341 377/377/341 378/378/341
f 329/329/342 364/364/342 365/365/342
f 317/317/343 316/316/343 351/351/343
f 343/343/344 378/378/344 379/379/344
f 331/331/345 330/330/345 365/365/345
f 318/318/346 317/317/346 352/352/346
f 345/345/347 344/344/347 379/379/347
f 332/332/348 331/331/348 366/366/348
f 319/319/349 318/318/349 353/353/349
f 345/345/350 380/380/350 381/381/350
f 332/332/351 367/367/351 368/368/351
f 319/319/352 354/354/352 355/355/352
f 346/346/353 381/381/353 382/382/353
f 333/333/354 368/368/354 369/369/354
f 321/321/355 320/320/355 355/355/355
f 335/335/357 334/334/357 369/369/357
f 321/321/358 356/356/358 357/357/358
f 335/335/359 370/370/359 371/371/359
f 322/322/360 357/357/360 358/358/360
f 366/366/361 365/365/361 400/400/361
f 352/352/362 387/387/362 388/388/362
f 380/380/363 379/379/363 414/414/363
f 366/366/364 401/401/364 402/402/364
f 353/353/365 388/388/365 389/389/365
f 381/381/366 380/380/366 415/415/366
f 367/367/367 402/402/367 403/403/367
f 354/354/368 389/389/368 390/390/368
f 382/382/369 381/381/369 416/416/369
f 368/368/370 403/403/370 404/404/370
f 356/356/371 355/355/371 390/390/371
f 370/370/373 369/369/373 404/404/373
f 356/356/374 391/391/374 392/392/374
f 370/370/375 405/405/375 406/406/375
f 357/357/376 392/392/376 393/393/376
f 372/372/377 371/371/377 406/406/377
f 359/359/378 358/358/378 393/393/378
f 373/373/379 372/372/379 407/407/379
f 359/359/380 394/394/380 395/395/380
f 373/373/381 408/408/381 409/409/381
f 361/361/382 360/360/382 395/395/382
f 374/374/384 409/409/384 410/410/384
f 361/361/385 396/396/385 397/397/385
f 348/348/386 383/383/386 384/384/386
f 376/376/387 375/375/387 410/410/387
f 362/362/388 397/397/388 398/398/388
f 349/349/389 384/384/389 385/385/389
f 376/376/390 411/411/390 412/412/390
f 364/364/391 363/363/391 398/398/391
f 351/351/392 350/350/392 385/385/392
f 378/378/393 377/377/393 412/412/393
f 364/364/394 399/399/394 400/400/394
f 351/351/395 386/386/395 387/387/395
f 378/378/396 413/413/396 414/414/396
f 394/394/397 429/429/397 430/430/397
f 408/408/398 443/443/398 444/444/398
f 396/396/399 395/395/399 430/430/399
f 409/409/401 444/444/401 445/445/401
f 396/396/402 431/431/402 432/432/402
f 383/383/403 418/418/403 419/419/403
f 411/411/404 410/410/404 445/445/404
f 397/397/405 432/432/405 433/433/405
f 384/384/406 419/419/406 420/420/406
f 411/411/407 446/446/407 447/447/407
f 399/399/408 398/398/408 433/433/408
f 386/386/409 385/385/409 420/420/409
f 412/412/410 447/447/410 448/448/410
f 399/399/411 434/434/411 435/435/411
f 386/386/412 421/421/412 422/422/412
f 413/413/413 448/448/413 449/449/413
f 401/401/414 400/400/414 435/435/414
f 387/387/415 422/422/415 423/423/415
f 415/415/416 414/414/416 449/449/416
f 401/401/417 436/436/417 437/437/417
f 388/388/418 423/423/418 424/424/418
f 415/415/419 450/450/419 451/451/419
f 403/403/420 402/402/420 437/437/420
f 389/389/421 424/424/421 425/425/421
f 416/416/422 451/451/422 452/452/422
f 403/403/423 438/438/423 439/439/423
f 391/391/424 390/390/424 425/425/424
f 405/405/426 404/404/426 439/439/426
f 391/391/427 426/426/427 427/427/427
f 405/405/428 440/440/428 441/441/428
f 392/392/429 427/427/429 428/428/429
f 407/407/430 406/406/430 441/441/430
f 394/394/431 393/393/431 428/428/431
f 408/408/432 407/407/432 442/442/432
f 423/423/433 458/458/433 459/459/433
f 450/450/434 485/485/434 486/486/434
f 437/437/435 472/472/435 473/473/435
f 424/424/436 459/459/436 460/460/436
f 451/451/1303 486/486/1303 487/487/1303
f 439/439/438 438/438/438 473/473/438
f 426/426/439 425/425/439 460/460/439
f 440/440/441 439/439/441 474/474/441
f 426/426/442 461/461/442 462/462/442
f 440/440/443 475/475/443 476/476/443
f 427/427/444 462/462/444 463/463/444
f 442/442/445 441/441/445 476/476/445
f 429/429/446 428/428/446 463/463/446
f 443/443/447 442/442/447 477/477/447
f 429/429/448 464/464/448 465/465/448
f 443/443/449 478/478/449 479/479/449
f 431/431/450 430/430/450 465/465/450
f 444/444/452 479/479/452 480/480/452
f 431/431/453 466/466/453 467/467/453
f 418/418/454 453/453/454 454/454/454
f 446/446/455 445/445/455 480/480/455
f 432/432/456 467/467/456 468/468/456
f 419/419/457 454/454/457 455/455/457
f 446/446/458 481/481/458 482/482/458
f 434/434/459 433/433/459 468/468/459
f 420/420/460 455/455/460 456/456/460
f 448/448/461 447/447/461 482/482/461
f 434/434/462 469/469/462 470/470/462
f 422/422/463 421/421/463 456/456/463
f 448/448/464 483/483/464 484/484/464
f 436/436/465 435/435/465 470/470/465
f 422/422/466 457/457/466 458/458/466
f 450/450/467 449/449/467 484/484/467
f 436/436/468 471/471/468 472/472/468
f 480/480/470 479/479/470 514/514/470
f 466/466/471 501/501/471 502/502/471
f 453/453/472 488/488/472 489/489/472
f 481/481/473 480/480/473 515/515/473
f 467/467/474 502/502/474 503/503/474
f 454/454/475 489/489/475 490/490/475
f 481/481/476 516/516/476 517/517/476
f 468/468/477 503/503/477 504/504/477
f 455/455/478 490/490/478 491/491/478
f 483/483/479 482/482/479 517/517/479
f 469/469/480 504/504/480 505/505/480
f 457/457/481 456/456/481 491/491/481
f 483/483/482 518/518/482 519/519/482
f 471/471/483 470/470/483 505/505/483
f 458/458/484 457/457/484 492/492/484
f 485/485/485 484/484/485 519/519/485
f 471/471/486 506/506/486 507/507/486
f 458/458/487 493/493/487 494/494/487
f 485/485/488 520/520/488 521/521/488
f 472/472/489 507/507/489 508/508/489
f 459/459/490 494/494/490 495/495/490
f 486/486/491 521/521/491 522/522/491
f 474/474/492 473/473/492 508/508/492
f 461/461/493 460/460/493 495/495/493
f 475/475/495 474/474/495 509/509/495
f 461/461/496 496/496/496 497/497/496
f 475/475/497 510/510/497 511/511/497
f 462/462/498 497/497/498 498/498/498
f 477/477/499 476/476/499 511/511/499
f 464/464/500 463/463/500 498/498/500
f 478/478/501 477/477/501 512/512/501
f 464/464/502 499/499/502 500/500/502
f 478/478/503 513/513/503 514/514/503
f 466/466/504 465/465/504 500/500/504
f 521/521/505 556/556/505 557/557/505
f 509/509/506 508/508/506 543/543/506
f 496/496/507 495/495/507 530/530/507
f 510/510/509 509/509/509 544/544/509
f 496/496/510 531/531/510 532/532/510
f 510/510/511 545/545/511 546/546/511
f 497/497/512 532/532/512 533/533/512
f 512/512/513 511/511/513 546/546/513
f 499/499/514 498/498/514 533/533/514
f 513/513/515 512/512/515 547/547/515
f 499/499/516 534/534/516 535/535/516
f 513/513/517 548/548/517 549/549/517
f 500/500/518 535/535/518 536/536/518
f 514/514/520 549/549/520 550/550/520
f 501/501/521 536/536/521 537/537/521
f 488/488/522 523/523/522 524/524/522
f 516/516/523 515/515/523 550/550/523
f 502/502/524 537/537/524 538/538/524
f 489/489/525 524/524/525 525/525/525
f 516/516/526 551/551/526 552/552/526
f 503/503/527 538/538/527 539/539/527
f 490/490/528 525/525/528 526/526/528
f 517/517/529 552/552/529 553/553/529
f 504/504/530 539/539/530 540/540/530
f 492/492/531 491/491/531 526/526/531
f 518/518/532 553/553/532 554/554/532
f 506/506/533 505/505/533 540/540/533
f 492/492/534 527/527/534 528/528/534
f 519/519/535 554/554/535 555/555/535
f 507/507/536 506/506/536 541/541/536
f 493/493/537 528/528/537 529/529/537
f 520/520/538 555/555/538 556/556/538
f 507/507/539 542/542/539 543/543/539
f 494/494/540 529/529/540 530/530/540
f 551/551/1304 550/550/1304 585/585/1304
f 537/537/542 572/572/542 573/573/542
f 524/524/543 559/559/543 560/560/543
f 551/551/544 586/586/544 587/587/544
f 538/538/545 573/573/545 574/574/545
f 525/525/546 560/560/546 561/561/546
f 552/552/547 587/587/547 588/588/547
f 539/539/548 574/574/548 575/575/548
f 526/526/549 561/561/549 562/562/549
f 554/554/550 553/553/550 588/588/550
f 541/541/551 540/540/551 575/575/551
f 527/527/552 562/562/552 563/563/552
f 555/555/553 554/554/553 589/589/553
f 541/541/554 576/576/554 577/577/554
f 528/528/555 563/563/555 564/564/555
f 555/555/556 590/590/556 591/591/556
f 542/542/557 577/577/557 578/578/557
f 529/529/1305 564/564/1305 565/565/1305
f 556/556/559 591/591/559 592/592/559
f 544/544/560 543/543/560 578/578/560
f 531/531/561 530/530/561 565/565/561
f 545/545/563 544/544/563 579/579/563
f 531/531/564 566/566/564 567/567/564
f 545/545/565 580/580/565 581/581/565
f 532/532/566 567/567/566 568/568/566
f 547/547/567 546/546/567 581/581/567
f 534/534/568 533/533/568 568/568/568
f 548/548/569 547/547/569 582/582/569
f 534/534/570 569/569/570 570/570/570
f 548/548/571 583/583/571 584/584/571
f 536/536/572 535/535/572 570/570/572
f 549/549/574 584/584/574 585/585/574
f 536/536/575 571/571/575 572/572/575
f 524/524/576 523/523/576 558/558/576
f 580/580/577 579/579/577 614/614/577
f 566/566/578 601/601/578 602/602/578
f 580/580/579 615/615/579 616/616/579
f 567/567/580 602/602/580 603/603/580
f 582/582/581 581/581/581 616/616/581
f 569/569/582 568/568/582 603/603/582
f 583/583/583 582/582/583 617/617/583
f 569/569/584 604/604/584 605/605/584
f 583/583/585 618/618/585 619/619/585
f 570/570/1306 605/605/1306 606/606/1306
f 585/585/588 584/584/588 619/619/588
f 571/571/589 606/606/589 607/607/589
f 559/559/590 558/558/590 593/593/590
f 586/586/591 585/585/591 620/620/591
f 572/572/592 607/607/592 608/608/592
f 559/559/593 594/594/593 595/595/593
f 586/586/594 621/621/594 622/622/594
f 573/573/595 608/608/595 609/609/595
f 561/561/596 560/560/596 595/595/596
f 588/588/597 587/587/597 622/622/597
f 574/574/598 609/609/598 610/610/598
f 562/562/599 561/561/599 596/596/599
f 588/588/1307 623/623/1307 624/624/1307
f 576/576/601 575/575/601 610/610/601
f 563/563/602 562/562/602 597/597/602
f 590/590/603 589/589/603 624/624/603
f 576/576/604 611/611/604 612/612/604
f 563/563/605 598/598/605 599/599/605
f 590/590/606 625/625/606 626/626/606
f 577/577/607 612/612/607 613/613/607
f 564/564/608 599/599/608 600/600/608
f 591/591/609 626/626/609 627/627/609
f 579/579/610 578/578/610 613/613/610
f 566/566/611 565/565/611 600/600/611
f 608/608/613 643/643/613 644/644/613
f 596/596/614 595/595/614 630/630/614
f 623/623/615 622/622/615 657/657/615
f 609/609/616 644/644/616 645/645/616
f 597/597/617 596/596/617 631/631/617
f 623/623/618 658/658/618 659/659/618
f 611/611/619 610/610/619 645/645/619
f 598/598/620 597/597/620 632/632/620
f 625/625/621 624/624/621 659/659/621
f 611/611/622 646/646/622 647/647/622
f 598/598/623 633/633/623 634/634/623
f 625/625/624 660/660/624 661/661/624
f 612/612/625 647/647/625 648/648/625
f 599/599/626 634/634/626 635/635/626
f 626/626/627 661/661/627 662/662/627
f 614/614/1308 613/613/1308 648/648/1308
f 601/601/629 600/600/629 635/635/629
f 615/615/631 614/614/631 649/649/631
f 601/601/632 636/636/632 637/637/632
f 615/615/633 650/650/633 651/651/633
f 602/602/1309 637/637/1309 638/638/1309
f 617/617/635 616/616/635 651/651/635
f 604/604/636 603/603/636 638/638/636
f 618/618/637 617/617/637 652/652/637
f 604/604/638 639/639/638 640/640/638
f 618/618/639 653/653/639 654/654/639
f 605/605/640 640/640/640 641/641/640
f 620/620/642 619/619/642 654/654/642
f 606/606/643 641/641/643 642/642/643
f 594/594/644 593/593/644 628/628/644
f 621/621/645 620/620/645 655/655/645
f 607/607/646 642/642/646 643/643/646
f 594/594/647 629/629/647 630/630/647
f 621/621/648 656/656/648 657/657/648
f 637/637/1310 672/672/1310 673/673/1310
f 652/652/650 651/651/650 686/686/650
f 639/639/651 638/638/651 673/673/651
f 653/653/652 652/652/652 687/687/652
f 639/639/653 674/674/653 675/675/653
f 653/653/654 688/688/654 689/689/654
f 641/641/655 640/640/655 675/675/655
f 654/654/657 689/689/657 690/690/657
f 641/641/1311 676/676/1311 677/677/1311
f 629/629/659 628/628/659 663/663/659
f 656/656/660 655/655/660 690/690/660
f 643/643/661 642/642/661 677/677/661
f 629/629/662 664/664/662 665/665/662
f 656/656/663 691/691/663 692/692/663
f 643/643/664 678/678/664 679/679/664
f 631/631/665 630/630/665 665/665/665
f 657/657/666 692/692/666 693/693/666
f 644/644/667 679/679/667 680/680/667
f 631/631/668 666/666/668 667/667/668
f 658/658/669 693/693/669 694/694/669
f 646/646/670 645/645/670 680/680/670
f 632/632/671 667/667/671 668/668/671
f 660/660/672 659/659/672 694/694/672
f 646/646/673 681/681/673 682/682/673
f 633/633/674 668/668/674 669/669/674
f 660/660/675 695/695/675 696/696/675
f 647/647/676 682/682/676 683/683/676
f 634/634/677 669/669/677 670/670/677
f 662/662/678 661/661/678 696/696/678
f 649/649/679 648/648/679 683/683/679
f 636/636/680 635/635/680 670/670/680
f 650/650/682 649/649/682 684/684/682
f 637/637/683 636/636/683 671/671/683
f 650/650/684 685/685/684 686/686/684
f 666/666/1312 701/701/1312 702/702/1312
f 693/693/686 728/728/686 729/729/686
f 681/681/687 680/680/687 715/715/687
f 667/667/688 702/702/688 703/703/688
f 695/695/689 694/694/689 729/729/689
f 681/681/690 716/716/690 717/717/690
f 668/668/691 703/703/691 704/704/691
f 695/695/692 730/730/692 731/731/692
f 682/682/693 717/717/693 718/718/693
f 669/669/694 704/704/694 705/705/694
f 696/696/695 731/731/695 732/732/695
f 684/684/696 683/683/696 718/718/696
f 671/671/697 670/670/697 705/705/697
f 685/685/699 684/684/699 719/719/699
f 671/671/700 706/706/700 707/707/700
f 685/685/701 720/720/701 721/721/701
f 672/672/702 707/707/702 708/708/702
f 687/687/703 686/686/703 721/721/703
f 674/674/704 673/673/704 708/708/704
f 688/688/705 687/687/705 722/722/705
f 674/674/706 709/709/706 710/710/706
f 688/688/707 723/723/707 724/724/707
f 675/675/708 710/710/708 711/711/708
f 690/690/710 689/689/710 724/724/710
f 676/676/711 711/711/711 712/712/711
f 664/664/712 663/663/712 698/698/712
f 691/691/713 690/690/713 725/725/713
f 677/677/714 712/712/714 713/713/714
f 665/665/715 664/664/715 699/699/715
f 691/691/716 726/726/716 727/727/716
f 678/678/717 713/713/717 714/714/717
f 665/665/718 700/700/718 701/701/718
f 693/693/719 692/692/719 727/727/719
f 679/679/720 714/714/720 715/715/720
f 723/723/721 722/722/721 757/757/721
f 709/709/722 744/744/722 745/745/722
f 723/723/723 758/758/723 759/759/723
f 711/711/724 710/710/724 745/745/724
f 725/725/726 724/724/726 759/759/726
f 711/711/727 746/746/727 747/747/727
f 698/698/728 733/733/728 734/734/728
f 725/725/729 760/760/729 761/761/729
f 712/712/730 747/747/730 748/748/730
f 699/699/731 734/734/731 735/735/731
f 726/726/732 761/761/732 762/762/732
f 713/713/733 748/748/733 749/749/733
f 701/701/734 700/700/734 735/735/734
f 728/728/735 727/727/735 762/762/735
f 714/714/736 749/749/736 750/750/736
f 702/702/737 701/701/737 736/736/737
f 728/728/738 763/763/738 764/764/738
f 716/716/739 715/715/739 750/750/739
f 703/703/740 702/702/740 737/737/740
f 730/730/741 729/729/741 764/764/741
f 716/716/742 751/751/742 752/752/742
f 703/703/743 738/738/743 739/739/743
f 730/730/744 765/765/744 766/766/744
f 717/717/745 752/752/745 753/753/745
f 704/704/1313 739/739/1313 740/740/1313
f 731/731/747 766/766/747 767/767/747
f 719/719/748 718/718/748 753/753/748
f 706/706/749 705/705/749 740/740/749
f 720/720/751 719/719/751 754/754/751
f 706/706/752 741/741/752 742/742/752
f 720/720/753 755/755/753 756/756/753
f 707/707/754 742/742/754 743/743/754
f 722/722/755 721/721/755 756/756/755
f 709/709/756 708/708/756 743/743/756
f 751/751/757 786/786/757 787/787/757
f 738/738/758 773/773/758 774/774/758
f 765/765/759 800/800/759 801/801/759
f 752/752/760 787/787/760 788/788/760
f 739/739/761 774/774/761 775/775/761
f 766/766/762 801/801/762 802/802/762
f 754/754/763 753/753/763 788/788/763
f 741/741/764 740/740/764 775/775/764
f 755/755/766 754/754/766 789/789/766
f 741/741/767 776/776/767 777/777/767
f 755/755/768 790/790/768 791/791/768
f 742/742/769 777/777/769 778/778/769
f 757/757/770 756/756/770 791/791/770
f 744/744/771 743/743/771 778/778/771
f 758/758/772 757/757/772 792/792/772
f 744/744/773 779/779/773 780/780/773
f 758/758/774 793/793/774 794/794/774
f 746/746/775 745/745/775 780/780/775
f 759/759/777 794/794/777 795/795/777
f 746/746/778 781/781/778 782/782/778
f 733/733/779 768/768/779 769/769/779
f 761/761/780 760/760/780 795/795/780
f 748/748/781 747/747/781 782/782/781
f 734/734/782 769/769/782 770/770/782
f 761/761/783 796/796/783 797/797/783
f 748/748/784 783/783/784 784/784/784
f 736/736/785 735/735/785 770/770/785
f 763/763/786 762/762/786 797/797/786
f 749/749/787 784/784/787 785/785/787
f 736/736/788 771/771/788 772/772/788
f 764/764/789 763/763/789 798/798/789
f 751/751/790 750/750/790 785/785/790
f 737/737/791 772/772/791 773/773/791
f 765/765/792 764/764/792 799/799/792
f 781/781/793 780/780/793 815/815/793
f 794/794/795 829/829/795 830/830/795
f 781/781/796 816/816/796 817/817/796
f 768/768/797 803/803/797 804/804/797
f 796/796/798 795/795/798 830/830/798
f 783/783/799 782/782/799 817/817/799
f 769/769/800 804/804/800 805/805/800
f 796/796/801 831/831/801 832/832/801
f 783/783/802 818/818/802 819/819/802
f 770/770/803 805/805/803 806/806/803
f 798/798/804 797/797/804 832/832/804
f 785/785/805 784/784/805 819/819/805
f 771/771/806 806/806/806 807/807/806
f 798/798/807 833/833/807 834/834/807
f 786/786/808 785/785/808 820/820/808
f 772/772/809 807/807/809 808/808/809
f 800/800/810 799/799/810 834/834/810
f 786/786/811 821/821/811 822/822/811
f 773/773/812 808/808/812 809/809/812
f 800/800/813 835/835/813 836/836/813
f 787/787/814 822/822/814 823/823/814
f 774/774/815 809/809/815 810/810/815
f 801/801/816 836/836/816 837/837/816
f 789/789/817 788/788/817 823/823/817
f 776/776/818 775/775/818 810/810/818
f 790/790/820 789/789/820 824/824/820
f 776/776/821 811/811/821 812/812/821
f 790/790/822 825/825/822 826/826/822
f 777/777/823 812/812/823 813/813/823
f 792/792/824 791/791/824 826/826/824
f 779/779/825 778/778/825 813/813/825
f 793/793/826 792/792/826 827/827/826
f 779/779/827 814/814/827 815/815/827
f 793/793/828 828/828/828 829/829/828
f 806/806/829 841/841/829 842/842/829
f 833/833/830 868/868/830 869/869/830
f 821/821/831 820/820/831 855/855/831
f 807/807/832 842/842/832 843/843/832
f 835/835/833 834/834/833 869/869/833
f 822/822/834 821/821/834 856/856/834
f 808/808/835 843/843/835 844/844/835
f 835/835/836 870/870/836 871/871/836
f 822/822/837 857/857/837 858/858/837
f 809/809/838 844/844/838 845/845/838
f 836/836/839 871/871/839 872/872/839
f 824/824/840 823/823/840 858/858/840
f 811/811/841 810/810/841 845/845/841
f 825/825/843 824/824/843 859/859/843
f 811/811/844 846/846/844 847/847/844
f 825/825/845 860/860/845 861/861/845
f 812/812/846 847/847/846 848/848/846
f 827/827/847 826/826/847 861/861/847
f 814/814/848 813/813/848 848/848/848
f 828/828/849 827/827/849 862/862/849
f 814/814/850 849/849/850 850/850/850
f 828/828/851 863/863/851 864/864/851
f 816/816/852 815/815/852 850/850/852
f 829/829/854 864/864/854 865/865/854
f 816/816/855 851/851/855 852/852/855
f 804/804/856 803/803/856 838/838/856
f 831/831/857 830/830/857 865/865/857
f 818/818/858 817/817/858 852/852/858
f 804/804/859 839/839/859 840/840/859
f 831/831/860 866/866/860 867/867/860
f 818/818/861 853/853/861 854/854/861
f 805/805/862 840/840/862 841/841/862
f 833/833/863 832/832/863 867/867/863
f 820/820/864 819/819/864 854/854/864
f 863/863/865 862/862/865 897/897/865
f 849/849/866 884/884/866 885/885/866
f 863/863/867 898/898/867 899/899/867
f 850/850/868 885/885/868 886/886/868
f 864/864/870 899/899/870 900/900/870
f 851/851/871 886/886/871 887/887/871
f 839/839/872 838/838/872 873/873/872
f 866/866/873 865/865/873 900/900/873
f 853/853/874 852/852/874 887/887/874
f 840/840/875 839/839/875 874/874/875
f 867/867/876 866/866/876 901/901/876
f 853/853/877 888/888/877 889/889/877
f 840/840/878 875/875/878 876/876/878
f 868/868/879 867/867/879 902/902/879
f 855/855/880 854/854/880 889/889/880
f 841/841/881 876/876/881 877/877/881
f 868/868/882 903/903/882 904/904/882
f 856/856/883 855/855/883 890/890/883
f 842/842/884 877/877/884 878/878/884
f 870/870/885 869/869/885 904/904/885
f 857/857/886 856/856/886 891/891/886
f 843/843/887 878/878/887 879/879/887
f 870/870/888 905/905/888 906/906/888
f 857/857/889 892/892/889 893/893/889
f 844/844/1314 879/879/1314 880/880/1314
f 872/872/891 871/871/891 906/906/891
f 859/859/892 858/858/892 893/893/892
f 846/846/893 845/845/893 880/880/893
f 860/860/895 859/859/895 894/894/895
f 846/846/896 881/881/896 882/882/896
f 860/860/897 895/895/897 896/896/897
f 847/847/898 882/882/898 883/883/898
f 862/862/899 861/861/899 896/896/899
f 849/849/900 848/848/900 883/883/900
f 905/905/901 904/904/901 939/939/901
f 891/891/902 926/926/902 927/927/902
f 878/878/903 913/913/903 914/914/903
f 905/905/904 940/940/904 941/941/904
f 892/892/905 927/927/905 928/928/905
f 879/879/906 914/914/906 915/915/906
f 906/906/907 941/941/907 942/942/907
f 894/894/908 893/893/908 928/928/908
f 881/881/909 880/880/909 915/915/909
f 895/895/911 894/894/911 929/929/911
f 881/881/912 916/916/912 917/917/912
f 895/895/913 930/930/913 931/931/913
f 882/882/914 917/917/914 918/918/914
f 897/897/915 896/896/915 931/931/915
f 884/884/916 883/883/916 918/918/916
f 898/898/917 897/897/917 932/932/917
f 884/884/918 919/919/918 920/920/918
f 898/898/919 933/933/919 934/934/919
f 886/886/920 885/885/920 920/920/920
f 900/900/922 899/899/922 934/934/922
f 886/886/923 921/921/923 922/922/923
f 873/873/924 908/908/924 909/909/924
f 901/901/925 900/900/925 935/935/925
f 888/888/926 887/887/926 922/922/926
f 874/874/927 909/909/927 910/910/927
f 901/901/928 936/936/928 937/937/928
f 888/888/929 923/923/929 924/924/929
f 875/875/930 910/910/930 911/911/930
f 903/903/931 902/902/931 937/937/931
f 890/890/932 889/889/932 924/924/932
f 876/876/933 911/911/933 912/912/933
f 903/903/934 938/938/934 939/939/934
f 891/891/935 890/890/935 925/925/935
f 877/877/936 912/912/936 913/913/936
f 933/933/937 968/968/937 969/969/937
f 921/921/938 920/920/938 955/955/938
f 935/935/940 934/934/940 969/969/940
f 921/921/1315 956/956/1315 957/957/1315
f 908/908/942 943/943/942 944/944/942
f 936/936/943 935/935/943 970/970/943
f 923/923/944 922/922/944 957/957/944
f 909/909/945 944/944/945 945/945/945
f 936/936/946 971/971/946 972/972/946
f 923/923/947 958/958/947 959/959/947
f 910/910/948 945/945/948 946/946/948
f 938/938/949 937/937/949 972/972/949
f 925/925/950 924/924/950 959/959/950
f 911/911/951 946/946/951 947/947/951
f 938/938/952 973/973/952 974/974/952
f 926/926/953 925/925/953 960/960/953
f 912/912/954 947/947/954 948/948/954
f 940/940/955 939/939/955 974/974/955
f 926/926/956 961/961/956 962/962/956
f 913/913/957 948/948/957 949/949/957
f 941/941/958 940/940/958 975/975/958
f 927/927/959 962/962/959 963/963/959
f 914/914/960 949/949/960 950/950/960
f 941/941/961 976/976/961 977/977/961
f 929/929/962 928/928/962 963/963/962
f 916/916/963 915/915/963 950/950/963
f 930/930/965 929/929/965 964/964/965
f 916/916/966 951/951/966 952/952/966
f 930/930/967 965/965/967 966/966/967
f 917/917/1316 952/952/1316 953/953/1316
f 932/932/969 931/931/969 966/966/969
f 919/919/970 918/918/970 953/953/970
f 933/933/1317 932/932/1317 967/967/1317
f 919/919/972 954/954/972 955/955/972
f 962/962/973 997/997/973 998/998/973
f 949/949/974 984/984/974 985/985/974
f 976/976/975 1011/1011/975 1012/1012/975
f 964/964/976 963/963/976 998/998/976
f 951/951/977 950/950/977 985/985/977
f 965/965/979 964/964/979 999/999/979
f 951/951/980 986/986/980 987/987/980
f 965/965/981 1000/1000/981 1001/1001/981
f 952/952/982 987/987/982 988/988/982
f 967/967/983 966/966/983 1001/1001/983
f 954/954/984 953/953/984 988/988/984
f 968/968/985 967/967/985 1002/1002/985
f 954/954/986 989/989/986 990/990/986
f 968/968/987 1003/1003/987 1004/1004/987
f 956/956/988 955/955/988 990/990/988
f 969/969/990 1004/1004/990 1005/1005/990
f 956/956/991 991/991/991 992/992/991
f 943/943/992 978/978/992 979/979/992
f 970/970/993 1005/1005/993 1006/1006/993
f 958/958/994 957/957/994 992/992/994
f 944/944/995 979/979/995 980/980/995
f 972/972/996 971/971/996 1006/1006/996
f 958/958/997 993/993/997 994/994/997
f 945/945/998 980/980/998 981/981/998
f 973/973/999 972/972/999 1007/1007/999
f 960/960/1000 959/959/1000 994/994/1000
f 946/946/1001 981/981/1001 982/982/1001
f 973/973/1002 1008/1008/1002 1009/1009/1002
f 961/961/1003 960/960/1003 995/995/1003
f 947/947/1004 982/982/1004 983/983/1004
f 975/975/1005 974/974/1005 1009/1009/1005
f 961/961/1006 996/996/1006 997/997/1006
f 948/948/1007 983/983/1007 984/984/1007
f 975/975/1008 1010/1010/1008 1011/1011/1008
f 991/991/1009 1026/1026/1009 1027/1027/1009
f 979/979/1010 978/978/1010 1013/1013/1010
f 1006/1006/1011 1005/1005/1011 1040/1040/1011
f 993/993/1012 992/992/1012 1027/1027/1012
f 979/979/1013 1014/1014/1013 1015/1015/1013
f 1007/1007/1014 1006/1006/1014 1041/1041/1014
f 993/993/1015 1028/1028/1015 1029/1029/1015
f 980/980/1016 1015/1015/1016 1016/1016/1016
f 1008/1008/1017 1007/1007/1017 1042/1042/1017
f 995/995/1018 994/994/1018 1029/1029/1018
f 981/981/1019 1016/1016/1019 1017/1017/1019
f 1008/1008/1020 1043/1043/1020 1044/1044/1020
f 996/996/1021 995/995/1021 1030/1030/1021
f 982/982/1022 1017/1017/1022 1018/1018/1022
f 1010/1010/1023 1009/1009/1023 1044/1044/1023
f 996/996/1024 1031/1031/1024 1032/1032/1024
f 983/983/1025 1018/1018/1025 1019/1019/1025
f 1010/1010/1026 1045/1045/1026 1046/1046/1026
f 997/997/1027 1032/1032/1027 1033/1033/1027
f 984/984/1028 1019/1019/1028 1020/1020/1028
f 1012/1012/1029 1011/1011/1029 1046/1046/1029
f 999/999/1030 998/998/1030 1033/1033/1030
f 986/986/1031 985/985/1031 1020/1020/1031
f 1000/1000/1033 999/999/1033 1034/1034/1033
f 986/986/1034 1021/1021/1034 1022/1022/1034
f 1000/1000/1035 1035/1035/1035 1036/1036/1035
f 987/987/1036 1022/1022/1036 1023/1023/1036
f 1002/1002/1037 1001/1001/1037 1036/1036/1037
f 989/989/1038 988/988/1038 1023/1023/1038
f 1003/1003/1039 1002/1002/1039 1037/1037/1039
f 989/989/1040 1024/1024/1040 1025/1025/1040
f 1003/1003/1041 1038/1038/1041 1039/1039/1041
f 991/991/1042 990/990/1042 1025/1025/1042
f 1005/1005/1044 1004/1004/1044 1039/1039/1044
f 1021/1021/1045 1020/1020/1045 1055/1055/1045
f 1035/1035/1047 1034/1034/1047 1069/1069/1047
f 1021/1021/1048 1056/1056/1048 1057/1057/1048
f 1035/1035/1049 1070/1070/1049 1071/1071/1049
f 1022/1022/1050 1057/1057/1050 1058/1058/1050
f 1037/1037/1051 1036/1036/1051 1071/1071/1051
f 1024/1024/1052 1023/1023/1052 1058/1058/1052
f 1038/1038/1053 1037/1037/1053 1072/1072/1053
f 1024/1024/1054 1059/1059/1054 1060/1060/1054
f 1038/1038/1055 1073/1073/1055 1074/1074/1055
f 1026/1026/1056 1025/1025/1056 1060/1060/1056
f 1040/1040/1058 1039/1039/1058 1074/1074/1058
f 1026/1026/1059 1061/1061/1059 1062/1062/1059
f 1013/1013/1060 1048/1048/1060 1049/1049/1060
f 1041/1041/1318 1040/1040/1318 1075/1075/1318
f 1028/1028/1062 1027/1027/1062 1062/1062/1062
f 1014/1014/1063 1049/1049/1063 1050/1050/1063
f 1042/1042/1064 1041/1041/1064 1076/1076/1064
f 1028/1028/1065 1063/1063/1065 1064/1064/1065
f 1016/1016/1066 1015/1015/1066 1050/1050/1066
f 1043/1043/1067 1042/1042/1067 1077/1077/1067
f 1030/1030/1068 1029/1029/1068 1064/1064/1068
f 1016/1016/1069 1051/1051/1069 1052/1052/1069
f 1043/1043/1070 1078/1078/1070 1079/1079/1070
f 1031/1031/1071 1030/1030/1071 1065/1065/1071
f 1017/1017/1072 1052/1052/1072 1053/1053/1072
f 1045/1045/1073 1044/1044/1073 1079/1079/1073
f 1031/1031/1074 1066/1066/1074 1067/1067/1074
f 1018/1018/1075 1053/1053/1075 1054/1054/1075
f 1045/1045/1076 1080/1080/1076 1081/1081/1076
f 1032/1032/1077 1067/1067/1077 1068/1068/1077
f 1019/1019/1078 1054/1054/1078 1055/1055/1078
f 1046/1046/1079 1081/1081/1079 1082/1082/1079
f 1034/1034/1080 1033/1033/1080 1068/1068/1080
f 1049/1049/1081 1084/1084/1081 1085/1085/1081
f 1077/1077/1082 1076/1076/1082 1111/1111/1082
f 1063/1063/1083 1098/1098/1083 1099/1099/1083
f 1051/1051/1084 1050/1050/1084 1085/1085/1084
f 1078/1078/1085 1077/1077/1085 1112/1112/1085
f 1064/1064/1086 1099/1099/1086 1100/1100/1086
f 1051/1051/1087 1086/1086/1087 1087/1087/1087
f 1078/1078/1088 1113/1113/1088 1114/1114/1088
f 1066/1066/1089 1065/1065/1089 1100/1100/1089
f 1052/1052/1090 1087/1087/1090 1088/1088/1090
f 1080/1080/1091 1079/1079/1091 1114/1114/1091
f 1066/1066/1092 1101/1101/1092 1102/1102/1092
f 1053/1053/1093 1088/1088/1093 1089/1089/1093
f 1080/1080/1094 1115/1115/1094 1116/1116/1094
f 1067/1067/1095 1102/1102/1095 1103/1103/1095
f 1054/1054/1096 1089/1089/1096 1090/1090/1096
f 1081/1081/1097 1116/1116/1097 1117/1117/1097
f 1069/1069/1098 1068/1068/1098 1103/1103/1098
f 1056/1056/1099 1055/1055/1099 1090/1090/1099
f 1070/1070/1101 1069/1069/1101 1104/1104/1101
f 1056/1056/1102 1091/1091/1102 1092/1092/1102
f 1070/1070/1103 1105/1105/1103 1106/1106/1103
f 1058/1058/1104 1057/1057/1104 1092/1092/1104
f 1072/1072/1105 1071/1071/1105 1106/1106/1105
f 1059/1059/1106 1058/1058/1106 1093/1093/1106
f 1073/1073/1107 1072/1072/1107 1107/1107/1107
f 1059/1059/1108 1094/1094/1108 1095/1095/1108
f 1073/1073/1109 1108/1108/1109 1109/1109/1109
f 1061/1061/1110 1060/1060/1110 1095/1095/1110
f 1074/1074/1112 1109/1109/1112 1110/1110/1112
f 1061/1061/1113 1096/1096/1113 1097/1097/1113
f 1048/1048/1114 1083/1083/1114 1084/1084/1114
f 1076/1076/1115 1075/1075/1115 1110/1110/1115
f 1063/1063/1116 1062/1062/1116 1097/1097/1116
f 1105/1105/1117 1140/1140/1117 1141/1141/1117
f 1092/1092/1118 1127/1127/1118 1128/1128/1118
f 1107/1107/1119 1106/1106/1119 1141/1141/1119
f 1094/1094/1120 1093/1093/1120 1128/1128/1120
f 1108/1108/1121 1107/1107/1121 1142/1142/1121
f 1094/1094/1122 1129/1129/1122 1130/1130/1122
f 1108/1108/1123 1143/1143/1123 1144/1144/1123
f 1096/1096/1124 1095/1095/1124 1130/1130/1124
f 1109/1109/1126 1144/1144/1126 1145/1145/1126
f 1096/1096/1127 1131/1131/1127 1132/1132/1127
f 1083/1083/1128 1118/1118/1128 1119/1119/1128
f 1111/1111/1129 1110/1110/1129 1145/1145/1129
f 1098/1098/1130 1097/1097/1130 1132/1132/1130
f 1084/1084/1131 1119/1119/1131 1120/1120/1131
f 1111/1111/1132 1146/1146/1132 1147/1147/1132
f 1098/1098/1133 1133/1133/1133 1134/1134/1133
f 1085/1085/1134 1120/1120/1134 1121/1121/1134
f 1113/1113/1135 1112/1112/1135 1147/1147/1135
f 1099/1099/1136 1134/1134/1136 1135/1135/1136
f 1086/1086/1137 1121/1121/1137 1122/1122/1137
f 1113/1113/1138 1148/1148/1138 1149/1149/1138
f 1101/1101/1139 1100/1100/1139 1135/1135/1139
f 1087/1087/1140 1122/1122/1140 1123/1123/1140
f 1115/1115/1141 1114/1114/1141 1149/1149/1141
f 1102/1102/1142 1101/1101/1142 1136/1136/1142
f 1088/1088/1143 1123/1123/1143 1124/1124/1143
f 1115/1115/1144 1150/1150/1144 1151/1151/1144
f 1102/1102/1145 1137/1137/1145 1138/1138/1145
f 1089/1089/1146 1124/1124/1146 1125/1125/1146
f 1116/1116/1147 1151/1151/1147 1152/1152/1147
f 1104/1104/1148 1103/1103/1148 1138/1138/1148
f 1091/1091/1149 1090/1090/1149 1125/1125/1149
f 1105/1105/1151 1104/1104/1151 1139/1139/1151
f 1091/1091/1152 1126/1126/1152 1127/1127/1152
f 1134/1134/1153 1169/1169/1153 1170/1170/1153
f 1121/1121/1154 1156/1156/1154 1157/1157/1154
f 1148/1148/1155 1183/1183/1155 1184/1184/1155
f 1136/1136/1156 1135/1135/1156 1170/1170/1156
f 1122/1122/1157 1157/1157/1157 1158/1158/1157
f 1150/1150/1158 1149/1149/1158 1184/1184/1158
f 1137/1137/1159 1136/1136/1159 1171/1171/1159
f 1123/1123/1160 1158/1158/1160 1159/1159/1160
f 1150/1150/1161 1185/1185/1161 1186/1186/1161
f 1137/1137/1162 1172/1172/1162 1173/1173/1162
f 1124/1124/1163 1159/1159/1163 1160/1160/1163
f 1151/1151/1164 1186/1186/1164 1187/1187/1164
f 1139/1139/1165 1138/1138/1165 1173/1173/1165
f 1126/1126/1166 1125/1125/1166 1160/1160/1166
f 1140/1140/1168 1139/1139/1168 1174/1174/1168
f 1126/1126/1169 1161/1161/1169 1162/1162/1169
f 1140/1140/1170 1175/1175/1170 1176/1176/1170
f 1127/1127/1171 1162/1162/1171 1163/1163/1171
f 1142/1142/1172 1141/1141/1172 1176/1176/1172
f 1129/1129/1173 1128/1128/1173 1163/1163/1173
f 1143/1143/1174 1142/1142/1174 1177/1177/1174
f 1129/1129/1175 1164/1164/1175 1165/1165/1175
f 1143/1143/1176 1178/1178/1176 1179/1179/1176
f 1131/1131/1177 1130/1130/1177 1165/1165/1177
f 1145/1145/1179 1144/1144/1179 1179/1179/1179
f 1131/1131/1180 1166/1166/1180 1167/1167/1180
f 1118/1118/1181 1153/1153/1181 1154/1154/1181
f 1146/1146/1182 1145/1145/1182 1180/1180/1182
f 1133/1133/1183 1132/1132/1183 1167/1167/1183
f 1119/1119/1184 1154/1154/1184 1155/1155/1184
f 1146/1146/1185 1181/1181/1185 1182/1182/1185
f 1133/1133/1186 1168/1168/1186 1169/1169/1186
f 1120/1120/1187 1155/1155/1187 1156/1156/1187
f 1148/1148/1188 1147/1147/1188 1182/1182/1188
f 1164/1164/1189 1163/1163/1189 1198/1198/1189
f 1178/1178/1190 1177/1177/1190 1212/1212/1190
f 1164/1164/1191 1199/1199/1191 1200/1200/1191
f 1178/1178/1192 1213/1213/1192 1214/1214/1192
f 1166/1166/1193 1165/1165/1193 1200/1200/1193
f 1180/1180/1195 1179/1179/1195 1214/1214/1195
f 1166/1166/1196 1201/1201/1196 1202/1202/1196
f 1153/1153/1197 1188/1188/1197 1189/1189/1197
f 1180/1180/1198 1215/1215/1198 1216/1216/1198
f 1168/1168/1199 1167/1167/1199 1202/1202/1199
f 1154/1154/1200 1189/1189/1200 1190/1190/1200
f 1181/1181/1201 1216/1216/1201 1217/1217/1201
f 1168/1168/1202 1203/1203/1202 1204/1204/1202
f 1156/1156/1203 1155/1155/1203 1190/1190/1203
f 1183/1183/1204 1182/1182/1204 1217/1217/1204
f 1169/1169/1205 1204/1204/1205 1205/1205/1205
f 1157/1157/1206 1156/1156/1206 1191/1191/1206
f 1183/1183/1207 1218/1218/1207 1219/1219/1207
f 1171/1171/1208 1170/1170/1208 1205/1205/1208
f 1157/1157/1209 1192/1192/1209 1193/1193/1209
f 1185/1185/1210 1184/1184/1210 1219/1219/1210
f 1171/1171/1211 1206/1206/1211 1207/1207/1211
f 1158/1158/1212 1193/1193/1212 1194/1194/1212
f 1185/1185/1213 1220/1220/1213 1221/1221/1213
f 1172/1172/1214 1207/1207/1214 1208/1208/1214
f 1159/1159/1215 1194/1194/1215 1195/1195/1215
f 1187/1187/1216 1186/1186/1216 1221/1221/1216
f 1174/1174/1217 1173/1173/1217 1208/1208/1217
f 1161/1161/1218 1160/1160/1218 1195/1195/1218
f 1175/1175/1220 1174/1174/1220 1209/1209/1220
f 1161/1161/1221 1196/1196/1221 1197/1197/1221
f 1175/1175/1222 1210/1210/1222 1211/1211/1222
f 1162/1162/1223 1197/1197/1223 1198/1198/1223
f 1177/1177/1224 1176/1176/1224 1211/1211/1224
f 1192/1192/1225 1227/1227/1225 1228/1228/1225
f 1220/1220/1226 1219/1219/1226 1254/1254/1226
f 1207/1207/1227 1206/1206/1227 1241/1241/1227
f 1193/1193/1228 1228/1228/1228 1229/1229/1228
f 1221/1221/1229 1220/1220/1229 1255/1255/1229
f 1207/1207/1230 1242/1242/1230 1243/1243/1230
f 1194/1194/1231 1229/1229/1231 1230/1230/1231
f 1221/1221/1232 1256/1256/1232 1257/1257/1232
f 1209/1209/1233 1208/1208/1233 1243/1243/1233
f 1196/1196/1234 1195/1195/1234 1230/1230/1234
f 1210/1210/1319 1209/1209/1319 1244/1244/1319
f 1196/1196/1237 1231/1231/1237 1232/1232/1237
f 1210/1210/1238 1245/1245/1238 1246/1246/1238
f 1197/1197/1239 1232/1232/1239 1233/1233/1239
f 1212/1212/1240 1211/1211/1240 1246/1246/1240
f 1199/1199/1241 1198/1198/1241 1233/1233/1241
f 1213/1213/1242 1212/1212/1242 1247/1247/1242
f 1199/1199/1243 1234/1234/1243 1235/1235/1243
f 1213/1213/1244 1248/1248/1244 1249/1249/1244
f 1201/1201/1245 1200/1200/1245 1235/1235/1245
f 1215/1215/1247 1214/1214/1247 1249/1249/1247
f 1201/1201/1248 1236/1236/1248 1237/1237/1248
f 1188/1188/1249 1223/1223/1249 1224/1224/1249
f 1215/1215/1250 1250/1250/1250 1251/1251/1250
f 1203/1203/1251 1202/1202/1251 1237/1237/1251
f 1189/1189/1252 1224/1224/1252 1225/1225/1252
f 1216/1216/1253 1251/1251/1253 1252/1252/1253
f 1203/1203/1254 1238/1238/1254 1239/1239/1254
f 1191/1191/1255 1190/1190/1255 1225/1225/1255
f 1218/1218/1256 1217/1217/1256 1252/1252/1256
f 1204/1204/1257 1239/1239/1257 1240/1240/1257
f 1191/1191/1258 1226/1226/1258 1227/1227/1258
f 1218/1218/1259 1253/1253/1259 1254/1254/1259
f 1206/1206/1260 1205/1205/1260 1240/1240/1260
f 1248/1248/1261 21/21/1261 22/22/1261
f 1236/1236/1262 1235/1235/1262 10/10/1262
f 1249/1249/1264 22/22/1264 23/23/1264
f 1236/1236/1320 11/11/1320 1261/1261/1320
f 1224/1224/1266 1223/1223/1266 1/1/1266
f 1250/1250/1267 23/23/1267 24/24/1267
f 1238/1238/1268 1237/1237/1268 1261/1261/1268
f 1225/1225/1269 1224/1224/1269 2/2/1269
f 1251/1251/1270 24/24/1270 25/25/1270
f 1238/1238/1271 12/12/1271 13/13/1271
f 1226/1226/1272 1225/1225/1272 1258/1258/1272
f 1252/1252/1273 25/25/1273 26/26/1273
f 1240/1240/1321 1239/1239/1321 13/13/1321
f 1227/1227/1275 1226/1226/1275 3/3/1275
f 1253/1253/1276 26/26/1276 27/27/1276
f 1240/1240/1322 1262/1262/1322 14/14/1322
f 1228/1228/1278 1227/1227/1278 1259/1259/1278
f 1254/1254/1279 27/27/1279 28/28/1279
f 1241/1241/1280 14/14/1280 15/15/1280
f 1229/1229/1281 1228/1228/1281 4/4/1281
f 1255/1255/1282 28/28/1282 29/29/1282
f 1242/1242/1283 15/15/1283 16/16/1283
f 1230/1230/1284 1229/1229/1284 5/5/1284
f 1256/1256/1285 29/29/1285 30/30/1285
f 1243/1243/1286 16/16/1286 17/17/1286
f 1231/1231/1287 1230/1230/1287 1260/1260/1287
f 1244/1244/1289 17/17/1289 18/18/1289
f 1232/1232/1290 1231/1231/1290 6/6/1290
f 1245/1245/1291 18/18/1291 19/19/1291
f 1233/1233/1292 1232/1232/1292 7/7/1292
f 1246/1246/1293 19/19/1293 20/20/1293
f 1234/1234/1294 1233/1233/1294 8/8/1294
f 1247/1247/1323 20/20/1323 21/21/1323
f 1235/1235/1296 1234/1234/1296 9/9/1296
